gene_idx,KMeans_cluster,Agglomerative_cluster
0,3,3
1,2,3
2,4,1
3,2,0
4,3,0
5,2,2
6,2,3
7,2,3
8,2,3
9,2,3
10,2,3
11,4,3
12,4,1
13,4,0
14,4,1
15,3,0
16,2,3
17,0,1
18,2,3
19,2,1
20,4,0
21,4,2
22,4,3
23,0,1
24,4,3
25,3,3
26,2,0
27,2,3
28,2,3
29,2,3
30,2,3
31,2,3
32,2,0
33,4,1
34,0,1
35,0,1
36,2,3
37,0,1
38,3,0
39,3,1
40,4,3
41,4,0
42,4,3
43,2,3
44,3,0
45,4,1
46,4,3
47,4,1
48,4,1
49,3,0
50,2,1
51,1,0
52,3,0
53,3,0
54,4,3
55,2,3
56,2,3
57,0,1
58,3,0
59,3,0
60,2,3
61,4,1
62,2,3
63,2,1
64,2,3
65,4,3
66,2,3
67,2,3
68,2,1
69,2,3
70,2,3
71,4,1
72,1,2
73,1,2
74,1,2
75,3,0
76,2,3
77,4,3
78,2,1
79,3,0
80,2,3
81,3,0
82,2,3
83,3,0
84,2,3
85,2,3
86,2,3
87,2,0
88,2,0
89,4,0
90,4,0
91,4,0
92,3,0
93,3,0
94,3,0
95,2,3
96,4,0
97,2,3
98,2,3
99,2,3
100,2,3
101,2,3
102,2,3
103,4,2
104,2,0
105,2,3
106,2,3
107,0,0
108,0,1
109,0,1
110,2,1
111,4,0
112,1,2
113,1,2
114,0,1
115,2,1
116,4,3
117,2,1
118,4,1
119,3,0
120,2,0
121,1,2
122,4,1
123,4,0
124,4,3
125,2,3
126,0,3
127,3,0
128,2,3
129,3,0
130,2,3
131,2,3
132,0,1
133,4,1
134,3,0
135,2,0
136,0,1
137,2,3
138,2,3
139,0,1
140,0,1
141,2,3
142,4,0
143,2,3
144,4,1
145,4,1
146,2,3
147,1,2
148,4,1
149,2,3
150,4,3
151,0,1
152,2,3
153,3,0
154,2,3
155,4,0
156,0,1
157,4,3
158,4,3
159,3,0
160,2,3
161,2,3
162,3,0
163,2,3
164,4,1
165,4,1
166,0,1
167,2,3
168,4,0
169,4,3
170,3,0
171,4,1
172,4,3
173,0,3
174,0,1
175,4,2
176,3,0
177,2,3
178,4,3
179,2,3
180,2,3
181,4,3
182,2,3
183,0,1
184,0,1
185,2,3
186,4,3
187,3,0
188,4,0
189,4,1
190,3,0
191,4,1
192,4,1
193,4,0
194,4,0
195,4,1
196,2,3
197,2,3
198,3,3
199,4,1
200,4,3
201,2,3
202,3,0
203,4,3
204,0,1
205,2,3
206,2,3
207,4,3
208,2,3
209,2,3
210,4,1
211,4,0
212,4,0
213,3,0
214,2,3
215,4,3
216,3,0
217,4,3
218,4,1
219,4,1
220,4,1
221,2,0
222,2,3
223,2,3
224,1,4
225,1,4
226,1,4
227,3,0
228,2,3
229,3,0
230,2,3
231,2,3
232,3,0
233,4,3
234,4,3
235,1,2
236,1,2
237,4,0
238,2,3
239,2,3
240,2,3
241,2,3
242,4,1
243,4,0
244,4,0
245,4,1
246,2,3
247,2,3
248,2,3
249,2,3
250,4,3
251,4,1
252,3,0
253,2,1
254,3,0
255,4,3
256,4,3
257,4,1
258,0,1
259,4,1
260,2,3
261,2,3
262,0,1
263,4,0
264,4,1
265,4,0
266,4,0
267,4,0
268,2,3
269,4,0
270,4,2
271,4,3
272,4,1
273,2,3
274,3,0
275,2,2
276,2,1
277,4,1
278,3,0
279,2,0
280,3,0
281,3,0
282,3,0
283,0,3
284,3,0
285,4,3
286,2,1
287,3,0
288,4,1
289,0,1
290,3,0
291,4,3
292,2,3
293,2,3
294,2,3
295,3,0
296,2,3
297,4,1
298,1,2
299,1,4
300,3,0
301,1,2
302,2,3
303,2,3
304,2,3
305,2,3
306,4,2
307,0,1
308,4,1
309,4,1
310,4,1
311,3,4
312,0,1
313,0,1
314,4,0
315,4,0
316,0,2
317,1,2
318,1,2
319,4,0
320,4,0
321,4,1
322,3,0
323,0,0
324,4,3
325,2,3
326,2,3
327,3,0
328,1,2
329,2,3
330,2,3
331,2,3
332,4,3
333,2,3
334,0,1
335,2,3
336,4,3
337,4,3
338,1,3
339,4,0
340,2,3
341,3,3
342,4,3
343,4,1
344,2,3
345,4,1
346,3,0
347,3,0
348,4,1
349,2,3
350,2,3
351,4,1
352,3,0
353,4,1
354,2,3
355,4,3
356,3,0
357,4,0
358,3,3
359,2,3
360,4,1
361,2,3
362,3,0
363,4,1
364,4,3
365,4,0
366,2,3
367,2,0
368,3,0
369,3,0
370,2,3
371,2,3
372,0,1
373,0,1
374,2,3
375,3,0
376,2,3
377,3,0
378,2,0
379,3,0
380,4,3
381,3,0
382,4,3
383,4,1
384,0,3
385,0,1
386,4,1
387,3,3
388,1,4
389,4,0
390,4,3
391,1,2
392,4,0
393,0,2
394,4,3
395,4,1
396,2,3
397,2,3
398,2,3
399,2,3
400,3,0
401,3,3
402,0,3
403,4,1
404,3,0
405,2,0
406,4,1
407,3,1
408,4,0
409,2,3
410,4,1
411,2,3
412,4,1
413,2,3
414,3,0
415,2,3
416,3,0
417,2,3
418,4,0
419,2,3
420,0,1
421,2,3
422,4,1
423,2,0
424,4,3
425,2,3
426,4,1
427,3,0
428,4,1
429,4,1
430,3,0
431,3,1
432,2,0
433,3,0
434,3,1
435,3,0
436,4,1
437,4,1
438,3,0
439,2,3
440,2,3
441,2,3
442,4,0
443,3,0
444,2,3
445,3,0
446,2,3
447,2,3
448,2,3
449,4,0
450,0,3
451,2,3
452,4,0
453,4,0
454,3,1
455,2,1
456,4,1
457,4,0
458,4,1
459,4,3
460,3,1
461,3,3
462,2,3
463,2,1
464,4,3
465,3,0
466,2,3
467,4,3
468,2,3
469,0,1
470,2,3
471,2,3
472,3,0
473,4,1
474,4,1
475,2,1
476,4,1
477,4,1
478,0,1
479,4,1
480,4,0
481,2,3
482,4,1
483,0,2
484,4,3
485,2,3
486,2,1
487,3,0
488,4,3
489,2,3
490,2,3
491,2,3
492,2,3
493,2,3
494,4,1
495,2,3
496,4,1
497,0,1
498,0,1
499,4,0
500,3,0
501,2,3
502,0,1
503,2,0
504,3,1
505,4,3
506,4,2
507,4,1
508,2,2
509,2,3
510,2,3
511,3,0
512,4,2
513,2,0
514,2,1
515,2,3
516,2,0
517,3,0
518,3,0
519,4,1
520,2,0
521,2,1
522,0,1
523,2,3
524,2,3
525,2,3
526,4,1
527,2,3
528,2,1
529,2,3
530,2,3
531,2,3
532,2,3
533,2,0
534,2,3
535,2,3
536,2,3
537,2,3
538,2,3
539,2,3
540,2,1
541,2,3
542,4,1
543,2,3
544,4,3
545,4,1
546,4,1
547,4,1
548,4,3
549,2,1
550,4,1
551,0,3
552,0,3
553,2,3
554,1,2
555,1,2
556,1,2
557,3,0
558,2,3
559,2,3
560,4,3
561,0,3
562,4,0
563,0,3
564,4,3
565,3,0
566,2,0
567,3,0
568,0,1
569,0,1
570,3,1
571,4,0
572,3,0
573,4,2
574,3,0
575,4,0
576,4,1
577,4,3
578,4,3
579,2,3
580,2,3
581,4,1
582,4,3
583,4,3
584,3,1
585,0,1
586,0,1
587,0,3
588,2,3
589,3,0
590,0,3
591,0,1
592,1,2
593,1,2
594,4,1
595,4,1
596,3,0
597,2,3
598,2,3
599,0,3
600,3,1
601,2,3
602,2,3
603,2,3
604,2,3
605,0,3
606,0,1
607,2,3
608,2,3
609,4,1
610,2,3
611,2,3
612,2,3
613,3,0
614,2,1
615,4,1
616,2,3
617,2,3
618,4,3
619,4,0
620,3,0
621,3,0
622,4,1
623,2,3
624,0,3
625,3,3
626,3,0
627,3,0
628,3,0
629,3,0
630,2,3
631,2,3
632,0,1
633,2,3
634,2,3
635,2,3
636,2,3
637,2,3
638,3,0
639,2,3
640,4,0
641,4,0
642,4,1
643,2,3
644,4,1
645,4,1
646,2,3
647,3,0
648,4,1
649,3,0
650,0,1
651,4,1
652,4,3
653,4,2
654,0,3
655,2,3
656,4,1
657,2,0
658,2,3
659,2,3
660,2,3
661,3,0
662,2,1
663,3,0
664,2,3
665,4,1
666,0,1
667,4,1
668,0,1
669,0,3
670,0,1
671,4,1
672,4,0
673,0,1
674,0,1
675,0,1
676,0,1
677,2,1
678,0,3
679,2,1
680,3,0
681,3,0
682,2,3
683,2,3
684,1,2
685,2,3
686,4,1
687,2,3
688,4,1
689,4,0
690,3,0
691,0,1
692,4,3
693,3,0
694,2,3
695,2,1
696,0,3
697,3,1
698,2,3
699,4,1
700,2,0
701,2,3
702,4,1
703,2,3
704,2,1
705,0,1
706,3,0
707,2,3
708,0,3
709,3,0
710,2,3
711,2,3
712,2,3
713,0,1
714,2,3
715,2,3
716,2,3
717,2,3
718,4,3
719,2,3
720,2,0
721,3,0
722,2,3
723,2,3
724,2,3
725,2,3
726,2,3
727,3,0
728,3,0
729,2,3
730,2,1
731,2,3
732,0,3
733,2,3
734,2,3
735,2,3
736,4,3
737,4,1
738,4,3
739,3,0
740,4,3
741,4,0
742,0,3
743,3,0
744,2,3
745,4,0
746,4,3
747,4,1
748,0,3
749,2,3
750,1,2
751,2,3
752,2,3
753,2,3
754,3,3
755,2,3
756,1,2
757,1,2
758,1,2
759,4,3
760,2,3
761,0,1
762,2,3
763,2,3
764,0,3
765,1,2
766,3,1
767,3,1
768,3,0
769,3,0
770,3,0
771,3,0
772,3,0
773,3,3
774,3,0
775,4,3
776,3,0
777,2,3
778,0,1
779,2,0
780,2,3
781,2,0
782,2,3
783,2,3
784,2,3
785,2,3
786,2,3
787,4,1
788,0,1
789,0,1
790,0,1
791,3,1
792,3,1
793,2,3
794,3,0
795,4,1
796,2,3
797,2,3
798,0,1
799,0,1
800,2,3
801,4,3
802,2,3
803,1,2
804,2,3
805,2,3
806,4,3
807,2,2
808,0,1
809,2,1
810,0,1
811,0,1
812,0,1
813,4,0
814,4,0
815,3,0
816,4,3
817,4,3
818,4,1
819,4,3
820,3,0
821,4,3
822,0,3
823,0,1
824,2,3
825,2,3
826,3,0
827,2,3
828,2,3
829,2,1
830,0,1
831,2,3
832,4,1
833,3,0
834,3,0
835,2,0
836,4,1
837,3,1
838,4,1
839,3,0
840,4,1
841,1,2
842,1,2
843,1,2
844,1,2
845,3,0
846,2,3
847,2,3
848,3,0
849,1,2
850,1,2
851,1,2
852,2,3
853,1,2
854,2,0
855,2,3
856,2,3
857,2,3
858,3,0
859,0,1
860,0,1
861,3,0
862,2,3
863,2,0
864,4,1
865,3,4
866,3,0
867,3,0
868,4,1
869,0,1
870,2,3
871,3,3
872,3,0
873,3,3
874,3,0
875,1,4
876,3,0
877,0,3
878,4,1
879,0,1
880,3,0
881,4,0
882,3,3
883,2,3
884,4,1
885,0,1
886,4,0
887,2,1
888,4,1
889,4,3
890,4,0
891,4,1
892,4,1
893,3,0
894,4,0
895,2,3
896,3,0
897,0,1
898,3,3
899,0,3
900,0,1
901,0,1
902,0,1
903,2,3
904,0,3
905,1,2
906,0,2
907,2,2
908,2,3
909,4,0
910,3,0
911,2,1
912,1,2
913,1,2
914,4,1
915,4,1
916,0,1
917,3,0
918,3,0
919,2,0
920,4,0
921,2,3
922,2,3
923,3,0
924,2,3
925,2,3
926,2,3
927,2,3
928,3,4
929,2,3
930,3,0
931,0,1
932,2,3
933,4,0
934,4,1
935,2,3
936,2,3
937,3,0
938,0,3
939,4,0
940,0,1
941,4,1
942,4,0
943,2,3
944,4,0
945,2,3
946,1,2
947,4,1
948,3,0
949,2,3
950,0,1
951,4,0
952,2,3
953,3,0
954,4,3
955,3,1
956,0,1
957,0,1
958,2,3
959,2,0
960,1,2
961,4,1
962,0,3
963,2,3
964,4,0
965,2,0
966,4,1
967,3,0
968,2,3
969,2,2
970,2,2
971,3,0
972,3,0
973,4,0
974,4,3
975,4,3
976,1,2
977,2,0
978,3,1
979,4,3
980,2,3
981,4,3
982,2,0
983,3,3
984,2,3
985,4,1
986,3,0
987,3,0
988,2,3
989,4,3
990,2,1
991,2,3
992,2,3
993,2,3
994,2,0
995,2,3
996,2,3
997,2,0
998,3,0
999,0,1
1000,3,3
1001,2,3
1002,2,3
1003,2,3
1004,2,3
1005,4,1
1006,2,1
1007,2,3
1008,4,3
1009,4,1
1010,2,3
1011,4,0
1012,2,3
1013,4,3
1014,2,1
1015,2,3
1016,3,0
1017,2,3
1018,2,3
1019,2,3
1020,0,1
1021,0,2
1022,2,1
1023,2,3
1024,2,3
1025,2,3
1026,2,3
1027,0,3
1028,2,1
1029,3,0
1030,3,0
1031,4,3
1032,4,0
1033,4,0
1034,0,1
1035,4,3
1036,2,1
1037,3,0
1038,3,0
1039,2,3
1040,2,3
1041,0,3
1042,0,3
1043,4,1
1044,3,3
1045,2,3
1046,2,3
1047,3,0
1048,0,3
1049,2,0
1050,0,2
1051,4,1
1052,3,4
1053,4,3
1054,2,1
1055,2,3
1056,3,0
1057,0,1
1058,4,0
1059,4,1
1060,3,0
1061,4,1
1062,2,3
1063,2,3
1064,2,3
1065,2,3
1066,2,0
1067,2,3
1068,0,3
1069,2,3
1070,2,3
1071,3,0
1072,0,1
1073,2,3
1074,3,0
1075,2,3
1076,3,0
1077,3,0
1078,4,3
1079,2,3
1080,0,1
1081,4,0
1082,3,3
1083,4,1
1084,0,1
1085,3,3
1086,4,1
1087,2,3
1088,0,1
1089,4,1
1090,2,3
1091,4,2
1092,2,3
1093,2,3
1094,1,2
1095,2,3
1096,3,3
1097,2,3
1098,0,1
1099,2,3
1100,3,0
1101,4,1
1102,4,0
1103,2,3
1104,4,0
1105,2,3
1106,2,3
1107,0,1
1108,4,1
1109,4,1
1110,1,2
1111,2,3
1112,2,0
1113,3,0
1114,4,3
1115,2,3
1116,0,3
1117,0,1
1118,2,3
1119,3,0
1120,2,3
1121,2,3
1122,2,3
1123,2,2
1124,4,0
1125,2,3
1126,3,0
1127,4,3
1128,2,3
1129,2,3
1130,4,0
1131,4,0
1132,3,3
1133,4,3
1134,4,3
1135,4,3
1136,2,3
1137,2,3
1138,3,3
1139,2,1
1140,2,3
1141,1,0
1142,2,3
1143,4,0
1144,4,1
1145,3,0
1146,4,3
1147,4,1
1148,2,3
1149,0,1
1150,0,1
1151,3,1
1152,3,0
1153,0,3
1154,2,3
1155,4,0
1156,4,3
1157,4,3
1158,0,3
1159,4,3
1160,4,3
1161,4,3
1162,0,1
1163,0,3
1164,4,1
1165,3,0
1166,3,0
1167,4,1
1168,3,0
1169,0,3
1170,2,3
1171,4,0
1172,4,0
1173,4,1
1174,4,0
1175,3,0
1176,2,3
1177,2,3
1178,4,1
1179,4,1
1180,4,1
1181,2,1
1182,0,1
1183,4,1
1184,0,3
1185,4,1
1186,4,3
1187,4,3
1188,0,3
1189,3,0
1190,4,3
1191,2,3
1192,0,0
1193,0,3
1194,3,0
1195,3,1
1196,0,1
1197,4,1
1198,4,1
1199,4,3
1200,3,0
1201,3,0
1202,3,0
1203,4,1
1204,4,1
1205,2,3
1206,4,3
1207,4,1
1208,4,3
1209,0,1
1210,4,3
1211,0,2
1212,3,0
1213,2,3
1214,4,3
1215,0,3
1216,2,3
1217,4,3
1218,2,3
1219,4,0
1220,4,2
1221,3,0
1222,1,2
1223,1,2
1224,4,0
1225,4,1
1226,4,1
1227,3,0
1228,3,3
1229,3,3
1230,0,1
1231,2,3
1232,0,1
1233,2,3
1234,2,0
1235,3,0
1236,2,3
1237,2,3
1238,2,3
1239,2,3
1240,2,3
1241,2,3
1242,2,1
1243,4,3
1244,2,3
1245,4,3
1246,3,0
1247,2,3
1248,2,3
1249,3,0
1250,2,3
1251,2,3
1252,3,0
1253,3,0
1254,3,0
1255,0,3
1256,3,0
1257,4,3
1258,4,1
1259,4,1
1260,2,0
1261,4,1
1262,4,3
1263,4,0
1264,4,3
1265,4,3
1266,4,3
1267,2,3
1268,3,0
1269,3,0
1270,3,0
1271,2,3
1272,0,3
1273,2,1
1274,4,0
1275,4,1
1276,2,3
1277,1,2
1278,0,1
1279,0,0
1280,2,3
1281,4,3
1282,3,0
1283,2,1
1284,2,3
1285,3,3
1286,2,3
1287,4,3
1288,2,3
1289,4,3
1290,4,3
1291,4,1
1292,4,0
1293,2,3
1294,4,0
1295,1,2
1296,4,0
1297,0,1
1298,4,3
1299,4,1
1300,4,1
1301,4,1
1302,3,0
1303,4,1
1304,3,0
1305,1,0
1306,2,3
1307,1,2
1308,4,3
1309,0,3
1310,0,1
1311,0,1
1312,2,3
1313,2,3
1314,4,0
1315,2,1
1316,2,3
1317,2,0
1318,4,1
1319,0,1
1320,4,0
1321,4,1
1322,0,1
1323,4,1
1324,4,3
1325,3,1
1326,4,1
1327,4,0
1328,3,0
1329,4,0
1330,2,3
1331,2,3
1332,4,3
1333,4,3
1334,2,3
1335,4,1
1336,4,3
1337,0,1
1338,2,3
1339,0,1
1340,3,0
1341,3,0
1342,2,3
1343,3,0
1344,4,1
1345,4,1
1346,4,2
1347,4,0
1348,4,1
1349,4,1
1350,4,1
1351,1,2
1352,4,0
1353,1,2
1354,1,2
1355,3,0
1356,3,0
1357,4,3
1358,4,1
1359,0,1
1360,2,3
1361,2,3
1362,0,1
1363,0,1
1364,0,3
1365,4,1
1366,3,0
1367,2,3
1368,0,1
1369,4,1
1370,4,1
1371,4,1
1372,2,3
1373,4,1
1374,4,1
1375,3,0
1376,2,3
1377,3,1
1378,3,0
1379,4,1
1380,2,1
1381,2,2
1382,4,0
1383,4,1
1384,2,3
1385,2,3
1386,3,0
1387,4,3
1388,4,1
1389,3,0
1390,4,1
1391,4,1
1392,3,0
1393,4,1
1394,0,1
1395,0,1
1396,0,1
1397,0,1
1398,1,2
1399,2,3
1400,2,3
1401,2,3
1402,4,3
1403,2,3
1404,2,3
1405,4,0
1406,2,0
1407,3,0
1408,2,3
1409,3,0
1410,0,1
1411,0,1
1412,4,2
1413,4,1
1414,4,1
1415,0,1
1416,0,1
1417,4,3
1418,4,1
1419,4,1
1420,4,1
1421,3,0
1422,2,0
1423,3,0
1424,2,3
1425,2,0
1426,2,3
1427,0,1
1428,4,0
1429,2,3
1430,4,0
1431,4,1
1432,2,0
1433,3,0
1434,3,3
1435,2,0
1436,4,1
1437,2,3
1438,1,2
1439,2,3
1440,4,0
1441,4,0
1442,4,2
1443,4,1
1444,2,3
1445,0,1
1446,4,1
1447,0,1
1448,0,1
1449,4,2
1450,3,0
1451,2,3
1452,2,1
1453,2,0
1454,2,0
1455,4,1
1456,3,0
1457,2,3
1458,2,3
1459,2,3
1460,3,0
1461,4,3
1462,4,1
1463,0,1
1464,4,1
1465,2,3
1466,4,1
1467,2,3
1468,4,3
1469,0,1
1470,4,1
1471,2,3
1472,3,3
1473,2,3
1474,4,3
1475,2,3
1476,2,3
1477,3,3
1478,2,3
1479,1,2
1480,2,3
1481,2,3
1482,2,0
1483,2,3
1484,4,1
1485,4,1
1486,1,2
1487,0,2
1488,3,3
1489,0,3
1490,2,3
1491,3,0
1492,3,0
1493,2,3
1494,0,1
1495,4,1
1496,2,3
1497,2,3
1498,2,1
1499,1,2
1500,0,1
1501,1,2
1502,2,3
1503,2,0
1504,2,0
1505,1,2
1506,4,1
1507,4,3
1508,4,0
1509,3,0
1510,3,0
1511,3,0
1512,4,3
1513,3,3
1514,3,0
1515,3,3
1516,4,2
1517,4,0
1518,4,3
1519,2,0
1520,2,3
1521,2,3
1522,2,3
1523,2,3
1524,0,3
1525,0,1
1526,1,2
1527,3,1
1528,3,0
1529,2,3
1530,2,3
1531,3,0
1532,2,3
1533,3,0
1534,2,3
1535,3,0
1536,3,0
1537,3,0
1538,3,0
1539,2,3
1540,4,3
1541,2,3
1542,4,1
1543,1,4
1544,2,1
1545,4,0
1546,2,3
1547,2,3
1548,2,3
1549,2,3
1550,4,0
1551,2,3
1552,2,1
1553,2,3
1554,3,0
1555,3,3
1556,2,3
1557,2,1
1558,4,1
1559,2,3
1560,2,1
1561,4,1
1562,0,1
1563,2,3
1564,4,1
1565,0,1
1566,2,3
1567,2,3
1568,3,0
1569,2,3
1570,0,1
1571,2,1
1572,2,3
1573,0,3
1574,2,0
1575,0,3
1576,0,0
1577,3,0
1578,2,1
1579,2,3
1580,0,1
1581,4,1
1582,3,0
1583,3,0
1584,0,2
1585,2,3
1586,4,1
1587,4,1
1588,4,1
1589,2,3
1590,0,1
1591,1,2
1592,2,1
1593,2,3
1594,3,0
1595,0,3
1596,3,0
1597,0,3
1598,2,1
1599,0,1
1600,2,3
1601,2,3
1602,3,1
1603,2,3
1604,2,3
1605,3,3
1606,4,2
1607,3,1
1608,3,0
1609,1,0
1610,3,0
1611,0,0
1612,2,3
1613,2,0
1614,3,3
1615,2,3
1616,3,0
1617,2,3
1618,2,3
1619,2,3
1620,1,4
1621,1,4
1622,1,2
1623,2,1
1624,1,4
1625,1,2
1626,0,1
1627,1,2
1628,3,0
1629,2,1
1630,0,1
1631,2,1
1632,0,1
1633,4,0
1634,4,1
1635,2,3
1636,4,1
1637,3,0
1638,2,3
1639,4,3
1640,3,0
1641,4,1
1642,4,3
1643,4,2
1644,0,1
1645,2,2
1646,3,1
1647,3,1
1648,2,3
1649,4,0
1650,4,0
1651,0,1
1652,4,3
1653,4,3
1654,0,3
1655,0,3
1656,4,3
1657,0,3
1658,4,1
1659,4,1
1660,0,1
1661,2,3
1662,0,1
1663,0,1
1664,0,1
1665,2,3
1666,4,1
1667,2,3
1668,2,3
1669,0,1
1670,3,0
1671,2,1
1672,2,3
1673,2,3
1674,2,3
1675,2,3
1676,0,1
1677,2,0
1678,2,3
1679,2,3
1680,3,0
1681,3,0
1682,0,1
1683,0,1
1684,2,1
1685,3,0
1686,4,1
1687,3,0
1688,2,3
1689,2,3
1690,3,0
1691,0,3
1692,4,3
1693,4,1
1694,3,0
1695,3,0
1696,2,3
1697,3,0
1698,2,3
1699,4,0
1700,1,2
1701,2,3
1702,2,3
1703,0,1
1704,0,1
1705,0,1
1706,4,0
1707,4,1
1708,3,0
1709,3,0
1710,3,3
1711,2,3
1712,0,3
1713,4,0
1714,2,3
1715,2,3
1716,4,1
1717,2,1
1718,2,3
1719,2,3
1720,4,3
1721,4,3
1722,3,1
1723,2,3
1724,2,3
1725,2,3
1726,3,0
1727,1,2
1728,0,3
1729,2,3
1730,2,3
1731,4,1
1732,4,1
1733,2,1
1734,0,1
1735,3,0
1736,2,3
1737,4,1
1738,2,3
1739,4,1
1740,0,1
1741,0,1
1742,0,1
1743,1,4
1744,0,3
1745,2,3
1746,4,3
1747,2,3
1748,2,3
1749,2,1
1750,1,2
1751,3,0
1752,2,3
1753,4,1
1754,2,3
1755,4,1
1756,4,3
1757,1,4
1758,4,3
1759,0,1
1760,0,1
1761,2,3
1762,4,3
1763,2,3
1764,0,1
1765,4,3
1766,0,1
1767,3,0
1768,2,3
1769,2,0
1770,2,3
1771,2,1
1772,2,3
1773,2,3
1774,3,0
1775,3,3
1776,2,3
1777,4,3
1778,2,3
1779,2,2
1780,0,1
1781,0,1
1782,0,2
1783,3,0
1784,0,3
1785,1,2
1786,2,3
1787,0,3
1788,2,3
1789,0,1
1790,4,3
1791,2,1
1792,2,3
1793,0,3
1794,2,3
1795,2,3
1796,2,3
1797,2,3
1798,0,1
1799,4,3
1800,2,3
1801,0,3
1802,2,3
1803,1,2
1804,0,1
1805,4,1
1806,4,1
1807,0,3
1808,3,0
1809,4,3
1810,3,0
1811,3,0
1812,2,3
1813,0,3
1814,0,3
1815,3,0
1816,4,3
1817,2,3
1818,2,3
1819,2,3
1820,2,3
1821,2,2
1822,1,4
1823,1,4
1824,0,1
1825,0,1
1826,2,3
1827,4,3
1828,4,1
1829,2,3
1830,0,3
1831,1,2
1832,4,1
1833,4,1
1834,2,3
1835,2,3
1836,2,3
1837,4,1
1838,2,0
1839,3,0
1840,2,3
1841,3,0
1842,2,3
1843,4,0
1844,2,3
1845,2,3
1846,2,3
1847,3,0
1848,4,0
1849,0,1
1850,2,3
1851,2,0
1852,2,3
1853,2,3
1854,4,3
1855,4,1
1856,3,0
1857,2,1
1858,2,3
1859,2,3
1860,4,3
1861,4,3
1862,2,1
1863,2,1
1864,4,1
1865,4,2
1866,4,0
1867,3,0
1868,2,3
1869,3,1
1870,3,0
1871,2,3
1872,2,0
1873,2,2
1874,2,3
1875,2,0
1876,4,3
1877,4,3
1878,0,3
1879,2,3
1880,3,3
1881,2,3
1882,2,3
1883,2,3
1884,4,3
1885,4,0
1886,2,3
1887,2,3
1888,1,2
1889,2,3
1890,2,0
1891,2,3
1892,1,4
1893,1,4
1894,1,4
1895,1,4
1896,1,4
1897,0,3
1898,2,3
1899,2,3
1900,3,0
1901,0,3
1902,4,1
1903,3,0
1904,4,3
1905,4,1
1906,3,0
1907,2,0
1908,2,3
1909,4,0
1910,3,1
1911,3,0
1912,4,3
1913,3,0
1914,4,1
1915,2,3
1916,2,3
1917,2,3
1918,2,3
1919,2,3
1920,3,0
1921,3,0
1922,4,0
1923,2,3
1924,1,2
1925,4,1
1926,2,3
1927,4,1
1928,0,3
1929,4,1
1930,2,3
1931,4,1
1932,4,1
1933,0,3
1934,0,1
1935,4,1
1936,4,1
1937,4,1
1938,4,1
1939,2,2
1940,2,0
1941,2,3
1942,3,0
1943,2,3
1944,2,3
1945,3,0
1946,2,3
1947,2,3
1948,3,0
1949,4,0
1950,3,0
1951,3,0
1952,2,3
1953,4,0
1954,2,0
1955,2,3
1956,3,0
1957,2,3
1958,4,1
1959,3,3
1960,2,3
1961,3,0
1962,2,3
1963,4,1
1964,4,1
1965,2,3
1966,4,0
1967,4,1
1968,2,3
1969,4,0
1970,2,3
1971,2,3
1972,4,1
1973,2,3
1974,0,3
1975,4,1
1976,4,0
1977,4,1
1978,4,1
1979,2,3
1980,4,3
1981,4,1
1982,1,2
1983,1,4
1984,0,1
1985,0,1
1986,0,1
1987,2,3
1988,2,3
1989,0,3
1990,3,3
1991,4,3
1992,3,0
1993,1,2
1994,2,3
1995,4,0
1996,2,3
1997,2,3
1998,2,3
1999,0,1
2000,2,3
2001,2,3
2002,3,0
2003,3,0
2004,4,1
2005,0,1
2006,2,3
2007,2,3
2008,3,3
2009,0,1
2010,1,3
2011,4,3
2012,2,3
2013,2,3
2014,2,3
2015,2,2
2016,2,2
2017,3,0
2018,2,3
2019,0,1
2020,4,0
2021,4,1
2022,2,3
2023,4,0
2024,4,0
2025,0,3
2026,4,3
2027,3,1
2028,4,0
2029,4,3
2030,2,2
2031,0,1
2032,4,1
2033,0,1
2034,0,1
2035,2,3
2036,2,3
2037,2,3
2038,2,3
2039,2,3
2040,2,3
2041,2,3
2042,2,3
2043,2,3
2044,3,0
2045,2,0
2046,2,3
2047,2,3
2048,4,2
2049,4,2
2050,3,1
2051,2,0
2052,4,1
2053,2,3
2054,0,1
2055,4,1
2056,4,1
2057,0,1
2058,0,1
2059,2,3
2060,0,1
2061,0,3
2062,4,3
2063,2,3
2064,2,3
2065,2,3
2066,0,1
2067,4,3
2068,2,3
2069,2,3
2070,2,3
2071,4,0
2072,2,3
2073,2,3
2074,4,3
2075,0,1
2076,2,0
2077,4,1
2078,0,1
2079,4,1
2080,4,0
2081,2,3
2082,2,1
2083,2,3
2084,2,0
2085,2,3
2086,3,1
2087,2,3
2088,4,3
2089,2,3
2090,2,1
2091,2,3
2092,4,1
2093,2,3
2094,4,0
2095,4,1
2096,3,3
2097,2,0
2098,3,0
2099,0,1
2100,0,1
2101,2,3
2102,0,1
2103,0,1
2104,0,3
2105,2,3
2106,2,1
2107,2,3
2108,2,0
2109,2,3
2110,2,3
2111,3,0
2112,2,0
2113,2,3
2114,2,3
2115,2,3
2116,3,0
2117,2,3
2118,1,2
2119,0,1
2120,4,1
2121,0,1
2122,4,1
2123,2,1
2124,0,1
2125,0,3
2126,0,1
2127,4,1
2128,4,0
2129,4,2
2130,1,2
2131,2,3
2132,2,3
2133,2,3
2134,2,3
2135,2,3
2136,4,0
2137,2,3
2138,2,3
2139,2,3
2140,2,3
2141,2,3
2142,3,0
2143,3,3
2144,0,1
2145,4,1
2146,3,0
2147,4,3
2148,2,3
2149,2,3
2150,2,3
2151,2,0
2152,4,3
2153,3,0
2154,3,0
2155,1,2
2156,3,0
2157,2,1
2158,0,3
2159,2,3
2160,4,0
2161,2,3
2162,1,2
2163,3,3
2164,4,1
2165,2,3
2166,0,1
2167,4,3
2168,2,3
2169,4,1
2170,0,3
2171,4,1
2172,4,1
2173,4,1
2174,4,0
2175,4,1
2176,0,3
2177,2,3
2178,2,3
2179,2,3
2180,1,2
2181,2,3
2182,4,3
2183,3,3
2184,2,3
2185,3,0
2186,2,3
2187,2,3
2188,2,3
2189,4,3
2190,2,3
2191,2,1
2192,4,1
2193,4,1
2194,4,3
2195,4,3
2196,4,2
2197,2,3
2198,2,3
2199,2,3
2200,4,3
2201,4,1
2202,2,1
2203,0,3
2204,3,0
2205,2,3
2206,2,3
2207,2,3
2208,4,3
2209,4,0
2210,2,3
2211,2,3
2212,2,3
2213,4,1
2214,2,0
2215,2,3
2216,2,3
2217,2,3
2218,2,3
2219,2,0
2220,2,3
2221,4,1
2222,2,3
2223,2,1
2224,4,1
2225,2,1
2226,4,1
2227,3,0
2228,2,3
2229,2,3
2230,2,3
2231,2,3
2232,2,3
2233,1,2
2234,2,2
2235,2,3
2236,2,3
2237,2,3
2238,3,0
2239,0,1
2240,4,3
2241,2,3
2242,4,3
2243,2,1
2244,2,3
2245,4,0
2246,0,1
2247,3,0
2248,0,0
2249,2,3
2250,4,1
2251,4,0
2252,2,3
2253,0,1
2254,2,3
2255,2,3
2256,4,1
2257,3,1
2258,2,3
2259,2,1
2260,1,4
2261,2,2
2262,3,0
2263,1,4
2264,2,3
2265,4,1
2266,4,1
2267,3,0
2268,0,1
2269,2,1
2270,0,3
2271,3,0
2272,3,0
2273,0,1
2274,4,1
2275,4,3
2276,2,3
2277,2,3
2278,2,3
2279,2,3
2280,4,3
2281,0,3
2282,2,3
2283,2,3
2284,3,3
2285,2,3
2286,2,3
2287,0,3
2288,2,3
2289,3,0
2290,4,3
2291,0,1
2292,4,1
2293,4,1
2294,4,1
2295,3,0
2296,4,1
2297,0,1
2298,0,1
2299,3,0
2300,0,1
2301,2,3
2302,0,1
2303,4,3
2304,0,1
2305,1,4
2306,2,3
2307,3,0
2308,2,3
2309,0,3
2310,2,3
2311,4,0
2312,0,1
2313,4,1
2314,0,1
2315,2,3
2316,4,1
2317,4,1
2318,4,1
2319,3,0
2320,3,0
2321,2,3
2322,0,1
2323,0,1
2324,2,1
2325,2,1
2326,2,3
2327,4,0
2328,1,2
2329,2,3
2330,2,3
2331,3,0
2332,4,3
2333,0,3
2334,4,3
2335,2,3
2336,4,3
2337,0,1
2338,4,1
2339,0,3
2340,3,3
2341,2,3
2342,0,1
2343,4,0
2344,4,1
2345,2,3
2346,2,0
2347,0,1
2348,2,3
2349,3,0
2350,2,3
2351,3,0
2352,2,3
2353,2,3
2354,3,0
2355,3,0
2356,3,1
2357,4,0
2358,2,3
2359,0,2
2360,3,0
2361,2,0
2362,3,1
2363,2,3
2364,0,1
2365,2,3
2366,4,1
2367,0,1
2368,3,0
2369,2,3
2370,1,2
2371,1,2
2372,2,2
2373,2,3
2374,0,1
2375,0,3
2376,4,2
2377,0,3
2378,0,1
2379,0,1
2380,3,3
2381,0,1
2382,2,3
2383,2,3
2384,4,0
2385,4,1
2386,3,0
2387,2,3
2388,4,1
2389,4,1
2390,4,0
2391,4,1
2392,0,1
2393,3,0
2394,0,1
2395,0,3
2396,0,3
2397,4,3
2398,2,3
2399,2,0
2400,2,3
2401,2,0
2402,3,0
2403,4,3
2404,0,1
2405,3,3
2406,0,1
2407,1,2
2408,1,2
2409,4,3
2410,4,1
2411,3,0
2412,4,1
2413,3,0
2414,0,1
2415,4,1
2416,4,1
2417,4,1
2418,4,0
2419,0,1
2420,2,3
2421,4,3
2422,2,0
2423,3,0
2424,3,3
2425,2,3
2426,4,0
2427,0,3
2428,2,0
2429,0,1
2430,0,1
2431,2,3
2432,2,3
2433,4,1
2434,4,1
2435,4,0
2436,2,3
2437,4,3
2438,3,0
2439,3,0
2440,1,2
2441,2,0
2442,4,1
2443,3,0
2444,2,3
2445,2,3
2446,3,0
2447,0,2
2448,4,1
2449,4,0
2450,3,0
2451,3,3
2452,2,3
2453,2,2
2454,2,3
2455,3,0
2456,3,0
2457,1,2
2458,4,1
2459,4,0
2460,4,1
2461,4,0
2462,3,0
2463,3,0
2464,0,1
2465,4,0
2466,3,0
2467,3,0
2468,2,3
2469,4,3
2470,0,3
2471,4,1
2472,3,0
2473,3,0
2474,3,0
2475,2,0
2476,2,0
2477,3,3
2478,4,0
2479,2,3
2480,4,1
2481,4,0
2482,2,3
2483,0,3
2484,0,3
2485,3,0
2486,4,0
2487,3,0
2488,2,0
2489,4,1
2490,2,3
2491,0,1
2492,2,0
2493,4,3
2494,2,3
2495,0,3
2496,2,3
2497,0,3
2498,4,1
2499,0,1
2500,4,3
2501,4,1
2502,0,1
2503,3,3
2504,0,1
2505,4,3
2506,4,0
2507,2,3
2508,4,3
2509,2,3
2510,2,3
2511,4,3
2512,0,3
2513,2,3
2514,4,0
2515,1,4
2516,4,1
2517,2,1
2518,2,0
2519,4,3
2520,3,0
2521,2,3
2522,0,3
2523,2,3
2524,2,3
2525,2,3
2526,0,1
2527,2,3
2528,4,1
2529,4,1
2530,0,1
2531,2,3
2532,4,1
2533,3,0
2534,2,0
2535,0,1
2536,3,0
2537,2,3
2538,4,1
2539,4,0
2540,4,3
2541,0,0
2542,4,1
2543,4,0
2544,4,3
2545,3,3
2546,4,3
2547,2,3
2548,0,1
2549,4,3
2550,3,3
2551,2,3
2552,2,3
2553,4,3
2554,0,1
2555,2,3
2556,2,3
2557,2,3
2558,2,3
2559,2,3
2560,3,3
2561,2,3
2562,2,3
2563,2,0
2564,1,4
2565,1,4
2566,3,0
2567,3,0
2568,2,3
2569,2,3
2570,2,3
2571,0,0
2572,2,3
2573,4,1
2574,4,3
2575,3,0
2576,4,0
2577,0,1
2578,3,0
2579,3,0
2580,0,1
2581,2,3
2582,4,3
2583,3,0
2584,4,1
2585,3,0
2586,4,1
2587,0,1
2588,0,1
2589,2,3
2590,3,0
2591,4,0
2592,4,0
2593,2,1
2594,4,0
2595,3,0
2596,3,3
2597,3,3
2598,4,1
2599,4,3
2600,0,1
2601,0,0
2602,2,3
2603,2,3
2604,4,3
2605,3,0
2606,3,0
2607,3,0
2608,4,3
2609,0,1
2610,4,1
2611,4,0
2612,3,0
2613,2,3
2614,0,3
2615,2,3
2616,4,0
2617,2,3
2618,3,1
2619,0,3
2620,4,0
2621,3,0
2622,0,1
2623,3,0
2624,2,3
2625,3,0
2626,2,0
2627,3,3
2628,4,3
2629,4,1
2630,2,0
2631,4,2
2632,4,1
2633,4,1
2634,0,1
2635,0,1
2636,0,3
2637,3,1
2638,4,1
2639,0,1
2640,0,3
2641,2,0
2642,4,1
2643,2,3
2644,3,0
2645,3,3
2646,4,1
2647,0,1
2648,2,1
2649,2,3
2650,2,3
2651,3,0
2652,0,3
2653,4,1
2654,4,1
2655,0,2
2656,0,1
2657,4,0
2658,3,0
2659,0,1
2660,0,1
2661,2,1
2662,4,1
2663,3,0
2664,2,3
2665,3,4
2666,2,3
2667,2,0
2668,3,0
2669,4,1
2670,4,3
2671,0,3
2672,2,3
2673,2,3
2674,4,3
2675,3,0
2676,2,3
2677,3,1
2678,4,0
2679,4,1
2680,3,1
2681,1,2
2682,4,1
2683,2,0
2684,3,0
2685,4,1
2686,4,1
2687,3,0
2688,4,0
2689,4,1
2690,4,3
2691,0,3
2692,2,3
2693,0,3
2694,1,2
2695,2,3
2696,2,3
2697,0,3
2698,1,2
2699,0,1
2700,4,3
2701,2,3
2702,4,1
2703,4,0
2704,4,1
2705,4,0
2706,4,1
2707,3,3
2708,3,0
2709,2,3
2710,2,3
2711,2,3
2712,3,3
2713,2,1
2714,4,0
2715,1,4
2716,4,3
2717,2,1
2718,0,3
2719,4,1
2720,3,0
2721,0,1
2722,1,2
2723,2,3
2724,2,1
2725,2,3
2726,1,2
2727,2,2
2728,2,1
2729,2,1
2730,2,3
2731,4,3
2732,3,2
2733,2,3
2734,3,0
2735,2,3
2736,4,1
2737,2,3
2738,2,3
2739,4,3
2740,0,3
2741,3,0
2742,0,1
2743,0,1
2744,3,0
2745,2,2
2746,1,2
2747,3,0
2748,4,0
2749,2,1
2750,4,1
2751,4,0
2752,0,1
2753,2,3
2754,4,1
2755,2,3
2756,2,1
2757,2,3
2758,2,3
2759,4,1
2760,4,1
2761,4,0
2762,2,3
2763,3,0
2764,2,3
2765,2,3
2766,2,3
2767,3,3
2768,2,1
2769,0,1
2770,0,1
2771,2,3
2772,2,3
2773,4,1
2774,4,1
2775,3,0
2776,4,1
2777,4,2
2778,4,1
2779,4,3
2780,4,1
2781,4,1
2782,4,3
2783,2,3
2784,4,0
2785,2,3
2786,2,0
2787,4,1
2788,2,0
2789,2,3
2790,3,0
2791,0,1
2792,4,3
2793,1,4
2794,1,4
2795,2,3
2796,2,0
2797,2,3
2798,2,3
2799,4,1
2800,3,0
2801,2,1
2802,0,1
2803,1,4
2804,3,0
2805,4,1
2806,2,3
2807,2,3
2808,4,3
2809,2,3
2810,2,3
2811,2,3
2812,3,0
2813,0,1
2814,0,1
2815,0,3
2816,4,3
2817,4,0
2818,2,0
2819,2,1
2820,2,2
2821,1,2
2822,2,3
2823,2,3
2824,2,0
2825,4,1
2826,4,3
2827,2,3
2828,3,1
2829,3,0
2830,4,1
2831,3,0
2832,2,3
2833,4,1
2834,4,1
2835,0,1
2836,4,0
2837,4,1
2838,4,1
2839,4,3
2840,3,0
2841,0,3
2842,0,1
2843,4,1
2844,2,3
2845,4,1
2846,3,0
2847,0,1
2848,0,3
2849,2,3
2850,3,0
2851,4,3
2852,3,0
2853,2,3
2854,4,1
2855,0,3
2856,4,1
2857,3,0
2858,4,1
2859,0,1
2860,3,1
2861,1,2
2862,2,3
2863,4,1
2864,0,1
2865,4,0
2866,2,3
2867,2,3
2868,2,3
2869,4,1
2870,3,0
2871,4,2
2872,3,0
2873,4,1
2874,0,3
2875,2,3
2876,4,3
2877,2,3
2878,4,1
2879,4,1
2880,4,1
2881,4,3
2882,3,0
2883,3,0
2884,2,3
2885,2,3
2886,0,1
2887,0,3
2888,3,0
2889,0,1
2890,4,3
2891,0,1
2892,3,0
2893,3,0
2894,2,3
2895,2,3
2896,3,3
2897,2,3
2898,0,1
2899,3,4
2900,4,1
2901,4,0
2902,4,0
2903,3,0
2904,4,3
2905,0,1
2906,3,0
2907,4,1
2908,3,0
2909,3,1
2910,2,3
2911,3,0
2912,2,3
2913,2,3
2914,2,3
2915,2,3
2916,4,0
2917,2,3
2918,4,2
2919,3,0
2920,4,0
2921,2,3
2922,0,1
2923,4,1
2924,4,2
2925,4,3
2926,4,1
2927,1,2
2928,0,1
2929,4,3
2930,4,1
2931,3,0
2932,4,1
2933,4,1
2934,2,3
2935,1,2
2936,1,2
2937,4,3
2938,4,3
2939,4,3
2940,4,1
2941,2,3
2942,2,3
2943,0,1
2944,2,3
2945,4,1
2946,0,3
2947,4,3
2948,4,3
2949,3,0
2950,3,0
2951,4,1
2952,3,0
2953,4,0
2954,4,1
2955,2,1
2956,4,1
2957,4,0
2958,2,3
2959,2,0
2960,2,3
2961,2,2
2962,2,0
2963,2,3
2964,4,1
2965,2,3
2966,2,3
2967,2,0
2968,4,1
2969,2,1
2970,2,3
2971,4,3
2972,1,4
2973,0,1
2974,4,1
2975,4,0
2976,0,1
2977,2,0
2978,4,0
2979,4,0
2980,4,0
2981,2,3
2982,4,1
2983,0,3
2984,0,1
2985,2,3
2986,3,0
2987,2,0
2988,3,0
2989,2,1
2990,2,3
2991,2,3
2992,2,3
2993,4,1
2994,4,0
2995,4,1
2996,2,0
2997,0,3
2998,0,1
2999,2,3
3000,2,3
3001,2,3
3002,0,1
3003,4,0
3004,3,0
3005,2,3
3006,2,0
3007,2,3
3008,3,0
3009,3,0
3010,3,0
3011,3,0
3012,2,3
3013,2,3
3014,4,3
3015,2,0
3016,2,0
3017,3,0
3018,4,0
3019,2,3
3020,2,1
3021,3,0
3022,2,1
3023,2,0
3024,4,1
3025,4,1
3026,0,1
3027,0,1
3028,0,3
3029,2,3
3030,4,1
3031,2,3
3032,2,3
3033,2,3
3034,1,2
3035,1,2
3036,3,0
3037,3,0
3038,2,3
3039,2,3
3040,2,3
3041,4,1
3042,2,0
3043,2,3
3044,2,3
3045,4,1
3046,4,0
3047,4,1
3048,3,0
3049,0,1
3050,3,0
3051,0,3
3052,3,0
3053,2,3
3054,2,3
3055,4,3
3056,4,3
3057,4,0
3058,2,3
3059,3,1
3060,2,0
3061,2,3
3062,3,0
3063,3,0
3064,2,3
3065,0,1
3066,4,0
3067,3,0
3068,3,0
3069,4,3
3070,3,1
3071,4,3
3072,3,0
3073,2,1
3074,2,0
3075,4,0
3076,0,3
3077,4,0
3078,3,0
3079,4,3
3080,0,3
3081,3,0
3082,3,0
3083,3,0
3084,0,1
3085,3,0
3086,4,3
3087,2,2
3088,1,2
3089,1,2
3090,0,1
3091,4,1
3092,4,1
3093,1,4
3094,3,0
3095,4,1
3096,0,3
3097,3,3
3098,3,1
3099,3,1
3100,4,1
3101,2,0
3102,0,1
3103,3,0
3104,3,0
3105,2,3
3106,1,2
3107,4,2
3108,4,0
3109,2,3
3110,2,0
3111,2,3
3112,2,0
3113,0,3
3114,2,3
3115,4,1
3116,4,0
3117,4,0
3118,2,3
3119,0,1
3120,2,3
3121,4,3
3122,2,3
3123,0,3
3124,0,1
3125,2,0
3126,0,3
3127,4,0
3128,2,3
3129,2,3
3130,1,2
3131,2,3
3132,0,3
3133,4,2
3134,2,3
3135,2,3
3136,0,3
3137,0,1
3138,4,3
3139,0,1
3140,0,1
3141,0,1
3142,2,3
3143,4,1
3144,4,3
3145,2,3
3146,3,3
3147,3,0
3148,4,1
3149,4,1
3150,2,3
3151,4,1
3152,4,1
3153,2,1
3154,2,3
3155,2,3
3156,2,0
3157,3,0
3158,3,0
3159,2,3
3160,0,3
3161,4,1
3162,2,3
3163,0,1
3164,2,0
3165,2,3
3166,3,0
3167,3,1
3168,3,3
3169,4,3
3170,3,0
3171,2,3
3172,3,4
3173,4,2
3174,3,4
3175,2,3
3176,3,0
3177,2,3
3178,3,3
3179,3,0
3180,2,1
3181,2,3
3182,3,0
3183,2,3
3184,0,3
3185,3,3
3186,4,0
3187,3,4
3188,1,2
3189,4,1
3190,4,1
3191,4,1
3192,0,1
3193,4,1
3194,0,1
3195,4,0
3196,1,2
3197,2,3
3198,4,2
3199,2,1
3200,2,3
3201,4,1
3202,1,2
3203,0,1
3204,0,1
3205,2,1
3206,4,3
3207,4,3
3208,4,3
3209,0,0
3210,0,0
3211,1,4
3212,4,0
3213,4,1
3214,2,0
3215,0,1
3216,4,2
3217,0,1
3218,4,1
3219,4,3
3220,2,3
3221,2,3
3222,0,3
3223,0,2
3224,0,3
3225,3,0
3226,3,0
3227,4,3
3228,3,2
3229,2,3
3230,3,0
3231,3,0
3232,1,4
3233,3,0
3234,2,3
3235,3,3
3236,4,1
3237,4,3
3238,2,3
3239,1,4
3240,4,0
3241,0,1
3242,0,1
3243,3,0
3244,4,3
3245,1,2
3246,0,1
3247,3,0
3248,3,0
3249,2,0
3250,4,1
3251,2,3
3252,2,3
3253,2,3
3254,0,3
3255,2,1
3256,0,1
3257,4,1
3258,4,0
3259,4,1
3260,2,3
3261,4,3
3262,2,3
3263,4,0
3264,0,1
3265,3,0
3266,2,3
3267,3,3
3268,0,3
3269,0,3
3270,1,2
3271,4,3
3272,0,3
3273,3,0
3274,3,0
3275,2,3
3276,3,0
3277,2,0
3278,2,3
3279,2,3
3280,2,0
3281,0,1
3282,4,1
3283,0,2
3284,3,0
3285,4,0
3286,0,1
3287,4,1
3288,4,0
3289,4,1
3290,2,1
3291,3,1
3292,4,1
3293,2,3
3294,1,3
3295,2,3
3296,2,3
3297,2,3
3298,3,0
3299,3,0
3300,4,3
3301,2,0
3302,3,0
3303,2,3
3304,2,1
3305,3,0
3306,3,0
3307,2,3
3308,4,1
3309,4,1
3310,0,1
3311,0,1
3312,4,0
3313,3,1
3314,2,3
3315,4,1
3316,4,1
3317,4,3
3318,2,0
3319,2,3
3320,3,3
3321,2,3
3322,4,3
3323,2,3
3324,3,0
3325,2,3
3326,2,1
3327,2,3
3328,2,3
3329,4,1
3330,4,0
3331,4,0
3332,4,1
3333,2,3
3334,2,1
3335,4,0
3336,3,0
3337,2,3
3338,4,3
3339,3,0
3340,4,1
3341,4,0
3342,2,3
3343,4,3
3344,3,0
3345,0,1
3346,3,1
3347,2,0
3348,2,3
3349,4,0
3350,4,3
3351,2,3
3352,4,3
3353,2,2
3354,4,1
3355,4,3
3356,4,2
3357,4,0
3358,4,3
3359,2,3
3360,4,0
3361,4,0
3362,3,0
3363,4,1
3364,0,1
3365,3,0
3366,3,0
3367,4,1
3368,3,0
3369,2,3
3370,4,3
3371,0,3
3372,0,3
3373,4,3
3374,4,1
3375,0,1
3376,2,3
3377,4,1
3378,2,3
3379,4,1
3380,4,3
3381,2,3
3382,4,1
3383,4,2
3384,4,1
3385,0,3
3386,4,3
3387,0,3
3388,3,0
3389,3,0
3390,2,1
3391,4,3
3392,2,0
3393,2,3
3394,1,2
3395,3,2
3396,2,3
3397,2,3
3398,2,3
3399,2,0
3400,2,3
3401,2,0
3402,2,3
3403,4,1
3404,4,0
3405,4,0
3406,4,1
3407,4,1
3408,2,3
3409,0,1
3410,3,0
3411,4,2
3412,0,1
3413,4,1
3414,2,3
3415,4,3
3416,3,0
3417,0,1
3418,4,0
3419,2,3
3420,2,3
3421,4,1
3422,3,0
3423,4,3
3424,0,1
3425,4,3
3426,4,1
3427,4,1
3428,4,1
3429,3,0
3430,0,1
3431,4,1
3432,0,1
3433,0,1
3434,2,3
3435,4,1
3436,0,3
3437,3,0
3438,3,0
3439,4,0
3440,4,3
3441,2,1
3442,3,0
3443,4,3
3444,3,1
3445,1,2
3446,3,0
3447,3,0
3448,1,2
3449,2,0
3450,0,3
3451,4,1
3452,0,1
3453,4,1
3454,4,1
3455,4,1
3456,4,1
3457,4,1
3458,4,1
3459,4,1
3460,4,3
3461,4,0
3462,4,1
3463,2,1
3464,2,3
3465,3,1
3466,2,3
3467,3,3
3468,3,3
3469,1,2
3470,1,2
3471,4,1
3472,4,1
3473,4,3
3474,4,3
3475,4,1
3476,4,1
3477,0,1
3478,0,1
3479,4,1
3480,0,1
3481,0,1
3482,4,1
3483,3,0
3484,0,1
3485,0,1
3486,2,3
3487,2,3
3488,3,0
3489,2,3
3490,4,3
3491,4,3
3492,1,2
3493,2,3
3494,3,0
3495,4,1
3496,2,3
3497,4,1
3498,4,3
3499,4,0
3500,4,0
3501,2,3
3502,0,1
3503,0,1
3504,3,0
3505,1,2
3506,2,3
3507,3,0
3508,3,1
3509,4,0
3510,2,0
3511,3,0
3512,1,2
3513,2,3
3514,0,3
3515,4,0
3516,4,3
3517,1,2
3518,0,3
3519,2,3
3520,3,4
3521,3,0
3522,2,3
3523,2,3
3524,0,1
3525,3,0
3526,0,1
3527,2,3
3528,4,1
3529,0,1
3530,4,1
3531,4,2
3532,4,3
3533,4,1
3534,4,1
3535,3,0
3536,2,3
3537,2,0
3538,4,3
3539,4,1
3540,4,0
3541,2,3
3542,4,0
3543,2,3
3544,4,0
3545,4,0
3546,3,0
3547,0,1
3548,0,1
3549,3,0
3550,4,1
3551,4,0
3552,3,0
3553,4,1
3554,3,0
3555,3,0
3556,3,1
3557,3,0
3558,4,3
3559,4,1
3560,0,1
3561,3,0
3562,4,3
3563,2,3
3564,4,3
3565,3,0
3566,2,3
3567,1,4
3568,1,4
3569,1,2
3570,0,3
3571,3,0
3572,3,0
3573,3,0
3574,3,3
3575,3,0
3576,0,1
3577,4,1
3578,4,1
3579,4,3
3580,4,1
3581,3,0
3582,3,0
3583,4,1
3584,0,1
3585,0,1
3586,1,4
3587,0,1
3588,2,3
3589,3,4
3590,4,3
3591,3,0
3592,3,0
3593,3,3
3594,3,1
3595,0,1
3596,3,0
3597,3,0
3598,3,0
3599,3,0
3600,0,1
3601,3,0
3602,4,1
3603,2,1
3604,2,3
3605,2,3
3606,2,3
3607,2,3
3608,4,3
3609,0,1
3610,2,0
3611,4,0
3612,2,3
3613,3,3
3614,3,0
3615,4,3
3616,4,1
3617,4,3
3618,4,1
3619,4,3
3620,0,1
3621,3,0
3622,3,0
3623,3,0
3624,2,0
3625,2,3
3626,4,3
3627,2,3
3628,4,3
3629,4,3
3630,4,0
3631,3,0
3632,3,0
3633,2,3
3634,2,3
3635,3,0
3636,2,0
3637,4,1
3638,3,0
3639,4,2
3640,2,3
3641,1,2
3642,1,2
3643,3,0
3644,2,3
3645,4,1
3646,4,0
3647,3,0
3648,0,3
3649,2,1
3650,4,3
3651,2,1
3652,4,1
3653,0,1
3654,0,1
3655,0,2
3656,2,3
3657,4,0
3658,2,0
3659,2,3
3660,2,0
3661,2,3
3662,2,3
3663,3,0
3664,0,3
3665,4,3
3666,4,1
3667,4,1
3668,3,0
3669,2,3
3670,4,3
3671,0,1
3672,0,1
3673,4,1
3674,0,3
3675,3,0
3676,0,1
3677,4,1
3678,3,1
3679,2,3
3680,3,0
3681,3,1
3682,2,3
3683,4,1
3684,2,3
3685,0,1
3686,4,1
3687,3,0
3688,2,1
3689,0,1
3690,0,3
3691,4,1
3692,4,1
3693,4,0
3694,3,1
3695,3,0
3696,3,0
3697,4,0
3698,4,1
3699,3,0
3700,4,1
3701,0,1
3702,2,3
3703,2,0
3704,2,3
3705,3,0
3706,1,4
3707,0,3
3708,0,1
3709,3,0
3710,0,1
3711,0,3
3712,2,1
3713,0,3
3714,4,1
3715,4,3
3716,4,1
3717,4,0
3718,4,0
3719,1,2
3720,4,3
3721,0,1
3722,3,0
3723,0,1
3724,4,3
3725,4,1
3726,3,0
3727,2,3
3728,0,3
3729,4,3
3730,2,3
3731,2,3
3732,2,0
3733,2,3
3734,2,3
3735,2,3
3736,4,0
3737,1,2
3738,4,1
3739,4,1
3740,4,3
3741,3,0
3742,4,3
3743,0,1
3744,3,0
3745,2,3
3746,0,1
3747,0,1
3748,4,3
3749,4,1
3750,2,3
3751,2,3
3752,2,3
3753,0,1
3754,2,0
3755,2,3
3756,4,2
3757,1,2
3758,2,3
3759,3,0
3760,2,0
3761,3,0
3762,4,1
3763,3,1
3764,3,0
3765,2,3
3766,4,1
3767,4,1
3768,4,3
3769,0,1
3770,2,3
3771,4,1
3772,4,1
3773,4,1
3774,3,0
3775,2,3
3776,3,0
3777,0,3
3778,4,1
3779,0,1
3780,0,1
3781,2,3
3782,2,3
3783,2,3
3784,2,3
3785,3,0
3786,4,1
3787,0,3
3788,2,3
3789,4,0
3790,4,0
3791,2,3
3792,2,3
3793,4,0
3794,2,3
3795,2,1
3796,4,1
3797,4,1
3798,2,3
3799,2,3
3800,4,3
3801,1,4
3802,1,4
3803,3,3
3804,0,1
3805,0,1
3806,2,3
3807,2,3
3808,4,3
3809,0,1
3810,4,0
3811,0,1
3812,0,3
3813,4,3
3814,2,3
3815,3,3
3816,0,3
3817,4,1
3818,0,1
3819,0,1
3820,0,1
3821,4,0
3822,4,1
3823,0,3
3824,0,1
3825,2,1
3826,4,3
3827,2,1
3828,4,3
3829,3,0
3830,3,0
3831,0,1
3832,2,3
3833,2,3
3834,1,2
3835,4,1
3836,4,1
3837,4,1
3838,4,1
3839,4,3
3840,3,0
3841,2,3
3842,3,0
3843,3,0
3844,0,2
3845,3,0
3846,3,0
3847,4,2
3848,2,3
3849,2,3
3850,2,1
3851,1,4
3852,1,2
3853,0,1
3854,0,3
3855,2,3
3856,2,3
3857,3,0
3858,4,3
3859,4,1
3860,3,0
3861,4,1
3862,0,1
3863,0,1
3864,0,1
3865,0,1
3866,2,1
3867,0,1
3868,0,1
3869,0,0
3870,0,1
3871,3,0
3872,3,0
3873,4,3
3874,3,0
3875,0,1
3876,0,1
3877,0,1
3878,4,1
3879,4,1
3880,4,1
3881,1,4
3882,3,0
3883,3,3
3884,4,1
3885,4,2
3886,4,0
3887,4,1
3888,4,1
3889,2,3
3890,4,1
3891,4,0
3892,4,1
3893,4,0
3894,2,3
3895,3,0
3896,0,1
3897,4,3
3898,4,3
3899,3,0
3900,4,1
3901,4,3
3902,3,0
3903,3,0
3904,4,1
3905,1,2
3906,4,1
3907,4,1
3908,4,1
3909,4,1
3910,3,0
3911,3,0
3912,4,0
3913,2,0
3914,4,3
3915,4,0
3916,4,1
3917,4,1
3918,4,3
3919,0,3
3920,3,0
3921,2,3
3922,2,3
3923,1,2
3924,2,3
3925,2,3
3926,2,3
3927,2,3
3928,4,3
3929,2,3
3930,2,1
3931,0,1
3932,3,1
3933,4,0
3934,4,1
3935,3,0
3936,3,0
3937,4,1
3938,2,3
3939,2,3
3940,4,1
3941,4,1
3942,2,0
3943,4,1
3944,3,0
3945,0,1
3946,4,1
3947,0,3
3948,2,3
3949,0,1
3950,2,3
3951,3,0
3952,0,3
3953,2,2
3954,4,0
3955,4,0
3956,0,2
3957,3,0
3958,4,0
3959,4,0
3960,4,0
3961,4,0
3962,4,0
3963,4,0
3964,4,3
3965,4,0
3966,3,3
3967,2,1
3968,4,3
3969,0,1
3970,4,3
3971,4,0
3972,4,0
3973,4,3
3974,0,3
3975,3,0
3976,3,0
3977,0,1
3978,4,1
3979,2,3
3980,3,0
3981,4,1
3982,0,1
3983,4,1
3984,4,1
3985,1,2
3986,2,1
3987,4,1
3988,0,1
3989,4,3
3990,4,1
3991,4,0
3992,4,0
3993,4,1
3994,4,3
3995,4,0
3996,1,4
3997,4,1
3998,0,1
3999,0,1
4000,0,1
4001,4,0
4002,4,1
4003,3,0
4004,3,1
4005,3,1
4006,4,0
4007,3,0
4008,4,1
4009,4,1
4010,4,1
4011,4,1
4012,4,1
4013,2,3
4014,1,2
4015,2,3
4016,0,0
4017,0,1
4018,3,0
4019,2,0
4020,3,3
4021,4,0
4022,4,0
4023,0,1
4024,0,1
4025,2,3
4026,0,1
4027,4,1
4028,0,1
4029,4,1
4030,4,1
4031,4,1
4032,4,1
4033,3,0
4034,3,0
4035,4,2
4036,1,2
4037,1,2
4038,1,2
4039,2,3
4040,2,3
4041,3,0
4042,3,3
4043,3,0
4044,2,1
4045,0,1
4046,0,1
4047,4,0
4048,4,0
4049,3,0
4050,4,1
4051,0,1
4052,3,0
4053,3,0
4054,3,0
4055,4,0
4056,4,1
4057,2,3
4058,2,3
4059,3,0
4060,3,0
4061,3,0
4062,2,3
4063,2,3
4064,4,3
4065,2,3
4066,4,1
4067,2,3
4068,3,0
4069,2,3
4070,4,3
4071,3,0
4072,3,0
4073,2,1
4074,4,1
4075,3,3
4076,3,0
4077,0,3
4078,0,1
4079,4,1
4080,4,1
4081,3,0
4082,3,0
4083,2,3
4084,2,0
4085,3,0
4086,2,3
4087,4,1
4088,1,4
4089,0,1
4090,4,1
4091,2,3
4092,4,0
4093,2,3
4094,0,3
4095,0,3
4096,0,1
4097,2,1
4098,3,0
4099,2,3
4100,3,1
4101,0,1
4102,3,0
4103,1,2
4104,0,1
4105,2,3
4106,2,1
4107,3,0
4108,4,1
4109,2,1
4110,2,3
4111,2,3
4112,4,1
4113,4,3
4114,2,3
4115,4,0
4116,2,3
4117,1,2
4118,4,1
4119,4,1
4120,4,3
4121,0,3
4122,2,3
4123,4,1
4124,4,1
4125,4,1
4126,0,1
4127,0,1
4128,3,0
4129,0,1
4130,1,2
4131,3,0
4132,4,1
4133,2,3
4134,4,1
4135,2,1
4136,2,1
4137,0,1
4138,2,3
4139,0,3
4140,0,1
4141,2,3
4142,0,1
4143,4,1
4144,2,3
4145,1,2
4146,1,2
4147,0,1
4148,3,0
4149,3,0
4150,4,1
4151,4,0
4152,4,0
4153,4,1
4154,4,0
4155,3,3
4156,4,1
4157,4,0
4158,4,1
4159,3,0
4160,4,3
4161,2,3
4162,3,0
4163,3,0
4164,4,0
4165,3,0
4166,2,0
4167,2,3
4168,2,3
4169,2,3
4170,2,1
4171,0,1
4172,4,0
4173,3,0
4174,4,0
4175,1,2
4176,4,1
4177,4,3
4178,4,0
4179,0,2
4180,3,0
4181,4,0
4182,4,0
4183,4,1
4184,1,2
4185,1,2
4186,1,2
4187,2,3
4188,0,3
4189,2,2
4190,4,0
4191,2,1
4192,4,0
4193,3,0
4194,2,3
4195,0,1
4196,4,3
4197,4,3
4198,3,0
4199,4,1
4200,0,1
4201,4,0
4202,4,1
4203,0,1
4204,0,1
4205,2,3
4206,4,3
4207,2,3
4208,0,3
4209,0,1
4210,0,1
4211,2,3
4212,0,3
4213,4,0
4214,2,3
4215,0,3
4216,0,3
4217,3,2
4218,2,3
4219,2,3
4220,3,0
4221,4,1
4222,4,1
4223,4,1
4224,3,0
4225,4,0
4226,2,1
4227,4,1
4228,3,0
4229,4,1
4230,4,1
4231,4,3
4232,4,3
4233,4,3
4234,4,1
4235,0,1
4236,0,3
4237,2,3
4238,0,1
4239,4,3
4240,4,1
4241,4,3
4242,4,0
4243,0,1
4244,0,1
4245,4,1
4246,2,3
4247,4,1
4248,2,3
4249,4,1
4250,4,0
4251,0,1
4252,0,1
4253,2,3
4254,0,1
4255,2,3
4256,2,3
4257,2,3
4258,4,1
4259,2,3
4260,2,2
4261,2,3
4262,4,0
4263,3,0
4264,2,3
4265,1,4
4266,1,4
4267,1,4
4268,1,4
4269,1,4
4270,1,4
4271,3,0
4272,2,3
4273,2,3
4274,3,0
4275,4,1
4276,0,1
4277,4,0
4278,0,1
4279,2,3
4280,2,3
4281,4,3
4282,0,3
4283,4,1
4284,4,1
4285,4,1
4286,0,1
4287,2,3
4288,2,1
4289,0,1
4290,4,0
4291,1,2
4292,2,2
4293,0,1
4294,0,1
4295,1,2
4296,3,0
4297,3,0
4298,3,0
4299,4,1
4300,4,0
4301,4,0
4302,4,0
4303,3,1
4304,4,3
4305,2,3
4306,4,1
4307,0,2
4308,0,3
4309,3,0
4310,3,0
4311,0,1
4312,0,1
4313,0,3
4314,2,3
4315,4,0
4316,4,0
4317,4,3
4318,4,0
4319,4,1
4320,4,1
4321,3,0
4322,2,1
4323,3,0
4324,3,0
4325,4,1
4326,4,3
4327,1,2
4328,1,2
4329,4,1
4330,0,1
4331,4,1
4332,4,1
4333,2,3
4334,3,3
4335,4,0
4336,3,0
4337,0,3
4338,4,1
4339,4,1
4340,0,1
4341,3,0
4342,4,3
4343,2,3
4344,3,0
4345,3,0
4346,0,1
4347,4,1
4348,0,3
4349,2,3
4350,2,3
4351,2,1
4352,4,1
4353,4,3
4354,0,1
4355,4,3
4356,3,0
4357,4,0
4358,3,0
4359,0,1
4360,2,1
4361,4,3
4362,4,3
4363,4,1
4364,2,3
4365,4,3
4366,3,0
4367,1,0
4368,1,2
4369,4,3
4370,2,3
4371,4,3
4372,4,1
4373,2,3
4374,0,1
4375,4,2
4376,3,1
4377,0,1
4378,0,1
4379,0,1
4380,4,1
4381,4,1
4382,3,0
4383,4,0
4384,2,1
4385,4,0
4386,3,0
4387,2,3
4388,2,3
4389,0,3
4390,4,3
4391,4,1
4392,3,0
4393,4,0
4394,3,0
4395,3,0
4396,3,0
4397,3,0
4398,3,0
4399,3,1
4400,4,0
4401,4,0
4402,4,1
4403,4,0
4404,0,1
4405,2,3
4406,3,0
4407,3,0
4408,4,0
4409,4,1
4410,1,4
4411,4,1
4412,2,3
4413,0,1
4414,2,3
4415,4,3
4416,2,3
4417,2,3
4418,4,3
4419,3,1
4420,4,1
4421,3,3
4422,2,1
4423,3,0
4424,2,3
4425,4,1
4426,3,0
4427,4,1
4428,3,0
4429,4,0
4430,3,0
4431,4,0
4432,4,3
4433,4,1
4434,4,1
4435,2,3
4436,4,1
4437,4,1
4438,3,1
4439,2,3
4440,3,0
4441,2,3
4442,0,3
4443,4,3
4444,4,3
4445,4,1
4446,1,2
4447,0,1
4448,2,3
4449,2,3
4450,4,3
4451,4,1
4452,4,1
4453,4,0
4454,2,3
4455,3,0
4456,0,1
4457,2,3
4458,0,1
4459,4,0
4460,4,3
4461,4,1
4462,4,3
4463,4,1
4464,2,3
4465,2,3
4466,2,3
4467,2,3
4468,2,3
4469,2,3
4470,4,3
4471,2,3
4472,2,3
4473,1,2
4474,2,3
4475,1,2
4476,4,1
4477,4,1
4478,3,0
4479,2,3
4480,3,0
4481,2,0
4482,3,0
4483,4,1
4484,4,0
4485,4,1
4486,4,1
4487,3,0
4488,4,1
4489,3,0
4490,0,1
4491,1,2
4492,1,3
4493,3,0
4494,3,0
4495,3,3
4496,3,3
4497,2,3
4498,2,3
4499,4,3
4500,3,0
4501,3,0
4502,3,0
4503,4,3
4504,3,0
4505,0,1
4506,4,1
4507,3,0
4508,4,1
4509,4,1
4510,4,0
4511,3,0
4512,4,1
4513,2,1
4514,2,3
4515,2,1
4516,3,0
4517,2,2
4518,0,1
4519,3,3
4520,0,1
4521,4,3
4522,4,1
4523,4,3
4524,2,3
4525,0,1
4526,4,1
4527,0,1
4528,0,1
4529,2,3
4530,2,3
4531,3,0
4532,4,0
4533,4,1
4534,2,3
4535,4,1
4536,3,0
4537,3,0
4538,3,1
4539,4,2
4540,4,0
4541,0,1
4542,4,3
4543,3,0
4544,4,0
4545,4,0
4546,2,3
4547,3,0
4548,4,3
4549,2,3
4550,2,3
4551,2,3
4552,3,0
4553,2,0
4554,2,3
4555,3,0
4556,4,1
4557,2,3
4558,4,1
4559,2,3
4560,0,3
4561,3,0
4562,3,0
4563,4,1
4564,3,0
4565,3,0
4566,4,1
4567,4,3
4568,2,0
4569,2,3
4570,2,3
4571,4,3
4572,0,2
4573,2,3
4574,1,2
4575,2,0
4576,2,3
4577,2,1
4578,4,1
4579,2,0
4580,0,1
4581,3,0
4582,0,3
4583,4,0
4584,3,0
4585,4,3
4586,4,0
4587,4,0
4588,2,3
4589,3,3
4590,3,0
4591,3,0
4592,4,1
4593,1,2
4594,4,1
4595,2,0
4596,2,3
4597,4,3
4598,4,0
4599,2,0
4600,4,0
4601,3,0
4602,2,3
4603,3,1
4604,2,3
4605,0,3
4606,0,1
4607,4,1
4608,4,2
4609,4,1
4610,0,1
4611,4,1
4612,2,3
4613,4,1
4614,4,0
4615,3,1
4616,0,1
4617,4,1
4618,2,1
4619,3,1
4620,2,3
4621,4,0
4622,0,3
4623,4,0
4624,2,3
4625,0,3
4626,2,3
4627,0,1
4628,2,0
4629,3,0
4630,4,2
4631,0,1
4632,4,1
4633,4,1
4634,0,1
4635,4,1
4636,2,3
4637,2,3
4638,0,3
4639,4,0
4640,3,0
4641,2,3
4642,4,0
4643,3,0
4644,3,3
4645,2,3
4646,3,3
4647,2,3
4648,2,3
4649,0,3
4650,0,1
4651,3,0
4652,3,0
4653,2,3
4654,0,1
4655,4,1
4656,2,3
4657,4,0
4658,0,3
4659,0,1
4660,4,1
4661,2,3
4662,3,0
4663,2,3
4664,4,1
4665,4,1
4666,4,0
4667,4,1
4668,4,3
4669,3,0
4670,3,0
4671,2,3
4672,4,3
4673,0,3
4674,3,0
4675,0,1
4676,3,0
4677,2,3
4678,0,3
4679,4,3
4680,0,1
4681,3,1
4682,4,3
4683,4,1
4684,4,1
4685,4,2
4686,3,0
4687,4,0
4688,4,3
4689,0,1
4690,4,0
4691,3,0
4692,4,0
4693,3,0
4694,1,2
4695,2,3
4696,1,2
4697,0,1
4698,0,1
4699,0,1
4700,3,0
4701,2,3
4702,3,3
4703,3,0
4704,3,0
4705,2,3
4706,2,3
4707,4,1
4708,4,1
4709,2,3
4710,4,1
4711,3,0
4712,3,1
4713,2,3
4714,2,1
4715,0,1
4716,0,3
4717,4,0
4718,4,1
4719,4,0
4720,3,0
4721,3,0
4722,3,0
4723,3,0
4724,4,1
4725,2,0
4726,2,3
4727,0,1
4728,2,1
4729,1,4
4730,4,1
4731,2,3
4732,2,3
4733,4,3
4734,2,3
4735,4,1
4736,0,1
4737,0,1
4738,4,3
4739,4,1
4740,4,0
4741,4,1
4742,4,0
4743,4,3
4744,1,2
4745,1,2
4746,4,1
4747,2,3
4748,2,3
4749,0,1
4750,3,0
4751,4,0
4752,4,1
4753,4,3
4754,3,3
4755,4,1
4756,2,3
4757,4,1
4758,4,1
4759,3,0
4760,3,4
4761,4,0
4762,4,1
4763,4,1
4764,0,1
4765,4,1
4766,3,0
4767,2,3
4768,2,3
4769,3,0
4770,4,3
4771,3,0
4772,4,0
4773,4,1
4774,0,1
4775,0,1
4776,0,3
4777,0,0
4778,0,3
4779,4,4
4780,0,1
4781,4,1
4782,0,1
4783,4,0
4784,3,0
4785,1,2
4786,3,0
4787,3,0
4788,0,1
4789,2,1
4790,3,0
4791,3,4
4792,3,1
4793,4,1
4794,3,3
4795,1,2
4796,3,0
4797,3,0
4798,4,0
4799,3,0
4800,4,1
4801,4,1
4802,4,1
4803,4,1
4804,4,1
4805,2,1
4806,3,0
4807,2,1
4808,0,1
4809,0,1
4810,4,1
4811,3,0
4812,4,1
4813,3,0
4814,2,3
4815,1,2
4816,2,3
4817,3,0
4818,2,3
4819,4,3
4820,2,3
4821,4,1
4822,4,0
4823,0,1
4824,3,0
4825,0,1
4826,0,1
4827,0,1
4828,3,0
4829,4,1
4830,3,0
4831,4,1
4832,0,3
4833,0,3
4834,4,0
4835,4,3
4836,4,1
4837,0,1
4838,2,0
4839,4,2
4840,2,0
4841,2,3
4842,0,3
4843,2,3
4844,4,0
4845,0,1
4846,2,0
4847,3,0
4848,3,0
4849,2,3
4850,4,0
4851,3,0
4852,4,3
4853,4,3
4854,0,1
4855,3,0
4856,2,3
4857,2,1
4858,3,3
4859,2,3
4860,0,1
4861,3,0
4862,2,1
4863,0,1
4864,0,3
4865,4,3
4866,0,3
4867,0,3
4868,3,0
4869,3,0
4870,2,0
4871,2,3
4872,2,0
4873,3,0
4874,4,1
4875,0,1
4876,0,1
4877,4,3
4878,1,2
4879,0,2
4880,4,0
4881,3,0
4882,4,0
4883,4,1
4884,4,3
4885,4,1
4886,3,4
4887,0,1
4888,0,1
4889,4,1
4890,3,0
4891,0,1
4892,2,3
4893,3,1
4894,1,2
4895,0,1
4896,3,0
4897,2,0
4898,4,1
4899,0,3
4900,2,3
4901,4,1
4902,4,1
4903,4,1
4904,4,3
4905,3,4
4906,4,3
4907,3,0
4908,3,0
4909,4,1
4910,4,3
4911,2,3
4912,0,3
4913,3,0
4914,2,3
4915,3,0
4916,3,3
4917,2,1
4918,2,3
4919,1,2
4920,0,1
4921,3,0
4922,4,1
4923,2,3
4924,2,1
4925,4,1
4926,4,1
4927,4,3
4928,4,1
4929,4,1
4930,4,2
4931,4,3
4932,4,1
4933,4,3
4934,0,3
4935,0,1
4936,2,3
4937,3,3
4938,1,2
4939,0,3
4940,0,3
4941,0,1
4942,4,0
4943,2,3
4944,0,2
4945,0,2
4946,1,2
4947,2,3
4948,4,1
4949,4,0
4950,3,0
4951,4,1
4952,3,0
4953,2,3
4954,3,0
4955,2,1
4956,4,0
4957,4,1
4958,4,3
4959,4,1
4960,4,1
4961,0,1
4962,2,3
4963,0,3
4964,2,3
4965,3,0
4966,2,3
4967,0,3
4968,0,1
4969,0,1
4970,4,1
4971,4,1
4972,4,1
4973,2,3
4974,0,1
4975,1,2
4976,1,2
4977,4,1
4978,4,1
4979,4,1
4980,4,3
4981,4,1
4982,2,3
4983,2,3
4984,4,0
4985,0,2
4986,1,2
4987,3,0
4988,2,3
4989,2,1
4990,2,1
4991,1,2
4992,2,3
4993,2,3
4994,4,1
4995,0,1
4996,1,2
4997,4,0
4998,2,3
4999,2,1
5000,4,1
5001,4,1
5002,1,2
5003,4,2
5004,2,3
5005,0,3
5006,3,3
5007,2,1
5008,4,3
5009,3,0
5010,4,0
5011,2,3
5012,0,3
5013,1,2
5014,0,1
5015,0,1
5016,0,1
5017,1,2
5018,3,0
5019,3,0
5020,4,0
5021,0,1
5022,1,2
5023,2,2
5024,0,3
5025,1,2
5026,0,2
5027,4,1
5028,4,0
5029,2,1
5030,0,1
5031,2,3
5032,2,3
5033,2,0
5034,3,0
5035,2,3
5036,4,1
5037,2,3
5038,2,3
5039,2,0
5040,1,4
5041,2,2
5042,2,3
5043,4,1
5044,4,1
5045,2,3
5046,2,3
5047,2,3
5048,4,1
5049,3,0
5050,0,3
5051,4,1
5052,1,4
5053,3,0
5054,2,0
5055,0,1
5056,2,3
5057,2,3
5058,2,0
5059,3,0
5060,4,1
5061,4,2
5062,2,3
5063,4,3
5064,0,1
5065,4,1
5066,2,3
5067,0,1
5068,4,1
5069,4,1
5070,0,1
5071,3,0
5072,4,1
5073,4,1
5074,4,1
5075,4,1
5076,0,2
5077,0,1
5078,4,3
5079,0,1
5080,4,1
5081,4,1
5082,2,0
5083,4,3
5084,4,3
5085,4,1
5086,3,0
5087,3,0
5088,3,0
5089,3,0
5090,0,1
5091,4,3
5092,3,0
5093,4,1
5094,4,1
5095,4,1
5096,3,3
5097,4,1
5098,0,1
5099,4,1
5100,0,3
5101,4,1
5102,4,3
5103,4,1
5104,4,3
5105,0,1
5106,0,1
5107,4,3
5108,2,3
5109,2,3
5110,2,3
5111,2,3
5112,2,3
5113,2,0
5114,2,3
5115,4,3
5116,2,1
5117,3,0
5118,2,3
5119,1,4
5120,2,3
5121,2,3
5122,2,3
5123,2,3
5124,4,3
5125,4,3
5126,2,0
5127,0,3
5128,2,3
5129,2,3
5130,2,3
5131,0,3
5132,2,2
5133,4,3
5134,4,1
5135,0,2
5136,1,2
5137,4,1
5138,4,1
5139,0,1
5140,4,4
5141,4,1
5142,4,1
5143,2,3
5144,2,3
5145,3,3
5146,1,2
5147,4,1
5148,1,2
5149,4,0
5150,4,1
5151,0,1
5152,3,0
5153,2,3
5154,2,3
5155,2,0
5156,0,1
5157,0,1
5158,4,3
5159,4,1
5160,4,3
5161,3,0
5162,3,0
5163,4,2
5164,0,1
5165,2,1
5166,4,3
5167,3,0
5168,4,1
5169,4,1
5170,0,1
5171,4,0
5172,4,3
5173,4,1
5174,4,3
5175,4,1
5176,2,3
5177,3,0
5178,3,0
5179,0,3
5180,0,3
5181,0,3
5182,3,3
5183,0,1
5184,2,3
5185,4,1
5186,4,3
5187,4,0
5188,3,0
5189,4,0
5190,0,1
5191,3,0
5192,4,1
5193,4,0
5194,3,0
5195,4,1
5196,4,1
5197,4,1
5198,4,3
5199,4,1
5200,3,0
5201,2,3
5202,3,0
5203,2,0
5204,4,1
5205,0,1
5206,0,3
5207,0,1
5208,0,1
5209,4,3
5210,3,0
5211,3,0
5212,3,0
5213,2,0
5214,3,0
5215,3,0
5216,4,1
5217,2,1
5218,1,2
5219,2,3
5220,0,3
5221,0,3
5222,0,1
5223,2,1
5224,3,0
5225,0,1
5226,4,3
5227,2,3
5228,2,3
5229,0,3
5230,2,3
5231,0,2
5232,2,3
5233,2,3
5234,0,3
5235,3,0
5236,4,1
5237,3,1
5238,2,3
5239,4,1
5240,4,1
5241,4,1
5242,4,3
5243,0,1
5244,2,3
5245,4,3
5246,2,3
5247,3,0
5248,4,1
5249,4,1
5250,4,0
5251,1,3
5252,0,1
5253,0,3
5254,3,0
5255,0,1
5256,2,3
5257,3,0
5258,4,3
5259,2,3
5260,2,3
5261,3,0
5262,4,0
5263,4,1
5264,2,3
5265,4,3
5266,2,3
5267,0,1
5268,0,1
5269,0,1
5270,0,3
5271,3,0
5272,0,1
5273,4,1
5274,2,2
5275,4,0
5276,2,3
5277,2,3
5278,3,0
5279,3,0
5280,2,0
5281,3,0
5282,2,1
5283,4,1
5284,2,3
5285,3,3
5286,3,0
5287,3,0
5288,2,3
5289,2,3
5290,2,3
5291,2,3
5292,2,3
5293,4,1
5294,2,3
5295,0,1
5296,2,0
5297,3,0
5298,0,1
5299,2,3
5300,0,1
5301,3,0
5302,4,2
5303,2,3
5304,2,3
5305,4,0
5306,4,0
5307,2,3
5308,2,1
5309,4,1
5310,3,0
5311,2,3
5312,4,0
5313,3,1
5314,2,1
5315,3,0
5316,0,1
5317,2,0
5318,4,3
5319,2,3
5320,4,0
5321,4,1
5322,3,0
5323,2,3
5324,2,3
5325,2,3
5326,2,3
5327,2,3
5328,1,2
5329,4,0
5330,3,1
5331,3,0
5332,4,0
5333,4,1
5334,4,2
5335,3,3
5336,3,0
5337,3,0
5338,0,1
5339,2,3
5340,4,0
5341,0,3
5342,0,3
5343,4,1
5344,4,3
5345,2,3
5346,0,1
5347,3,3
5348,2,1
5349,2,3
5350,3,3
5351,0,1
5352,0,1
5353,0,1
5354,4,1
5355,4,3
5356,0,1
5357,0,1
5358,4,1
5359,4,3
5360,3,0
5361,3,0
5362,4,1
5363,4,3
5364,3,1
5365,2,3
5366,2,3
5367,2,3
5368,4,2
5369,1,2
5370,2,3
5371,4,0
5372,2,3
5373,0,1
5374,2,3
5375,4,3
5376,4,0
5377,4,1
5378,4,3
5379,1,2
5380,4,0
5381,3,1
5382,3,0
5383,4,0
5384,3,1
5385,4,0
5386,0,1
5387,2,3
5388,2,3
5389,2,3
5390,0,1
5391,0,1
5392,2,3
5393,4,3
5394,2,2
5395,4,0
5396,0,1
5397,2,3
5398,2,1
5399,4,1
5400,4,3
5401,0,1
5402,2,3
5403,4,0
5404,4,0
5405,4,1
5406,2,3
5407,4,1
5408,3,0
5409,1,2
5410,0,0
5411,0,1
5412,3,0
5413,2,1
5414,0,1
5415,3,0
5416,3,0
5417,3,0
5418,4,1
5419,3,1
5420,2,0
5421,3,1
5422,3,1
5423,3,3
5424,4,3
5425,4,1
5426,3,0
5427,3,0
5428,4,1
5429,3,0
5430,3,0
5431,3,0
5432,2,3
5433,2,3
5434,0,3
5435,4,1
5436,4,1
5437,4,0
5438,2,3
5439,1,2
5440,0,1
5441,0,1
5442,2,3
5443,2,3
5444,2,3
5445,4,0
5446,4,1
5447,2,3
5448,4,1
5449,0,1
5450,3,0
5451,2,3
5452,3,0
5453,4,0
5454,2,3
5455,4,3
5456,3,0
5457,2,3
5458,4,0
5459,4,1
5460,4,1
5461,2,3
5462,4,1
5463,0,1
5464,0,1
5465,0,3
5466,0,3
5467,2,3
5468,3,0
5469,0,3
5470,4,0
5471,1,2
5472,2,3
5473,2,3
5474,4,3
5475,4,1
5476,4,1
5477,0,1
5478,2,3
5479,4,0
5480,3,0
5481,2,3
5482,3,0
5483,4,1
5484,4,1
5485,2,3
5486,4,1
5487,2,3
5488,2,3
5489,4,3
5490,1,2
5491,0,1
5492,2,3
5493,4,3
5494,2,3
5495,4,1
5496,4,1
5497,4,1
5498,2,0
5499,4,1
5500,4,1
5501,0,1
5502,0,3
5503,4,1
5504,0,1
5505,0,1
5506,4,1
5507,0,1
5508,0,1
5509,2,3
5510,3,0
5511,4,1
5512,4,3
5513,0,3
5514,4,1
5515,3,3
5516,2,1
5517,4,3
5518,3,0
5519,0,1
5520,0,3
5521,0,1
5522,3,0
5523,3,0
5524,0,1
5525,3,0
5526,4,1
5527,4,0
5528,4,0
5529,0,1
5530,2,3
5531,0,1
5532,2,3
5533,2,3
5534,4,3
5535,4,1
5536,4,3
5537,0,3
5538,2,1
5539,0,3
5540,2,1
5541,0,1
5542,1,2
5543,1,2
5544,0,3
5545,4,1
5546,4,1
5547,0,1
5548,2,1
5549,4,2
5550,3,0
5551,3,3
5552,2,3
5553,4,3
5554,3,1
5555,4,1
5556,3,1
5557,0,3
5558,3,4
5559,3,4
5560,2,3
5561,4,3
5562,2,1
5563,2,3
5564,2,3
5565,4,0
5566,0,1
5567,0,1
5568,3,1
5569,4,3
5570,3,1
5571,0,1
5572,0,1
5573,4,1
5574,4,1
5575,4,1
5576,4,1
5577,4,3
5578,0,3
5579,0,2
5580,3,0
5581,3,0
5582,2,3
5583,3,2
5584,2,3
5585,4,1
5586,2,3
5587,2,3
5588,0,1
5589,0,1
5590,0,3
5591,2,3
5592,0,1
5593,2,1
5594,4,1
5595,0,1
5596,4,0
5597,4,0
5598,2,0
5599,2,3
5600,4,1
5601,2,3
5602,4,1
5603,4,2
5604,0,2
5605,0,1
5606,0,1
5607,4,1
5608,0,1
5609,4,0
5610,4,0
5611,4,0
5612,4,0
5613,3,0
5614,0,3
5615,2,3
5616,4,1
5617,1,2
5618,2,3
5619,4,1
5620,4,1
5621,4,3
5622,4,1
5623,4,1
5624,4,1
5625,4,1
5626,4,1
5627,4,0
5628,4,0
5629,0,1
5630,2,1
5631,0,1
5632,3,0
5633,4,3
5634,2,3
5635,2,3
5636,0,1
5637,4,0
5638,2,2
5639,2,3
5640,2,3
5641,4,3
5642,4,0
5643,3,0
5644,3,0
5645,2,3
5646,0,0
5647,2,3
5648,4,1
5649,4,3
5650,4,1
5651,0,1
5652,3,2
5653,4,1
5654,2,3
5655,0,1
5656,0,3
5657,0,2
5658,3,0
5659,2,3
5660,2,3
5661,2,3
5662,2,3
5663,4,0
5664,0,3
5665,0,1
5666,4,0
5667,4,3
5668,4,1
5669,4,2
5670,3,0
5671,0,1
5672,2,3
5673,4,1
5674,0,2
5675,2,3
5676,4,1
5677,2,3
5678,2,3
5679,2,3
5680,2,3
5681,2,3
5682,3,0
5683,3,0
5684,4,3
5685,2,3
5686,2,3
5687,2,0
5688,2,3
5689,3,0
5690,4,3
5691,2,1
5692,4,1
5693,2,3
5694,3,0
5695,3,0
5696,2,3
5697,4,2
5698,0,3
5699,0,3
5700,2,1
5701,0,0
5702,0,1
5703,2,0
5704,1,4
5705,3,0
5706,0,3
5707,3,2
5708,2,3
5709,0,3
5710,2,3
5711,2,0
5712,4,0
5713,2,3
5714,0,1
5715,4,1
5716,4,1
5717,4,1
5718,4,1
5719,0,1
5720,0,1
5721,4,1
5722,4,2
5723,2,3
5724,0,1
5725,2,1
5726,2,1
5727,0,1
5728,2,3
5729,2,1
5730,4,0
5731,2,3
5732,0,3
5733,0,3
5734,0,1
5735,2,3
5736,4,3
5737,2,3
5738,4,1
5739,0,1
5740,2,3
5741,0,1
5742,0,1
5743,2,3
5744,4,0
5745,4,0
5746,2,3
5747,1,0
5748,3,0
5749,3,0
5750,2,3
5751,3,0
5752,2,3
5753,0,0
5754,2,3
5755,2,3
5756,4,0
5757,4,1
5758,2,3
5759,2,3
5760,2,3
5761,2,3
5762,4,3
5763,4,3
5764,4,3
5765,2,3
5766,2,3
5767,2,3
5768,4,0
5769,0,1
5770,0,3
5771,0,1
5772,4,3
5773,4,1
5774,2,1
5775,0,3
5776,0,1
5777,3,0
5778,2,3
5779,0,1
5780,4,1
5781,3,0
5782,3,0
5783,0,1
5784,4,0
5785,3,3
5786,0,1
5787,3,0
5788,4,0
5789,2,3
5790,2,3
5791,2,3
5792,4,3
5793,4,0
5794,4,1
5795,4,1
5796,4,1
5797,4,1
5798,0,3
5799,3,3
5800,4,0
5801,2,3
5802,0,1
5803,2,3
5804,3,1
5805,2,3
5806,4,1
5807,0,1
5808,4,3
5809,2,3
5810,2,3
5811,2,3
5812,0,2
5813,3,0
5814,1,2
5815,0,1
5816,0,1
5817,1,2
5818,4,1
5819,4,1
5820,2,3
5821,4,1
5822,2,3
5823,2,3
5824,3,0
5825,3,0
5826,2,3
5827,4,3
5828,2,3
5829,2,3
5830,2,3
5831,4,0
5832,4,1
5833,0,1
5834,4,3
5835,2,3
5836,0,1
5837,3,0
5838,2,3
5839,2,1
5840,4,3
5841,4,1
5842,2,0
5843,1,2
5844,3,0
5845,4,1
5846,0,3
5847,0,1
5848,1,4
5849,2,1
5850,0,1
5851,2,1
5852,2,2
5853,1,2
5854,4,3
5855,3,0
5856,2,3
5857,2,3
5858,4,1
5859,0,1
5860,3,3
5861,3,0
5862,3,1
5863,4,0
5864,2,3
5865,4,3
5866,4,1
5867,2,3
5868,0,1
5869,2,1
5870,2,3
5871,0,1
5872,4,3
5873,0,1
5874,2,3
5875,3,0
5876,2,3
5877,3,3
5878,2,3
5879,2,3
5880,4,3
5881,2,3
5882,2,3
5883,0,1
5884,4,1
5885,2,0
5886,4,1
5887,3,1
5888,0,1
5889,0,1
5890,2,1
5891,4,3
5892,0,1
5893,3,0
5894,0,1
5895,0,1
5896,2,0
5897,0,1
5898,1,2
5899,0,2
5900,0,1
5901,0,1
5902,0,1
5903,2,3
5904,2,3
5905,4,0
5906,2,3
5907,0,1
5908,4,1
5909,4,1
5910,0,1
5911,1,4
5912,3,3
5913,2,3
5914,4,1
5915,3,1
5916,0,1
5917,0,1
5918,2,3
5919,2,1
5920,2,0
5921,0,1
5922,0,2
5923,0,1
5924,3,0
5925,0,3
5926,2,3
5927,0,1
5928,0,1
5929,0,1
5930,3,0
5931,1,2
5932,4,0
5933,0,1
5934,0,1
5935,0,1
5936,4,1
5937,3,0
5938,2,3
5939,3,0
5940,3,1
5941,4,1
5942,4,3
5943,4,3
5944,2,3
5945,1,2
5946,1,2
5947,2,3
5948,2,3
5949,2,1
5950,2,3
5951,2,3
5952,4,0
5953,0,1
5954,4,3
5955,3,0
5956,0,1
5957,1,2
5958,2,3
5959,4,2
5960,2,3
5961,4,0
5962,2,1
5963,0,2
5964,4,1
5965,2,3
5966,2,3
5967,2,3
5968,2,3
5969,0,3
5970,2,3
5971,2,1
5972,2,3
5973,1,4
5974,4,0
5975,3,0
5976,4,3
5977,4,1
5978,2,3
5979,4,0
5980,2,3
5981,4,1
5982,0,1
5983,4,1
5984,4,0
5985,4,1
5986,4,3
5987,4,3
5988,2,3
5989,0,1
5990,0,1
5991,1,2
5992,3,0
5993,2,3
5994,2,3
5995,2,3
5996,4,0
5997,4,1
5998,2,3
5999,3,0
6000,2,3
6001,3,3
6002,4,1
6003,3,0
6004,0,1
6005,4,3
6006,0,1
6007,4,1
6008,3,0
6009,3,1
6010,4,1
6011,4,1
6012,0,3
6013,4,1
6014,0,1
6015,2,3
6016,0,1
6017,4,1
6018,4,1
6019,2,3
6020,3,0
6021,0,1
6022,3,0
6023,0,3
6024,4,3
6025,3,0
6026,4,1
6027,3,1
6028,4,3
6029,0,3
6030,4,1
6031,4,1
6032,4,1
6033,0,2
6034,4,1
6035,4,0
6036,4,1
6037,2,3
6038,4,0
6039,3,0
6040,2,3
6041,2,3
6042,2,3
6043,0,1
6044,2,3
6045,2,3
6046,4,3
6047,4,1
6048,4,2
6049,2,2
6050,2,3
6051,2,3
6052,4,1
6053,4,1
6054,2,3
6055,4,1
6056,0,1
6057,2,3
6058,0,1
6059,0,1
6060,0,1
6061,0,1
6062,2,3
6063,2,3
6064,4,3
6065,2,3
6066,2,3
6067,2,3
6068,2,3
6069,2,3
6070,0,3
6071,2,3
6072,4,0
6073,4,0
6074,0,1
6075,0,1
6076,3,0
6077,0,1
6078,4,3
6079,1,2
6080,4,1
6081,3,0
6082,0,1
6083,0,1
6084,4,1
6085,0,1
6086,4,0
6087,0,1
6088,2,3
6089,2,3
6090,2,3
6091,0,1
6092,4,0
6093,1,2
6094,2,3
6095,2,1
6096,2,0
6097,3,0
6098,0,1
6099,0,1
6100,3,0
6101,2,1
6102,4,1
6103,4,1
6104,2,3
6105,4,1
6106,4,1
6107,2,3
6108,1,2
6109,0,1
6110,0,3
6111,3,0
6112,4,1
6113,3,0
6114,4,1
6115,0,1
6116,0,1
6117,0,1
6118,4,1
6119,4,3
6120,3,3
6121,4,1
6122,3,0
6123,2,0
6124,3,0
6125,2,3
6126,4,3
6127,3,0
6128,4,1
6129,4,0
6130,4,1
6131,3,0
6132,4,2
6133,3,0
6134,2,3
6135,4,1
6136,0,1
6137,4,1
6138,4,1
6139,4,0
6140,4,1
6141,2,3
6142,0,1
6143,2,3
6144,4,3
6145,3,0
6146,4,1
6147,1,2
6148,1,2
6149,2,3
6150,4,3
6151,4,1
6152,4,1
6153,4,0
6154,4,0
6155,4,1
6156,1,2
6157,3,0
6158,4,0
6159,0,1
6160,0,1
6161,4,1
6162,4,1
6163,0,1
6164,3,0
6165,3,0
6166,2,0
6167,3,0
6168,2,0
6169,2,3
6170,4,1
6171,4,0
6172,0,1
6173,2,3
6174,2,3
6175,1,4
6176,1,4
6177,1,4
