row_idx,row_cluster
0,3
1,3
2,1
3,4
4,4
5,1
6,4
7,3
8,4
9,3
10,2
11,2
12,3
13,1
14,3
15,3
16,4
17,1
18,4
19,1
20,2
21,1
22,1
23,1
24,2
25,3
26,3
27,2
28,3
29,3
30,3
31,4
32,4
33,3
34,1
35,1
36,4
37,1
38,3
39,3
40,2
41,1
42,3
43,3
44,3
45,3
46,1
47,1
48,3
49,3
50,4
51,3
52,3
53,3
54,2
55,3
56,3
57,1
58,3
59,3
60,4
61,1
62,3
63,3
64,3
65,3
66,4
67,4
68,3
69,4
70,3
71,1
72,0
73,0
74,0
75,3
76,4
77,1
78,4
79,2
80,3
81,3
82,4
83,3
84,4
85,4
86,4
87,4
88,3
89,2
90,3
91,3
92,3
93,3
94,3
95,3
96,2
97,1
98,4
99,3
100,3
101,3
102,3
103,3
104,3
105,4
106,4
107,2
108,1
109,1
110,3
111,1
112,0
113,1
114,1
115,4
116,4
117,3
118,3
119,2
120,4
121,1
122,1
123,1
124,3
125,4
126,1
127,3
128,1
129,3
130,4
131,4
132,1
133,1
134,3
135,1
136,1
137,2
138,4
139,1
140,1
141,4
142,2
143,1
144,2
145,1
146,4
147,0
148,3
149,3
150,3
151,1
152,3
153,3
154,4
155,2
156,4
157,3
158,1
159,3
160,4
161,4
162,3
163,3
164,2
165,1
166,1
167,4
168,3
169,3
170,3
171,1
172,1
173,1
174,1
175,1
176,4
177,4
178,4
179,4
180,1
181,1
182,4
183,1
184,1
185,2
186,2
187,3
188,2
189,1
190,3
191,2
192,2
193,1
194,2
195,1
196,4
197,1
198,3
199,1
200,3
201,3
202,3
203,3
204,3
205,4
206,2
207,2
208,1
209,2
210,2
211,2
212,2
213,3
214,4
215,1
216,3
217,1
218,3
219,2
220,2
221,3
222,3
223,4
224,0
225,0
226,0
227,3
228,4
229,3
230,4
231,4
232,4
233,1
234,1
235,1
236,0
237,1
238,3
239,4
240,3
241,4
242,4
243,1
244,3
245,3
246,4
247,4
248,4
249,1
250,3
251,1
252,3
253,1
254,3
255,3
256,1
257,1
258,1
259,2
260,4
261,4
262,1
263,3
264,3
265,3
266,2
267,2
268,4
269,3
270,1
271,1
272,2
273,4
274,3
275,4
276,1
277,2
278,4
279,4
280,3
281,3
282,3
283,1
284,3
285,3
286,4
287,3
288,1
289,1
290,4
291,1
292,4
293,4
294,4
295,4
296,3
297,2
298,0
299,0
300,4
301,0
302,3
303,1
304,4
305,3
306,2
307,1
308,1
309,1
310,1
311,0
312,1
313,1
314,3
315,2
316,1
317,0
318,0
319,3
320,3
321,1
322,2
323,1
324,2
325,3
326,2
327,3
328,3
329,4
330,4
331,4
332,2
333,1
334,1
335,4
336,1
337,3
338,0
339,3
340,4
341,3
342,1
343,3
344,4
345,2
346,4
347,4
348,1
349,4
350,3
351,1
352,3
353,2
354,4
355,4
356,3
357,3
358,3
359,3
360,2
361,4
362,3
363,2
364,2
365,1
366,4
367,4
368,2
369,2
370,3
371,1
372,1
373,1
374,4
375,3
376,3
377,3
378,4
379,3
380,3
381,3
382,1
383,2
384,4
385,1
386,1
387,4
388,0
389,2
390,1
391,3
392,2
393,1
394,1
395,1
396,4
397,1
398,4
399,4
400,4
401,3
402,1
403,1
404,3
405,3
406,3
407,3
408,3
409,4
410,3
411,4
412,1
413,4
414,3
415,4
416,3
417,4
418,1
419,4
420,1
421,4
422,1
423,3
424,3
425,4
426,1
427,2
428,1
429,1
430,3
431,3
432,4
433,2
434,3
435,3
436,1
437,1
438,3
439,4
440,3
441,4
442,2
443,3
444,3
445,3
446,4
447,4
448,4
449,3
450,1
451,1
452,3
453,2
454,3
455,4
456,4
457,3
458,1
459,4
460,3
461,3
462,3
463,3
464,1
465,3
466,3
467,2
468,3
469,1
470,4
471,4
472,3
473,2
474,2
475,3
476,3
477,1
478,1
479,1
480,1
481,4
482,3
483,1
484,1
485,1
486,3
487,3
488,2
489,4
490,1
491,4
492,4
493,3
494,1
495,3
496,2
497,1
498,1
499,3
500,3
501,4
502,1
503,3
504,4
505,4
506,1
507,1
508,1
509,1
510,3
511,3
512,1
513,3
514,3
515,4
516,4
517,3
518,3
519,3
520,1
521,4
522,1
523,4
524,4
525,4
526,2
527,4
528,1
529,4
530,4
531,1
532,4
533,3
534,3
535,4
536,4
537,4
538,3
539,4
540,3
541,4
542,2
543,4
544,1
545,2
546,2
547,2
548,1
549,3
550,3
551,1
552,1
553,4
554,0
555,0
556,0
557,2
558,4
559,4
560,3
561,1
562,3
563,4
564,3
565,4
566,3
567,4
568,1
569,1
570,2
571,3
572,3
573,4
574,3
575,3
576,4
577,2
578,2
579,4
580,4
581,3
582,1
583,3
584,3
585,1
586,1
587,4
588,3
589,3
590,1
591,1
592,0
593,0
594,2
595,2
596,2
597,4
598,4
599,4
600,4
601,4
602,4
603,4
604,4
605,1
606,1
607,4
608,4
609,3
610,3
611,4
612,4
613,2
614,3
615,2
616,4
617,4
618,2
619,3
620,3
621,2
622,3
623,4
624,1
625,3
626,3
627,3
628,3
629,3
630,3
631,4
632,1
633,3
634,4
635,4
636,4
637,1
638,4
639,1
640,3
641,2
642,2
643,4
644,1
645,3
646,1
647,3
648,3
649,3
650,1
651,4
652,2
653,1
654,1
655,4
656,2
657,4
658,4
659,4
660,4
661,3
662,1
663,3
664,4
665,0
666,1
667,1
668,1
669,1
670,1
671,1
672,1
673,1
674,1
675,1
676,1
677,1
678,1
679,3
680,3
681,3
682,2
683,4
684,0
685,4
686,3
687,4
688,2
689,2
690,3
691,1
692,1
693,4
694,3
695,4
696,1
697,3
698,4
699,4
700,4
701,4
702,1
703,2
704,1
705,1
706,3
707,4
708,1
709,3
710,3
711,1
712,4
713,4
714,3
715,3
716,4
717,4
718,2
719,2
720,3
721,3
722,4
723,3
724,4
725,2
726,4
727,3
728,3
729,3
730,1
731,2
732,1
733,1
734,1
735,4
736,3
737,3
738,2
739,4
740,3
741,3
742,1
743,3
744,4
745,2
746,2
747,3
748,1
749,4
750,0
751,3
752,3
753,3
754,3
755,4
756,3
757,3
758,0
759,1
760,4
761,1
762,4
763,4
764,1
765,0
766,3
767,4
768,4
769,3
770,3
771,4
772,3
773,3
774,3
775,2
776,3
777,4
778,1
779,3
780,3
781,3
782,4
783,4
784,4
785,4
786,4
787,1
788,1
789,1
790,1
791,3
792,3
793,3
794,3
795,3
796,4
797,4
798,1
799,1
800,3
801,3
802,3
803,0
804,2
805,4
806,3
807,3
808,1
809,1
810,1
811,1
812,1
813,1
814,3
815,2
816,3
817,3
818,1
819,3
820,3
821,2
822,1
823,1
824,4
825,4
826,3
827,3
828,4
829,2
830,1
831,4
832,2
833,4
834,3
835,4
836,1
837,3
838,3
839,4
840,1
841,1
842,1
843,1
844,0
845,3
846,4
847,3
848,3
849,0
850,0
851,0
852,3
853,0
854,3
855,4
856,4
857,4
858,3
859,1
860,1
861,3
862,4
863,3
864,1
865,0
866,3
867,3
868,3
869,1
870,2
871,3
872,3
873,3
874,3
875,0
876,3
877,1
878,1
879,1
880,3
881,2
882,3
883,3
884,1
885,1
886,3
887,4
888,4
889,1
890,1
891,3
892,3
893,3
894,1
895,3
896,3
897,1
898,3
899,1
900,1
901,1
902,1
903,4
904,1
905,0
906,1
907,1
908,4
909,3
910,3
911,4
912,0
913,0
914,1
915,1
916,1
917,4
918,3
919,3
920,2
921,3
922,3
923,4
924,4
925,2
926,4
927,3
928,3
929,2
930,3
931,1
932,4
933,3
934,3
935,4
936,4
937,3
938,1
939,3
940,1
941,1
942,3
943,3
944,1
945,3
946,0
947,2
948,4
949,4
950,1
951,3
952,3
953,3
954,1
955,3
956,1
957,1
958,1
959,4
960,1
961,1
962,1
963,4
964,3
965,3
966,1
967,4
968,1
969,3
970,3
971,4
972,4
973,3
974,1
975,1
976,0
977,3
978,3
979,3
980,1
981,3
982,4
983,3
984,4
985,1
986,3
987,3
988,4
989,2
990,4
991,4
992,4
993,4
994,3
995,4
996,4
997,3
998,3
999,1
1000,3
1001,4
1002,4
1003,4
1004,4
1005,4
1006,4
1007,4
1008,2
1009,1
1010,4
1011,3
1012,4
1013,3
1014,1
1015,4
1016,3
1017,1
1018,4
1019,4
1020,1
1021,1
1022,1
1023,4
1024,3
1025,3
1026,2
1027,1
1028,4
1029,3
1030,2
1031,2
1032,3
1033,3
1034,1
1035,1
1036,3
1037,3
1038,3
1039,4
1040,4
1041,1
1042,1
1043,2
1044,3
1045,4
1046,2
1047,3
1048,1
1049,3
1050,1
1051,3
1052,0
1053,1
1054,3
1055,4
1056,3
1057,1
1058,2
1059,1
1060,3
1061,1
1062,4
1063,4
1064,4
1065,4
1066,3
1067,4
1068,3
1069,2
1070,4
1071,3
1072,1
1073,4
1074,3
1075,4
1076,3
1077,3
1078,1
1079,4
1080,1
1081,3
1082,3
1083,3
1084,1
1085,3
1086,2
1087,3
1088,1
1089,3
1090,1
1091,1
1092,4
1093,4
1094,0
1095,3
1096,3
1097,3
1098,1
1099,3
1100,3
1101,3
1102,3
1103,4
1104,3
1105,3
1106,4
1107,1
1108,1
1109,1
1110,0
1111,3
1112,3
1113,3
1114,1
1115,4
1116,1
1117,1
1118,1
1119,3
1120,4
1121,4
1122,4
1123,4
1124,3
1125,2
1126,3
1127,2
1128,4
1129,4
1130,3
1131,3
1132,3
1133,4
1134,3
1135,1
1136,4
1137,4
1138,3
1139,4
1140,1
1141,1
1142,1
1143,2
1144,1
1145,3
1146,2
1147,2
1148,4
1149,1
1150,1
1151,3
1152,3
1153,1
1154,4
1155,2
1156,3
1157,1
1158,1
1159,1
1160,3
1161,3
1162,1
1163,4
1164,3
1165,3
1166,3
1167,1
1168,4
1169,1
1170,4
1171,3
1172,3
1173,1
1174,3
1175,3
1176,4
1177,4
1178,3
1179,4
1180,1
1181,4
1182,1
1183,4
1184,1
1185,1
1186,1
1187,1
1188,1
1189,3
1190,3
1191,3
1192,1
1193,1
1194,3
1195,3
1196,1
1197,1
1198,1
1199,2
1200,3
1201,4
1202,4
1203,1
1204,1
1205,1
1206,1
1207,1
1208,1
1209,1
1210,1
1211,1
1212,4
1213,4
1214,2
1215,1
1216,4
1217,2
1218,4
1219,2
1220,1
1221,4
1222,0
1223,0
1224,1
1225,1
1226,1
1227,3
1228,3
1229,3
1230,1
1231,3
1232,1
1233,3
1234,3
1235,3
1236,3
1237,4
1238,4
1239,3
1240,3
1241,3
1242,3
1243,1
1244,3
1245,2
1246,3
1247,4
1248,4
1249,3
1250,4
1251,4
1252,3
1253,3
1254,3
1255,1
1256,4
1257,2
1258,1
1259,1
1260,4
1261,1
1262,2
1263,4
1264,4
1265,1
1266,1
1267,2
1268,3
1269,3
1270,4
1271,4
1272,4
1273,4
1274,2
1275,1
1276,3
1277,0
1278,1
1279,3
1280,3
1281,3
1282,3
1283,4
1284,3
1285,3
1286,4
1287,3
1288,3
1289,1
1290,3
1291,3
1292,3
1293,4
1294,3
1295,1
1296,2
1297,1
1298,1
1299,3
1300,1
1301,1
1302,3
1303,4
1304,3
1305,3
1306,3
1307,0
1308,1
1309,4
1310,1
1311,1
1312,2
1313,4
1314,3
1315,4
1316,4
1317,3
1318,4
1319,1
1320,3
1321,4
1322,1
1323,1
1324,2
1325,3
1326,3
1327,3
1328,3
1329,1
1330,4
1331,1
1332,3
1333,3
1334,4
1335,3
1336,3
1337,1
1338,4
1339,1
1340,3
1341,3
1342,1
1343,3
1344,1
1345,3
1346,1
1347,1
1348,3
1349,1
1350,1
1351,0
1352,3
1353,3
1354,1
1355,4
1356,3
1357,1
1358,2
1359,1
1360,4
1361,4
1362,4
1363,1
1364,4
1365,2
1366,3
1367,4
1368,1
1369,1
1370,1
1371,3
1372,4
1373,3
1374,3
1375,3
1376,3
1377,3
1378,3
1379,3
1380,1
1381,3
1382,3
1383,2
1384,4
1385,3
1386,3
1387,2
1388,1
1389,4
1390,1
1391,3
1392,3
1393,1
1394,1
1395,1
1396,1
1397,1
1398,0
1399,4
1400,4
1401,4
1402,3
1403,3
1404,4
1405,3
1406,3
1407,4
1408,3
1409,3
1410,1
1411,1
1412,1
1413,3
1414,1
1415,1
1416,1
1417,1
1418,1
1419,2
1420,3
1421,3
1422,3
1423,4
1424,4
1425,3
1426,4
1427,1
1428,3
1429,4
1430,2
1431,2
1432,3
1433,3
1434,3
1435,3
1436,4
1437,4
1438,0
1439,1
1440,2
1441,1
1442,1
1443,1
1444,4
1445,1
1446,1
1447,1
1448,1
1449,2
1450,3
1451,4
1452,1
1453,3
1454,3
1455,3
1456,3
1457,2
1458,4
1459,4
1460,3
1461,4
1462,1
1463,1
1464,3
1465,3
1466,3
1467,1
1468,3
1469,1
1470,1
1471,4
1472,3
1473,4
1474,3
1475,3
1476,4
1477,3
1478,3
1479,0
1480,3
1481,3
1482,3
1483,4
1484,3
1485,3
1486,0
1487,1
1488,3
1489,4
1490,4
1491,3
1492,3
1493,4
1494,1
1495,1
1496,3
1497,3
1498,3
1499,0
1500,1
1501,0
1502,4
1503,3
1504,3
1505,0
1506,2
1507,2
1508,2
1509,3
1510,3
1511,3
1512,1
1513,3
1514,3
1515,3
1516,1
1517,3
1518,3
1519,3
1520,4
1521,4
1522,1
1523,3
1524,1
1525,1
1526,0
1527,3
1528,3
1529,3
1530,3
1531,4
1532,3
1533,3
1534,4
1535,3
1536,3
1537,3
1538,3
1539,4
1540,1
1541,4
1542,3
1543,3
1544,3
1545,3
1546,4
1547,4
1548,4
1549,4
1550,3
1551,4
1552,3
1553,4
1554,3
1555,3
1556,3
1557,4
1558,1
1559,2
1560,3
1561,2
1562,1
1563,4
1564,4
1565,1
1566,1
1567,3
1568,3
1569,2
1570,1
1571,3
1572,4
1573,1
1574,4
1575,1
1576,3
1577,3
1578,3
1579,4
1580,1
1581,1
1582,3
1583,3
1584,1
1585,4
1586,1
1587,1
1588,1
1589,4
1590,1
1591,0
1592,4
1593,4
1594,3
1595,3
1596,3
1597,1
1598,1
1599,1
1600,3
1601,4
1602,3
1603,3
1604,4
1605,3
1606,1
1607,4
1608,3
1609,0
1610,2
1611,1
1612,4
1613,4
1614,3
1615,4
1616,3
1617,4
1618,4
1619,4
1620,0
1621,0
1622,0
1623,4
1624,0
1625,0
1626,1
1627,1
1628,3
1629,1
1630,1
1631,4
1632,4
1633,3
1634,3
1635,4
1636,2
1637,3
1638,4
1639,4
1640,4
1641,1
1642,3
1643,1
1644,1
1645,1
1646,4
1647,3
1648,4
1649,3
1650,3
1651,1
1652,2
1653,1
1654,4
1655,1
1656,4
1657,1
1658,2
1659,2
1660,1
1661,4
1662,1
1663,4
1664,4
1665,4
1666,3
1667,4
1668,1
1669,1
1670,3
1671,4
1672,4
1673,4
1674,4
1675,4
1676,1
1677,3
1678,4
1679,4
1680,3
1681,4
1682,1
1683,1
1684,4
1685,3
1686,3
1687,3
1688,1
1689,3
1690,4
1691,1
1692,3
1693,2
1694,3
1695,3
1696,4
1697,3
1698,1
1699,3
1700,0
1701,4
1702,3
1703,1
1704,1
1705,1
1706,3
1707,2
1708,3
1709,3
1710,3
1711,4
1712,1
1713,3
1714,3
1715,4
1716,1
1717,3
1718,3
1719,4
1720,1
1721,1
1722,3
1723,4
1724,1
1725,3
1726,3
1727,0
1728,4
1729,4
1730,4
1731,1
1732,4
1733,4
1734,1
1735,4
1736,1
1737,1
1738,4
1739,1
1740,1
1741,4
1742,1
1743,0
1744,1
1745,1
1746,1
1747,4
1748,4
1749,1
1750,1
1751,3
1752,3
1753,1
1754,4
1755,1
1756,1
1757,0
1758,2
1759,1
1760,1
1761,4
1762,1
1763,4
1764,1
1765,4
1766,1
1767,3
1768,4
1769,3
1770,4
1771,3
1772,4
1773,2
1774,3
1775,4
1776,3
1777,1
1778,2
1779,1
1780,1
1781,1
1782,1
1783,4
1784,1
1785,3
1786,3
1787,3
1788,3
1789,1
1790,1
1791,4
1792,1
1793,1
1794,3
1795,4
1796,4
1797,1
1798,1
1799,1
1800,3
1801,1
1802,4
1803,0
1804,1
1805,3
1806,1
1807,1
1808,3
1809,4
1810,3
1811,3
1812,4
1813,4
1814,1
1815,4
1816,1
1817,4
1818,4
1819,3
1820,4
1821,3
1822,0
1823,0
1824,1
1825,1
1826,4
1827,2
1828,3
1829,4
1830,1
1831,0
1832,4
1833,1
1834,3
1835,3
1836,4
1837,1
1838,3
1839,4
1840,4
1841,3
1842,2
1843,3
1844,4
1845,4
1846,4
1847,3
1848,1
1849,1
1850,4
1851,3
1852,4
1853,4
1854,1
1855,4
1856,4
1857,4
1858,4
1859,4
1860,3
1861,1
1862,3
1863,3
1864,1
1865,2
1866,1
1867,3
1868,3
1869,3
1870,3
1871,4
1872,4
1873,1
1874,1
1875,3
1876,3
1877,2
1878,4
1879,4
1880,4
1881,4
1882,4
1883,4
1884,4
1885,3
1886,4
1887,4
1888,0
1889,4
1890,3
1891,1
1892,0
1893,3
1894,0
1895,0
1896,0
1897,1
1898,4
1899,3
1900,3
1901,1
1902,1
1903,3
1904,4
1905,1
1906,3
1907,4
1908,4
1909,1
1910,3
1911,3
1912,3
1913,4
1914,1
1915,2
1916,4
1917,3
1918,4
1919,4
1920,3
1921,3
1922,1
1923,4
1924,0
1925,1
1926,4
1927,1
1928,1
1929,3
1930,4
1931,3
1932,1
1933,1
1934,4
1935,1
1936,1
1937,2
1938,4
1939,3
1940,3
1941,4
1942,3
1943,3
1944,4
1945,3
1946,4
1947,3
1948,3
1949,1
1950,3
1951,3
1952,4
1953,4
1954,4
1955,1
1956,3
1957,4
1958,2
1959,4
1960,3
1961,3
1962,4
1963,2
1964,2
1965,4
1966,3
1967,1
1968,2
1969,1
1970,1
1971,1
1972,4
1973,4
1974,1
1975,1
1976,2
1977,1
1978,1
1979,4
1980,1
1981,3
1982,0
1983,0
1984,1
1985,1
1986,1
1987,4
1988,4
1989,1
1990,3
1991,1
1992,4
1993,0
1994,4
1995,2
1996,4
1997,4
1998,4
1999,1
2000,4
2001,4
2002,3
2003,3
2004,1
2005,1
2006,4
2007,4
2008,4
2009,1
2010,0
2011,1
2012,1
2013,4
2014,3
2015,3
2016,1
2017,3
2018,4
2019,1
2020,1
2021,4
2022,4
2023,3
2024,3
2025,1
2026,3
2027,3
2028,4
2029,3
2030,1
2031,1
2032,2
2033,1
2034,1
2035,4
2036,4
2037,4
2038,1
2039,2
2040,4
2041,1
2042,4
2043,4
2044,0
2045,3
2046,4
2047,1
2048,1
2049,1
2050,3
2051,4
2052,1
2053,4
2054,1
2055,1
2056,2
2057,1
2058,1
2059,4
2060,1
2061,1
2062,3
2063,3
2064,4
2065,4
2066,1
2067,1
2068,1
2069,2
2070,4
2071,2
2072,4
2073,4
2074,3
2075,1
2076,4
2077,1
2078,1
2079,4
2080,2
2081,4
2082,3
2083,4
2084,4
2085,4
2086,4
2087,4
2088,3
2089,3
2090,3
2091,4
2092,1
2093,4
2094,2
2095,1
2096,3
2097,3
2098,3
2099,4
2100,1
2101,4
2102,1
2103,1
2104,1
2105,4
2106,3
2107,4
2108,4
2109,4
2110,4
2111,4
2112,4
2113,4
2114,4
2115,3
2116,3
2117,4
2118,4
2119,4
2120,4
2121,4
2122,3
2123,1
2124,1
2125,4
2126,1
2127,1
2128,3
2129,1
2130,0
2131,4
2132,4
2133,4
2134,4
2135,3
2136,3
2137,4
2138,4
2139,4
2140,4
2141,3
2142,3
2143,3
2144,1
2145,4
2146,3
2147,4
2148,4
2149,4
2150,1
2151,4
2152,2
2153,3
2154,3
2155,1
2156,3
2157,3
2158,1
2159,4
2160,3
2161,3
2162,0
2163,3
2164,2
2165,1
2166,1
2167,1
2168,1
2169,1
2170,4
2171,1
2172,1
2173,3
2174,3
2175,3
2176,4
2177,3
2178,4
2179,1
2180,1
2181,3
2182,1
2183,3
2184,4
2185,3
2186,4
2187,4
2188,4
2189,3
2190,1
2191,1
2192,1
2193,4
2194,1
2195,2
2196,3
2197,1
2198,3
2199,4
2200,1
2201,1
2202,4
2203,4
2204,3
2205,4
2206,4
2207,4
2208,3
2209,3
2210,4
2211,2
2212,4
2213,2
2214,4
2215,4
2216,4
2217,4
2218,4
2219,3
2220,4
2221,1
2222,4
2223,4
2224,1
2225,4
2226,4
2227,4
2228,4
2229,4
2230,4
2231,3
2232,4
2233,1
2234,3
2235,4
2236,4
2237,1
2238,3
2239,3
2240,4
2241,4
2242,4
2243,4
2244,3
2245,3
2246,1
2247,3
2248,1
2249,4
2250,3
2251,4
2252,4
2253,1
2254,2
2255,4
2256,1
2257,2
2258,4
2259,1
2260,0
2261,4
2262,4
2263,0
2264,4
2265,1
2266,1
2267,3
2268,1
2269,4
2270,4
2271,3
2272,3
2273,1
2274,1
2275,1
2276,4
2277,4
2278,4
2279,3
2280,1
2281,4
2282,3
2283,4
2284,3
2285,4
2286,4
2287,1
2288,4
2289,3
2290,1
2291,4
2292,1
2293,1
2294,1
2295,3
2296,4
2297,1
2298,1
2299,3
2300,1
2301,1
2302,1
2303,3
2304,1
2305,0
2306,4
2307,4
2308,2
2309,1
2310,4
2311,2
2312,1
2313,1
2314,1
2315,4
2316,1
2317,1
2318,1
2319,3
2320,3
2321,4
2322,1
2323,4
2324,3
2325,3
2326,3
2327,2
2328,0
2329,4
2330,4
2331,3
2332,3
2333,1
2334,1
2335,3
2336,4
2337,1
2338,1
2339,4
2340,3
2341,3
2342,1
2343,1
2344,2
2345,4
2346,4
2347,1
2348,4
2349,3
2350,4
2351,3
2352,1
2353,1
2354,3
2355,3
2356,3
2357,2
2358,4
2359,1
2360,3
2361,4
2362,2
2363,4
2364,1
2365,4
2366,1
2367,1
2368,3
2369,4
2370,0
2371,0
2372,1
2373,4
2374,1
2375,1
2376,3
2377,1
2378,1
2379,1
2380,3
2381,1
2382,3
2383,4
2384,3
2385,1
2386,3
2387,4
2388,4
2389,1
2390,3
2391,1
2392,1
2393,3
2394,1
2395,2
2396,2
2397,4
2398,1
2399,3
2400,3
2401,3
2402,3
2403,3
2404,1
2405,3
2406,1
2407,0
2408,0
2409,4
2410,1
2411,3
2412,3
2413,3
2414,1
2415,1
2416,3
2417,1
2418,3
2419,1
2420,4
2421,3
2422,1
2423,3
2424,3
2425,4
2426,3
2427,1
2428,4
2429,1
2430,1
2431,4
2432,4
2433,1
2434,3
2435,1
2436,4
2437,3
2438,3
2439,3
2440,0
2441,4
2442,3
2443,3
2444,3
2445,4
2446,3
2447,1
2448,1
2449,2
2450,3
2451,3
2452,3
2453,3
2454,4
2455,4
2456,3
2457,0
2458,1
2459,2
2460,1
2461,2
2462,3
2463,3
2464,1
2465,1
2466,3
2467,4
2468,4
2469,4
2470,1
2471,1
2472,3
2473,3
2474,3
2475,4
2476,3
2477,4
2478,2
2479,2
2480,1
2481,1
2482,4
2483,1
2484,1
2485,3
2486,3
2487,4
2488,4
2489,3
2490,3
2491,1
2492,4
2493,1
2494,1
2495,1
2496,4
2497,1
2498,2
2499,1
2500,3
2501,2
2502,1
2503,3
2504,1
2505,1
2506,3
2507,4
2508,4
2509,3
2510,4
2511,4
2512,1
2513,4
2514,3
2515,0
2516,1
2517,4
2518,3
2519,3
2520,3
2521,4
2522,1
2523,2
2524,4
2525,3
2526,1
2527,4
2528,1
2529,1
2530,1
2531,4
2532,4
2533,3
2534,3
2535,1
2536,3
2537,4
2538,3
2539,3
2540,1
2541,2
2542,1
2543,2
2544,1
2545,3
2546,3
2547,3
2548,1
2549,3
2550,3
2551,4
2552,4
2553,1
2554,1
2555,4
2556,4
2557,4
2558,4
2559,4
2560,3
2561,4
2562,4
2563,3
2564,0
2565,0
2566,3
2567,3
2568,3
2569,4
2570,4
2571,3
2572,3
2573,1
2574,2
2575,3
2576,3
2577,1
2578,3
2579,3
2580,1
2581,4
2582,4
2583,3
2584,3
2585,3
2586,1
2587,1
2588,1
2589,1
2590,3
2591,2
2592,3
2593,1
2594,2
2595,3
2596,3
2597,2
2598,1
2599,1
2600,1
2601,1
2602,4
2603,4
2604,1
2605,2
2606,3
2607,3
2608,1
2609,1
2610,3
2611,3
2612,4
2613,4
2614,3
2615,4
2616,3
2617,4
2618,3
2619,1
2620,3
2621,3
2622,1
2623,4
2624,3
2625,4
2626,2
2627,3
2628,1
2629,3
2630,3
2631,1
2632,1
2633,1
2634,1
2635,1
2636,1
2637,3
2638,1
2639,1
2640,1
2641,4
2642,2
2643,1
2644,3
2645,4
2646,3
2647,1
2648,4
2649,4
2650,3
2651,3
2652,1
2653,4
2654,3
2655,1
2656,1
2657,2
2658,4
2659,1
2660,1
2661,4
2662,3
2663,3
2664,1
2665,3
2666,4
2667,4
2668,4
2669,1
2670,2
2671,1
2672,4
2673,4
2674,3
2675,4
2676,4
2677,3
2678,1
2679,1
2680,3
2681,0
2682,3
2683,4
2684,3
2685,1
2686,1
2687,3
2688,3
2689,1
2690,1
2691,1
2692,1
2693,1
2694,3
2695,4
2696,4
2697,1
2698,1
2699,1
2700,1
2701,4
2702,2
2703,3
2704,1
2705,1
2706,1
2707,2
2708,2
2709,4
2710,4
2711,4
2712,4
2713,3
2714,1
2715,0
2716,1
2717,1
2718,4
2719,1
2720,3
2721,1
2722,0
2723,3
2724,2
2725,3
2726,0
2727,3
2728,3
2729,4
2730,4
2731,1
2732,3
2733,3
2734,3
2735,3
2736,3
2737,3
2738,3
2739,3
2740,1
2741,3
2742,1
2743,1
2744,3
2745,1
2746,1
2747,3
2748,3
2749,4
2750,1
2751,2
2752,1
2753,4
2754,2
2755,4
2756,2
2757,4
2758,4
2759,3
2760,4
2761,3
2762,4
2763,3
2764,4
2765,4
2766,3
2767,3
2768,4
2769,1
2770,1
2771,4
2772,4
2773,3
2774,1
2775,3
2776,1
2777,1
2778,2
2779,1
2780,1
2781,1
2782,2
2783,4
2784,4
2785,3
2786,3
2787,1
2788,3
2789,4
2790,2
2791,1
2792,1
2793,0
2794,0
2795,4
2796,3
2797,4
2798,1
2799,3
2800,3
2801,4
2802,1
2803,0
2804,3
2805,2
2806,4
2807,4
2808,4
2809,4
2810,4
2811,3
2812,3
2813,1
2814,1
2815,1
2816,1
2817,3
2818,2
2819,4
2820,0
2821,0
2822,3
2823,3
2824,4
2825,2
2826,4
2827,4
2828,4
2829,3
2830,1
2831,3
2832,4
2833,1
2834,1
2835,3
2836,3
2837,3
2838,3
2839,4
2840,3
2841,1
2842,1
2843,3
2844,3
2845,2
2846,3
2847,1
2848,1
2849,3
2850,3
2851,2
2852,3
2853,4
2854,3
2855,4
2856,1
2857,3
2858,1
2859,1
2860,3
2861,0
2862,3
2863,2
2864,1
2865,3
2866,3
2867,4
2868,4
2869,3
2870,3
2871,1
2872,3
2873,1
2874,4
2875,4
2876,2
2877,4
2878,4
2879,1
2880,1
2881,3
2882,3
2883,2
2884,4
2885,2
2886,1
2887,1
2888,3
2889,2
2890,2
2891,1
2892,4
2893,3
2894,4
2895,4
2896,4
2897,2
2898,1
2899,3
2900,2
2901,2
2902,4
2903,3
2904,1
2905,1
2906,3
2907,1
2908,4
2909,3
2910,1
2911,3
2912,4
2913,1
2914,2
2915,4
2916,3
2917,2
2918,2
2919,3
2920,3
2921,1
2922,1
2923,1
2924,2
2925,1
2926,2
2927,0
2928,1
2929,1
2930,2
2931,3
2932,3
2933,2
2934,4
2935,0
2936,0
2937,1
2938,1
2939,1
2940,1
2941,4
2942,1
2943,1
2944,4
2945,1
2946,1
2947,4
2948,4
2949,3
2950,3
2951,3
2952,3
2953,2
2954,1
2955,4
2956,1
2957,2
2958,4
2959,3
2960,4
2961,4
2962,3
2963,3
2964,2
2965,4
2966,4
2967,4
2968,3
2969,1
2970,4
2971,1
2972,0
2973,4
2974,1
2975,3
2976,1
2977,4
2978,3
2979,3
2980,3
2981,4
2982,1
2983,4
2984,1
2985,4
2986,3
2987,4
2988,3
2989,3
2990,4
2991,4
2992,3
2993,3
2994,3
2995,1
2996,4
2997,1
2998,1
2999,4
3000,4
3001,2
3002,1
3003,3
3004,3
3005,4
3006,3
3007,4
3008,3
3009,4
3010,4
3011,3
3012,4
3013,4
3014,2
3015,3
3016,4
3017,3
3018,3
3019,3
3020,3
3021,2
3022,4
3023,3
3024,1
3025,1
3026,1
3027,1
3028,1
3029,2
3030,1
3031,4
3032,4
3033,4
3034,0
3035,0
3036,3
3037,3
3038,4
3039,4
3040,4
3041,1
3042,3
3043,4
3044,4
3045,2
3046,3
3047,3
3048,3
3049,1
3050,3
3051,1
3052,3
3053,4
3054,4
3055,2
3056,1
3057,2
3058,3
3059,4
3060,4
3061,3
3062,3
3063,3
3064,3
3065,1
3066,2
3067,4
3068,4
3069,1
3070,3
3071,1
3072,4
3073,4
3074,3
3075,2
3076,3
3077,3
3078,3
3079,2
3080,4
3081,4
3082,3
3083,3
3084,1
3085,3
3086,1
3087,1
3088,0
3089,0
3090,1
3091,2
3092,1
3093,0
3094,2
3095,1
3096,1
3097,3
3098,4
3099,4
3100,3
3101,3
3102,1
3103,3
3104,4
3105,4
3106,1
3107,1
3108,3
3109,3
3110,1
3111,3
3112,4
3113,4
3114,2
3115,2
3116,3
3117,2
3118,4
3119,1
3120,2
3121,1
3122,3
3123,1
3124,1
3125,3
3126,1
3127,2
3128,4
3129,4
3130,0
3131,4
3132,1
3133,1
3134,1
3135,4
3136,1
3137,1
3138,3
3139,1
3140,1
3141,1
3142,1
3143,1
3144,1
3145,1
3146,3
3147,2
3148,1
3149,2
3150,2
3151,1
3152,2
3153,1
3154,4
3155,3
3156,4
3157,3
3158,3
3159,4
3160,1
3161,3
3162,1
3163,1
3164,4
3165,3
3166,4
3167,3
3168,4
3169,3
3170,3
3171,3
3172,2
3173,2
3174,3
3175,3
3176,4
3177,4
3178,3
3179,3
3180,4
3181,4
3182,3
3183,2
3184,1
3185,4
3186,3
3187,3
3188,0
3189,1
3190,1
3191,1
3192,1
3193,1
3194,1
3195,3
3196,0
3197,1
3198,2
3199,1
3200,4
3201,1
3202,0
3203,3
3204,1
3205,1
3206,2
3207,1
3208,1
3209,0
3210,1
3211,0
3212,3
3213,1
3214,4
3215,1
3216,1
3217,1
3218,1
3219,4
3220,4
3221,4
3222,1
3223,1
3224,1
3225,3
3226,3
3227,3
3228,3
3229,3
3230,3
3231,3
3232,0
3233,3
3234,4
3235,3
3236,4
3237,3
3238,4
3239,0
3240,2
3241,1
3242,1
3243,3
3244,4
3245,1
3246,1
3247,4
3248,3
3249,3
3250,2
3251,4
3252,4
3253,3
3254,1
3255,2
3256,1
3257,1
3258,3
3259,4
3260,4
3261,3
3262,3
3263,3
3264,1
3265,3
3266,4
3267,3
3268,4
3269,1
3270,0
3271,2
3272,1
3273,3
3274,3
3275,4
3276,3
3277,4
3278,3
3279,3
3280,3
3281,1
3282,1
3283,1
3284,3
3285,3
3286,4
3287,2
3288,2
3289,3
3290,4
3291,3
3292,4
3293,4
3294,1
3295,4
3296,4
3297,1
3298,3
3299,3
3300,3
3301,3
3302,3
3303,2
3304,1
3305,3
3306,4
3307,1
3308,1
3309,1
3310,1
3311,1
3312,1
3313,4
3314,4
3315,1
3316,1
3317,3
3318,4
3319,4
3320,3
3321,4
3322,2
3323,3
3324,3
3325,3
3326,3
3327,3
3328,1
3329,1
3330,3
3331,2
3332,3
3333,4
3334,3
3335,3
3336,4
3337,4
3338,2
3339,3
3340,4
3341,3
3342,3
3343,4
3344,3
3345,1
3346,4
3347,4
3348,4
3349,2
3350,2
3351,1
3352,1
3353,3
3354,3
3355,1
3356,1
3357,3
3358,1
3359,4
3360,3
3361,2
3362,3
3363,1
3364,1
3365,3
3366,3
3367,1
3368,3
3369,2
3370,1
3371,4
3372,1
3373,1
3374,1
3375,4
3376,4
3377,2
3378,3
3379,1
3380,1
3381,4
3382,3
3383,1
3384,1
3385,1
3386,4
3387,1
3388,0
3389,3
3390,2
3391,3
3392,3
3393,4
3394,0
3395,4
3396,4
3397,4
3398,4
3399,4
3400,4
3401,3
3402,1
3403,1
3404,3
3405,3
3406,1
3407,1
3408,3
3409,1
3410,3
3411,1
3412,1
3413,2
3414,4
3415,1
3416,3
3417,1
3418,3
3419,3
3420,3
3421,3
3422,4
3423,3
3424,1
3425,3
3426,1
3427,1
3428,2
3429,4
3430,1
3431,3
3432,1
3433,1
3434,4
3435,1
3436,1
3437,3
3438,2
3439,2
3440,3
3441,3
3442,3
3443,1
3444,3
3445,0
3446,2
3447,2
3448,0
3449,3
3450,1
3451,1
3452,1
3453,1
3454,3
3455,1
3456,1
3457,1
3458,1
3459,2
3460,1
3461,3
3462,3
3463,3
3464,3
3465,3
3466,3
3467,4
3468,3
3469,0
3470,0
3471,1
3472,2
3473,2
3474,1
3475,1
3476,1
3477,1
3478,1
3479,1
3480,1
3481,1
3482,1
3483,3
3484,1
3485,1
3486,3
3487,4
3488,3
3489,4
3490,3
3491,1
3492,0
3493,4
3494,3
3495,1
3496,4
3497,4
3498,1
3499,2
3500,2
3501,4
3502,4
3503,1
3504,3
3505,0
3506,1
3507,0
3508,3
3509,4
3510,4
3511,4
3512,0
3513,3
3514,1
3515,2
3516,2
3517,0
3518,1
3519,4
3520,0
3521,3
3522,4
3523,4
3524,1
3525,3
3526,1
3527,4
3528,4
3529,1
3530,3
3531,3
3532,3
3533,3
3534,2
3535,4
3536,4
3537,4
3538,1
3539,3
3540,3
3541,4
3542,3
3543,1
3544,3
3545,3
3546,3
3547,1
3548,1
3549,3
3550,3
3551,4
3552,2
3553,1
3554,3
3555,3
3556,4
3557,3
3558,2
3559,3
3560,1
3561,4
3562,3
3563,4
3564,2
3565,3
3566,3
3567,0
3568,0
3569,0
3570,1
3571,3
3572,3
3573,3
3574,3
3575,3
3576,1
3577,1
3578,1
3579,2
3580,1
3581,3
3582,3
3583,3
3584,1
3585,1
3586,1
3587,2
3588,2
3589,0
3590,3
3591,3
3592,3
3593,3
3594,3
3595,1
3596,3
3597,4
3598,3
3599,3
3600,1
3601,3
3602,1
3603,3
3604,4
3605,4
3606,3
3607,4
3608,3
3609,1
3610,4
3611,3
3612,4
3613,3
3614,3
3615,2
3616,3
3617,3
3618,1
3619,3
3620,1
3621,3
3622,3
3623,4
3624,4
3625,4
3626,4
3627,4
3628,3
3629,4
3630,3
3631,3
3632,3
3633,4
3634,4
3635,3
3636,3
3637,1
3638,3
3639,1
3640,3
3641,0
3642,0
3643,3
3644,4
3645,3
3646,3
3647,3
3648,4
3649,4
3650,2
3651,4
3652,1
3653,1
3654,1
3655,1
3656,4
3657,3
3658,2
3659,4
3660,2
3661,4
3662,4
3663,3
3664,4
3665,1
3666,1
3667,1
3668,2
3669,2
3670,2
3671,2
3672,1
3673,1
3674,1
3675,2
3676,1
3677,1
3678,4
3679,2
3680,2
3681,3
3682,1
3683,2
3684,2
3685,1
3686,1
3687,4
3688,1
3689,1
3690,4
3691,3
3692,1
3693,2
3694,3
3695,3
3696,3
3697,3
3698,1
3699,3
3700,1
3701,4
3702,4
3703,3
3704,4
3705,4
3706,0
3707,1
3708,1
3709,4
3710,1
3711,1
3712,3
3713,1
3714,3
3715,4
3716,4
3717,3
3718,3
3719,1
3720,3
3721,1
3722,2
3723,1
3724,2
3725,3
3726,4
3727,4
3728,1
3729,1
3730,4
3731,4
3732,3
3733,1
3734,4
3735,4
3736,2
3737,0
3738,1
3739,1
3740,2
3741,4
3742,2
3743,1
3744,3
3745,3
3746,1
3747,1
3748,2
3749,3
3750,3
3751,4
3752,3
3753,1
3754,4
3755,4
3756,1
3757,0
3758,3
3759,4
3760,3
3761,4
3762,1
3763,2
3764,3
3765,4
3766,2
3767,2
3768,2
3769,1
3770,4
3771,1
3772,1
3773,1
3774,3
3775,3
3776,2
3777,4
3778,1
3779,1
3780,1
3781,4
3782,4
3783,3
3784,3
3785,3
3786,2
3787,1
3788,3
3789,3
3790,3
3791,4
3792,4
3793,4
3794,4
3795,4
3796,1
3797,1
3798,1
3799,1
3800,2
3801,0
3802,0
3803,3
3804,1
3805,1
3806,4
3807,4
3808,3
3809,1
3810,1
3811,1
3812,4
3813,2
3814,4
3815,3
3816,1
3817,1
3818,1
3819,1
3820,1
3821,3
3822,1
3823,1
3824,1
3825,1
3826,1
3827,3
3828,1
3829,2
3830,3
3831,1
3832,4
3833,4
3834,0
3835,1
3836,2
3837,2
3838,1
3839,3
3840,3
3841,2
3842,3
3843,3
3844,1
3845,3
3846,3
3847,1
3848,3
3849,4
3850,1
3851,0
3852,0
3853,1
3854,1
3855,4
3856,4
3857,3
3858,2
3859,2
3860,3
3861,1
3862,1
3863,1
3864,1
3865,1
3866,4
3867,1
3868,1
3869,1
3870,1
3871,3
3872,3
3873,1
3874,3
3875,1
3876,1
3877,1
3878,2
3879,3
3880,1
3881,0
3882,3
3883,3
3884,3
3885,2
3886,2
3887,1
3888,2
3889,4
3890,1
3891,3
3892,3
3893,3
3894,4
3895,3
3896,1
3897,1
3898,1
3899,4
3900,1
3901,2
3902,2
3903,2
3904,4
3905,0
3906,1
3907,3
3908,3
3909,4
3910,2
3911,3
3912,2
3913,3
3914,2
3915,3
3916,1
3917,3
3918,1
3919,1
3920,3
3921,4
3922,3
3923,0
3924,4
3925,4
3926,4
3927,4
3928,1
3929,4
3930,4
3931,1
3932,3
3933,2
3934,3
3935,3
3936,3
3937,1
3938,4
3939,4
3940,1
3941,1
3942,4
3943,2
3944,2
3945,1
3946,3
3947,1
3948,1
3949,1
3950,2
3951,3
3952,1
3953,3
3954,3
3955,3
3956,1
3957,3
3958,2
3959,3
3960,3
3961,2
3962,3
3963,4
3964,4
3965,3
3966,4
3967,4
3968,2
3969,1
3970,2
3971,2
3972,2
3973,3
3974,1
3975,3
3976,3
3977,1
3978,4
3979,4
3980,4
3981,1
3982,1
3983,1
3984,1
3985,0
3986,4
3987,1
3988,1
3989,1
3990,1
3991,3
3992,2
3993,1
3994,1
3995,3
3996,0
3997,1
3998,1
3999,1
4000,1
4001,3
4002,1
4003,3
4004,3
4005,3
4006,3
4007,3
4008,3
4009,3
4010,3
4011,2
4012,1
4013,3
4014,0
4015,4
4016,1
4017,1
4018,4
4019,4
4020,3
4021,2
4022,3
4023,1
4024,1
4025,4
4026,1
4027,2
4028,1
4029,1
4030,1
4031,2
4032,1
4033,3
4034,3
4035,1
4036,0
4037,0
4038,0
4039,4
4040,3
4041,3
4042,3
4043,3
4044,4
4045,1
4046,1
4047,3
4048,3
4049,3
4050,3
4051,1
4052,3
4053,4
4054,4
4055,3
4056,4
4057,4
4058,4
4059,3
4060,3
4061,3
4062,3
4063,2
4064,1
4065,3
4066,1
4067,4
4068,3
4069,4
4070,1
4071,3
4072,3
4073,4
4074,1
4075,3
4076,3
4077,4
4078,1
4079,1
4080,3
4081,3
4082,3
4083,4
4084,4
4085,4
4086,3
4087,1
4088,0
4089,1
4090,1
4091,4
4092,3
4093,4
4094,1
4095,3
4096,1
4097,3
4098,3
4099,4
4100,2
4101,4
4102,3
4103,0
4104,1
4105,4
4106,2
4107,2
4108,3
4109,4
4110,4
4111,4
4112,3
4113,3
4114,4
4115,4
4116,3
4117,0
4118,1
4119,1
4120,1
4121,1
4122,4
4123,1
4124,1
4125,1
4126,4
4127,1
4128,3
4129,1
4130,1
4131,4
4132,2
4133,4
4134,1
4135,4
4136,4
4137,1
4138,4
4139,1
4140,1
4141,4
4142,2
4143,1
4144,4
4145,1
4146,1
4147,1
4148,3
4149,4
4150,3
4151,2
4152,3
4153,3
4154,3
4155,3
4156,2
4157,3
4158,1
4159,3
4160,1
4161,1
4162,3
4163,3
4164,3
4165,3
4166,3
4167,4
4168,4
4169,4
4170,1
4171,4
4172,3
4173,3
4174,3
4175,1
4176,1
4177,1
4178,4
4179,1
4180,3
4181,1
4182,2
4183,1
4184,1
4185,0
4186,0
4187,1
4188,1
4189,3
4190,3
4191,3
4192,3
4193,3
4194,3
4195,4
4196,1
4197,1
4198,3
4199,3
4200,1
4201,3
4202,3
4203,1
4204,1
4205,3
4206,2
4207,4
4208,2
4209,1
4210,1
4211,3
4212,1
4213,3
4214,4
4215,1
4216,4
4217,3
4218,4
4219,4
4220,3
4221,1
4222,1
4223,1
4224,3
4225,3
4226,4
4227,1
4228,3
4229,3
4230,1
4231,1
4232,1
4233,1
4234,4
4235,1
4236,1
4237,4
4238,1
4239,1
4240,2
4241,2
4242,3
4243,1
4244,1
4245,1
4246,4
4247,1
4248,4
4249,4
4250,2
4251,1
4252,1
4253,3
4254,1
4255,4
4256,4
4257,3
4258,2
4259,4
4260,4
4261,0
4262,2
4263,3
4264,1
4265,0
4266,0
4267,0
4268,3
4269,0
4270,0
4271,3
4272,4
4273,4
4274,3
4275,4
4276,1
4277,3
4278,1
4279,3
4280,3
4281,1
4282,1
4283,1
4284,3
4285,1
4286,1
4287,2
4288,3
4289,1
4290,2
4291,0
4292,3
4293,1
4294,1
4295,0
4296,3
4297,3
4298,3
4299,1
4300,3
4301,2
4302,2
4303,4
4304,2
4305,3
4306,1
4307,1
4308,4
4309,3
4310,3
4311,1
4312,4
4313,1
4314,4
4315,2
4316,3
4317,2
4318,3
4319,2
4320,1
4321,4
4322,3
4323,3
4324,3
4325,2
4326,3
4327,0
4328,0
4329,1
4330,1
4331,2
4332,1
4333,4
4334,2
4335,3
4336,3
4337,1
4338,2
4339,3
4340,1
4341,3
4342,1
4343,1
4344,3
4345,3
4346,1
4347,1
4348,1
4349,4
4350,4
4351,2
4352,3
4353,2
4354,1
4355,4
4356,3
4357,2
4358,3
4359,1
4360,3
4361,4
4362,1
4363,1
4364,1
4365,1
4366,3
4367,3
4368,0
4369,2
4370,1
4371,1
4372,2
4373,4
4374,1
4375,1
4376,0
4377,1
4378,1
4379,1
4380,1
4381,1
4382,2
4383,3
4384,4
4385,2
4386,2
4387,4
4388,4
4389,2
4390,1
4391,1
4392,3
4393,1
4394,3
4395,3
4396,4
4397,3
4398,3
4399,0
4400,2
4401,2
4402,2
4403,3
4404,1
4405,4
4406,3
4407,3
4408,4
4409,1
4410,3
4411,1
4412,4
4413,1
4414,2
4415,1
4416,4
4417,4
4418,1
4419,4
4420,4
4421,3
4422,4
4423,3
4424,4
4425,3
4426,3
4427,3
4428,3
4429,4
4430,2
4431,2
4432,1
4433,4
4434,4
4435,3
4436,3
4437,1
4438,3
4439,4
4440,3
4441,4
4442,1
4443,1
4444,4
4445,1
4446,0
4447,1
4448,3
4449,4
4450,3
4451,2
4452,2
4453,2
4454,4
4455,2
4456,1
4457,3
4458,1
4459,3
4460,2
4461,1
4462,4
4463,1
4464,3
4465,4
4466,4
4467,1
4468,3
4469,3
4470,3
4471,3
4472,3
4473,0
4474,4
4475,0
4476,1
4477,1
4478,4
4479,3
4480,3
4481,3
4482,4
4483,3
4484,3
4485,3
4486,3
4487,4
4488,3
4489,3
4490,1
4491,1
4492,0
4493,3
4494,3
4495,3
4496,4
4497,3
4498,4
4499,2
4500,3
4501,3
4502,4
4503,4
4504,3
4505,1
4506,3
4507,3
4508,4
4509,4
4510,3
4511,4
4512,4
4513,1
4514,4
4515,4
4516,3
4517,4
4518,1
4519,2
4520,1
4521,3
4522,1
4523,1
4524,1
4525,1
4526,1
4527,1
4528,1
4529,4
4530,4
4531,3
4532,3
4533,4
4534,4
4535,3
4536,3
4537,3
4538,3
4539,1
4540,2
4541,1
4542,2
4543,3
4544,2
4545,3
4546,4
4547,3
4548,1
4549,4
4550,3
4551,4
4552,3
4553,3
4554,3
4555,3
4556,3
4557,3
4558,2
4559,4
4560,4
4561,3
4562,3
4563,3
4564,3
4565,4
4566,3
4567,4
4568,4
4569,4
4570,4
4571,1
4572,1
4573,3
4574,0
4575,4
4576,4
4577,4
4578,2
4579,3
4580,1
4581,4
4582,1
4583,3
4584,2
4585,2
4586,2
4587,3
4588,0
4589,3
4590,3
4591,3
4592,2
4593,0
4594,3
4595,2
4596,3
4597,2
4598,3
4599,4
4600,3
4601,3
4602,1
4603,3
4604,4
4605,1
4606,1
4607,1
4608,2
4609,3
4610,1
4611,3
4612,3
4613,3
4614,3
4615,3
4616,1
4617,1
4618,3
4619,3
4620,4
4621,3
4622,1
4623,2
4624,4
4625,3
4626,3
4627,1
4628,3
4629,3
4630,1
4631,1
4632,3
4633,1
4634,1
4635,1
4636,4
4637,4
4638,0
4639,3
4640,3
4641,4
4642,3
4643,3
4644,2
4645,3
4646,3
4647,3
4648,4
4649,1
4650,3
4651,3
4652,3
4653,4
4654,1
4655,1
4656,2
4657,1
4658,4
4659,1
4660,1
4661,4
4662,3
4663,4
4664,2
4665,1
4666,3
4667,1
4668,2
4669,3
4670,3
4671,4
4672,3
4673,1
4674,3
4675,1
4676,3
4677,3
4678,1
4679,3
4680,1
4681,2
4682,2
4683,1
4684,4
4685,1
4686,3
4687,3
4688,2
4689,1
4690,1
4691,3
4692,3
4693,3
4694,0
4695,1
4696,1
4697,1
4698,1
4699,1
4700,3
4701,4
4702,2
4703,3
4704,3
4705,4
4706,4
4707,1
4708,3
4709,4
4710,1
4711,4
4712,3
4713,3
4714,3
4715,1
4716,1
4717,2
4718,1
4719,3
4720,3
4721,4
4722,3
4723,3
4724,1
4725,4
4726,4
4727,1
4728,1
4729,0
4730,1
4731,1
4732,4
4733,2
4734,4
4735,2
4736,1
4737,1
4738,1
4739,3
4740,3
4741,2
4742,1
4743,1
4744,0
4745,0
4746,1
4747,3
4748,4
4749,1
4750,3
4751,2
4752,2
4753,1
4754,4
4755,1
4756,4
4757,1
4758,1
4759,3
4760,3
4761,3
4762,1
4763,1
4764,1
4765,3
4766,3
4767,2
4768,2
4769,3
4770,2
4771,2
4772,2
4773,2
4774,1
4775,1
4776,4
4777,1
4778,4
4779,2
4780,1
4781,2
4782,1
4783,3
4784,3
4785,0
4786,0
4787,3
4788,1
4789,4
4790,3
4791,3
4792,3
4793,3
4794,3
4795,0
4796,3
4797,3
4798,3
4799,4
4800,1
4801,1
4802,1
4803,1
4804,1
4805,4
4806,4
4807,4
4808,1
4809,1
4810,1
4811,3
4812,2
4813,3
4814,3
4815,0
4816,4
4817,3
4818,4
4819,4
4820,4
4821,1
4822,1
4823,1
4824,2
4825,1
4826,1
4827,1
4828,3
4829,1
4830,3
4831,2
4832,1
4833,1
4834,3
4835,3
4836,1
4837,1
4838,2
4839,1
4840,3
4841,4
4842,1
4843,3
4844,3
4845,1
4846,3
4847,3
4848,3
4849,3
4850,3
4851,3
4852,1
4853,1
4854,1
4855,3
4856,4
4857,4
4858,3
4859,4
4860,1
4861,3
4862,1
4863,1
4864,1
4865,2
4866,1
4867,1
4868,3
4869,3
4870,4
4871,4
4872,4
4873,3
4874,1
4875,1
4876,1
4877,1
4878,1
4879,1
4880,3
4881,3
4882,3
4883,1
4884,2
4885,2
4886,3
4887,1
4888,1
4889,2
4890,3
4891,1
4892,4
4893,3
4894,3
4895,1
4896,3
4897,3
4898,3
4899,1
4900,4
4901,1
4902,3
4903,3
4904,1
4905,3
4906,4
4907,4
4908,4
4909,4
4910,2
4911,4
4912,1
4913,3
4914,1
4915,3
4916,4
4917,4
4918,4
4919,1
4920,1
4921,3
4922,1
4923,4
4924,4
4925,2
4926,2
4927,3
4928,3
4929,1
4930,3
4931,1
4932,2
4933,3
4934,1
4935,4
4936,4
4937,3
4938,0
4939,1
4940,1
4941,1
4942,3
4943,4
4944,0
4945,1
4946,0
4947,4
4948,1
4949,3
4950,4
4951,1
4952,3
4953,4
4954,3
4955,4
4956,3
4957,1
4958,1
4959,3
4960,1
4961,1
4962,4
4963,2
4964,1
4965,3
4966,3
4967,1
4968,1
4969,1
4970,3
4971,3
4972,1
4973,3
4974,1
4975,0
4976,0
4977,3
4978,3
4979,3
4980,3
4981,1
4982,4
4983,4
4984,3
4985,1
4986,0
4987,3
4988,4
4989,2
4990,1
4991,1
4992,4
4993,3
4994,4
4995,1
4996,1
4997,3
4998,4
4999,4
5000,1
5001,4
5002,0
5003,3
5004,4
5005,1
5006,3
5007,4
5008,3
5009,3
5010,3
5011,3
5012,1
5013,0
5014,1
5015,1
5016,1
5017,0
5018,3
5019,3
5020,2
5021,1
5022,0
5023,3
5024,1
5025,0
5026,1
5027,1
5028,3
5029,4
5030,4
5031,4
5032,4
5033,3
5034,2
5035,4
5036,1
5037,4
5038,4
5039,4
5040,0
5041,3
5042,2
5043,3
5044,4
5045,4
5046,4
5047,4
5048,4
5049,3
5050,4
5051,3
5052,0
5053,3
5054,3
5055,1
5056,2
5057,4
5058,4
5059,3
5060,3
5061,2
5062,4
5063,1
5064,1
5065,2
5066,4
5067,1
5068,1
5069,3
5070,1
5071,3
5072,1
5073,3
5074,3
5075,1
5076,1
5077,4
5078,1
5079,1
5080,2
5081,1
5082,3
5083,2
5084,3
5085,3
5086,3
5087,3
5088,3
5089,3
5090,1
5091,1
5092,3
5093,3
5094,3
5095,3
5096,4
5097,3
5098,1
5099,2
5100,1
5101,3
5102,2
5103,1
5104,3
5105,1
5106,1
5107,4
5108,4
5109,4
5110,4
5111,4
5112,4
5113,3
5114,4
5115,4
5116,4
5117,3
5118,2
5119,0
5120,4
5121,4
5122,4
5123,4
5124,1
5125,4
5126,3
5127,4
5128,4
5129,4
5130,4
5131,4
5132,3
5133,1
5134,1
5135,1
5136,0
5137,3
5138,4
5139,1
5140,0
5141,2
5142,3
5143,2
5144,4
5145,4
5146,0
5147,3
5148,0
5149,1
5150,1
5151,1
5152,3
5153,4
5154,4
5155,3
5156,1
5157,1
5158,1
5159,2
5160,4
5161,3
5162,3
5163,0
5164,1
5165,4
5166,1
5167,3
5168,3
5169,1
5170,1
5171,2
5172,4
5173,2
5174,1
5175,4
5176,4
5177,3
5178,3
5179,1
5180,1
5181,1
5182,3
5183,1
5184,4
5185,1
5186,1
5187,3
5188,3
5189,2
5190,1
5191,3
5192,3
5193,3
5194,3
5195,1
5196,4
5197,1
5198,2
5199,2
5200,3
5201,4
5202,3
5203,3
5204,2
5205,1
5206,4
5207,1
5208,1
5209,4
5210,3
5211,4
5212,4
5213,4
5214,3
5215,3
5216,1
5217,3
5218,0
5219,4
5220,2
5221,1
5222,1
5223,4
5224,3
5225,1
5226,1
5227,3
5228,4
5229,4
5230,4
5231,1
5232,4
5233,4
5234,1
5235,3
5236,1
5237,3
5238,4
5239,3
5240,1
5241,2
5242,2
5243,1
5244,4
5245,2
5246,4
5247,2
5248,1
5249,1
5250,3
5251,0
5252,1
5253,1
5254,2
5255,1
5256,4
5257,3
5258,1
5259,4
5260,4
5261,3
5262,3
5263,1
5264,4
5265,2
5266,4
5267,1
5268,1
5269,1
5270,1
5271,3
5272,1
5273,2
5274,1
5275,3
5276,3
5277,1
5278,3
5279,3
5280,4
5281,3
5282,4
5283,3
5284,4
5285,4
5286,2
5287,3
5288,4
5289,4
5290,4
5291,4
5292,4
5293,4
5294,4
5295,1
5296,3
5297,3
5298,1
5299,4
5300,1
5301,4
5302,4
5303,3
5304,1
5305,2
5306,2
5307,4
5308,4
5309,3
5310,3
5311,4
5312,1
5313,3
5314,4
5315,3
5316,1
5317,3
5318,4
5319,4
5320,2
5321,1
5322,4
5323,3
5324,2
5325,4
5326,4
5327,3
5328,0
5329,1
5330,2
5331,3
5332,3
5333,1
5334,3
5335,4
5336,3
5337,3
5338,1
5339,4
5340,3
5341,1
5342,1
5343,1
5344,2
5345,3
5346,1
5347,3
5348,4
5349,4
5350,3
5351,1
5352,4
5353,2
5354,4
5355,2
5356,1
5357,3
5358,3
5359,2
5360,3
5361,3
5362,3
5363,3
5364,3
5365,1
5366,4
5367,4
5368,1
5369,0
5370,4
5371,3
5372,4
5373,1
5374,2
5375,1
5376,1
5377,1
5378,4
5379,1
5380,2
5381,3
5382,2
5383,2
5384,4
5385,3
5386,1
5387,4
5388,2
5389,4
5390,1
5391,1
5392,2
5393,1
5394,3
5395,4
5396,1
5397,4
5398,3
5399,2
5400,2
5401,1
5402,4
5403,2
5404,3
5405,3
5406,4
5407,1
5408,3
5409,0
5410,1
5411,1
5412,3
5413,1
5414,1
5415,4
5416,4
5417,3
5418,1
5419,3
5420,3
5421,3
5422,3
5423,3
5424,2
5425,3
5426,3
5427,3
5428,3
5429,4
5430,2
5431,3
5432,4
5433,4
5434,1
5435,3
5436,1
5437,2
5438,4
5439,0
5440,1
5441,1
5442,2
5443,4
5444,4
5445,3
5446,1
5447,2
5448,2
5449,1
5450,3
5451,4
5452,3
5453,3
5454,2
5455,3
5456,4
5457,4
5458,3
5459,1
5460,2
5461,1
5462,1
5463,1
5464,1
5465,1
5466,1
5467,4
5468,4
5469,4
5470,1
5471,0
5472,4
5473,4
5474,4
5475,1
5476,2
5477,1
5478,4
5479,3
5480,4
5481,1
5482,3
5483,1
5484,1
5485,4
5486,3
5487,4
5488,4
5489,3
5490,1
5491,1
5492,3
5493,1
5494,4
5495,1
5496,1
5497,3
5498,3
5499,1
5500,1
5501,1
5502,1
5503,1
5504,3
5505,1
5506,2
5507,1
5508,1
5509,3
5510,3
5511,1
5512,1
5513,1
5514,3
5515,4
5516,4
5517,2
5518,3
5519,1
5520,1
5521,1
5522,3
5523,3
5524,2
5525,3
5526,1
5527,1
5528,1
5529,1
5530,2
5531,1
5532,4
5533,4
5534,1
5535,1
5536,1
5537,1
5538,3
5539,1
5540,3
5541,1
5542,1
5543,0
5544,4
5545,3
5546,1
5547,1
5548,1
5549,1
5550,4
5551,2
5552,3
5553,4
5554,3
5555,1
5556,3
5557,1
5558,3
5559,3
5560,4
5561,1
5562,4
5563,4
5564,2
5565,3
5566,1
5567,1
5568,2
5569,2
5570,4
5571,1
5572,1
5573,1
5574,1
5575,3
5576,1
5577,2
5578,1
5579,1
5580,3
5581,3
5582,1
5583,3
5584,4
5585,3
5586,1
5587,4
5588,1
5589,1
5590,1
5591,4
5592,1
5593,2
5594,1
5595,1
5596,3
5597,1
5598,1
5599,3
5600,1
5601,1
5602,1
5603,0
5604,0
5605,1
5606,1
5607,2
5608,1
5609,2
5610,2
5611,2
5612,3
5613,3
5614,1
5615,4
5616,1
5617,1
5618,4
5619,2
5620,2
5621,1
5622,1
5623,3
5624,4
5625,3
5626,1
5627,2
5628,1
5629,1
5630,4
5631,1
5632,3
5633,4
5634,4
5635,4
5636,1
5637,3
5638,1
5639,4
5640,4
5641,1
5642,2
5643,3
5644,3
5645,4
5646,4
5647,4
5648,4
5649,2
5650,3
5651,0
5652,3
5653,3
5654,4
5655,1
5656,4
5657,1
5658,3
5659,4
5660,4
5661,4
5662,4
5663,3
5664,1
5665,3
5666,3
5667,3
5668,1
5669,1
5670,3
5671,3
5672,4
5673,4
5674,1
5675,4
5676,3
5677,3
5678,4
5679,4
5680,3
5681,4
5682,3
5683,3
5684,2
5685,4
5686,1
5687,4
5688,4
5689,3
5690,1
5691,4
5692,1
5693,4
5694,3
5695,3
5696,3
5697,3
5698,1
5699,1
5700,3
5701,1
5702,1
5703,3
5704,3
5705,3
5706,1
5707,3
5708,4
5709,1
5710,4
5711,4
5712,3
5713,3
5714,1
5715,2
5716,1
5717,4
5718,3
5719,1
5720,1
5721,1
5722,1
5723,4
5724,1
5725,4
5726,2
5727,1
5728,4
5729,4
5730,3
5731,1
5732,1
5733,1
5734,1
5735,3
5736,3
5737,4
5738,1
5739,1
5740,1
5741,1
5742,1
5743,1
5744,4
5745,1
5746,4
5747,3
5748,2
5749,3
5750,4
5751,2
5752,1
5753,3
5754,4
5755,4
5756,3
5757,3
5758,1
5759,4
5760,4
5761,4
5762,2
5763,2
5764,2
5765,2
5766,4
5767,4
5768,3
5769,1
5770,1
5771,1
5772,4
5773,1
5774,4
5775,1
5776,1
5777,3
5778,4
5779,4
5780,1
5781,3
5782,3
5783,1
5784,1
5785,4
5786,4
5787,3
5788,3
5789,3
5790,4
5791,1
5792,1
5793,3
5794,3
5795,1
5796,1
5797,1
5798,4
5799,3
5800,3
5801,2
5802,1
5803,4
5804,4
5805,1
5806,2
5807,1
5808,3
5809,4
5810,4
5811,4
5812,1
5813,3
5814,0
5815,1
5816,1
5817,0
5818,1
5819,1
5820,4
5821,1
5822,2
5823,4
5824,3
5825,2
5826,4
5827,1
5828,4
5829,2
5830,4
5831,2
5832,3
5833,1
5834,1
5835,2
5836,1
5837,4
5838,4
5839,4
5840,1
5841,1
5842,3
5843,0
5844,3
5845,2
5846,4
5847,1
5848,0
5849,4
5850,1
5851,4
5852,1
5853,0
5854,4
5855,4
5856,4
5857,4
5858,1
5859,1
5860,3
5861,3
5862,3
5863,3
5864,2
5865,1
5866,1
5867,4
5868,1
5869,4
5870,3
5871,4
5872,4
5873,1
5874,2
5875,3
5876,4
5877,4
5878,4
5879,1
5880,1
5881,4
5882,4
5883,4
5884,4
5885,3
5886,3
5887,3
5888,1
5889,1
5890,4
5891,4
5892,1
5893,3
5894,1
5895,4
5896,3
5897,1
5898,0
5899,1
5900,1
5901,1
5902,1
5903,4
5904,4
5905,3
5906,4
5907,1
5908,1
5909,3
5910,1
5911,0
5912,4
5913,4
5914,4
5915,3
5916,1
5917,1
5918,2
5919,4
5920,4
5921,1
5922,0
5923,1
5924,3
5925,1
5926,4
5927,1
5928,1
5929,1
5930,4
5931,0
5932,2
5933,1
5934,1
5935,1
5936,3
5937,4
5938,4
5939,3
5940,3
5941,1
5942,3
5943,1
5944,3
5945,1
5946,0
5947,4
5948,4
5949,4
5950,4
5951,4
5952,3
5953,1
5954,1
5955,2
5956,1
5957,0
5958,4
5959,1
5960,4
5961,3
5962,2
5963,1
5964,2
5965,4
5966,4
5967,4
5968,4
5969,1
5970,4
5971,3
5972,1
5973,0
5974,4
5975,3
5976,2
5977,2
5978,1
5979,3
5980,4
5981,4
5982,1
5983,1
5984,3
5985,3
5986,2
5987,2
5988,4
5989,1
5990,1
5991,0
5992,3
5993,2
5994,4
5995,1
5996,3
5997,3
5998,4
5999,4
6000,4
6001,3
6002,1
6003,4
6004,1
6005,2
6006,1
6007,1
6008,3
6009,3
6010,1
6011,1
6012,4
6013,1
6014,1
6015,4
6016,1
6017,3
6018,2
6019,1
6020,3
6021,1
6022,3
6023,1
6024,1
6025,3
6026,1
6027,4
6028,2
6029,1
6030,1
6031,1
6032,1
6033,1
6034,4
6035,1
6036,1
6037,4
6038,2
6039,3
6040,2
6041,4
6042,1
6043,1
6044,4
6045,4
6046,1
6047,2
6048,1
6049,1
6050,4
6051,4
6052,1
6053,3
6054,4
6055,4
6056,1
6057,4
6058,1
6059,1
6060,1
6061,1
6062,4
6063,4
6064,3
6065,4
6066,4
6067,4
6068,1
6069,4
6070,1
6071,4
6072,3
6073,3
6074,1
6075,1
6076,3
6077,1
6078,1
6079,3
6080,3
6081,3
6082,4
6083,1
6084,2
6085,1
6086,2
6087,1
6088,3
6089,4
6090,4
6091,1
6092,2
6093,0
6094,4
6095,4
6096,4
6097,3
6098,1
6099,1
6100,4
6101,2
6102,1
6103,1
6104,4
6105,1
6106,1
6107,3
6108,0
6109,1
6110,1
6111,2
6112,3
6113,4
6114,1
6115,1
6116,1
6117,1
6118,3
6119,3
6120,3
6121,3
6122,2
6123,4
6124,4
6125,4
6126,2
6127,4
6128,2
6129,2
6130,2
6131,3
6132,1
6133,3
6134,4
6135,2
6136,1
6137,2
6138,3
6139,3
6140,1
6141,4
6142,1
6143,2
6144,1
6145,3
6146,1
6147,0
6148,0
6149,4
6150,4
6151,3
6152,1
6153,4
6154,3
6155,3
6156,0
6157,4
6158,3
6159,1
6160,1
6161,1
6162,1
6163,1
6164,3
6165,3
6166,3
6167,3
6168,4
6169,3
6170,3
6171,3
6172,4
6173,4
6174,4
6175,0
6176,0
6177,0
