;t0;t0;t0;t0;t0;t0;;t1;t1;t1;t1;t1;t1;;t2;t2;t2;t2;t2;t2;;t3;t3;t3;t3;t3;t3;;
;c0;c1;c2;c5;c7;c9;;c0;c1;c2;c5;c7;c9;;c0;c1;c2;c5;c7;c9;;c0;c1;c2;c5;c7;c9;;
g3;19630.13;15211.14;15358.1;1931.48;9475.77;18440.71;g3;49773.96;25375.43;47279.66;25375.43;25521.33;13921;g3;45449.97;18127.15;38317.85;48019.22;15029.33;43858.28;g3;19076.89;48700.44;48700.44;48700.44;38656.72;7925.91
g4;35249;6463.66;45410.19;42911.69;39894.59;37028.94;g4;35249;6463.66;10928.74;16134;39894.59;26029.83;g4;35249;6463.66;35076.87;39999.63;39894.59;558.32;g4;2674.31;34698.58;8215.29;31869.43;0;9137.92
g5;17589.95;10430.52;40899.52;16862.12;40899.52;35849.76;g5;28394.7;14384.86;21939.43;50000;10153.34;48546.74;g5;26964.09;27328.1;40899.52;0;40899.52;43801.25;g5;32828.62;6380.78;47109.6;25248.66;22609.4;27247.53
g7;49.25;2530.82;12535.15;45877.23;8548.28;17031.07;g7;35136.61;298;298;41132.83;298;298;g7;6917.43;298;46437.22;6960.59;298;298;g7;16166.74;298;298;23151.23;298;298
g8;46360.04;28003.97;25414.95;8674.83;20758.26;13241.1;g8;3667.84;12270.09;31805.22;31805.22;20612.79;31805.22;g8;26141.25;568.03;31805.22;31805.22;15189.34;31805.22;g8;4408.39;38979.6;49173.03;24474.03;19588.01;5176.73
g9;8711.36;29082.18;8711.36;43605.55;8711.36;8711.36;g9;36902.85;10304.23;34743.07;36452.45;45969.18;35331.75;g9;30464.89;32776.13;30464.89;2589.7;46968.89;30464.89;g9;12508.89;32290.76;22957.08;14768.24;14212.79;40042.27
g11;39886.18;22419.24;25194.48;12531.42;10456.25;3515.61;g11;27153.55;48525.42;31805.22;31805.22;11938.02;44297.42;g11;31771.65;4065.28;31805.22;31805.22;41862.14;31805.22;g11;38266.65;20643.74;8153.42;10423.85;46134.64;45598.29
g16;35185.59;7356.03;40454.46;23429.63;20525.19;24570.28;g16;49077.05;27743.19;27743.19;43062.93;27407.75;49099.32;g16;2992.07;50000;17397.11;36854.51;44503.34;27863.54;g16;0;27743.19;27743.19;28150.16;1130.05;29490.13
g17;6207.01;10054.57;14300.6;26872.13;23015.31;39864.76;g17;36623.4;13352.78;36623.4;28786.8;9452.61;41018.73;g17;8182.86;40514.37;8182.86;31100.85;47627.78;47132.11;g17;15268.16;28982.51;14296.57;28786.8;18296.01;41018.73
g18;2406.69;31609.74;13837.98;38110.24;38102.05;20009.46;g18;46492.34;30524.68;47836.42;18720.35;26244.67;44019.71;g18;1693.67;24005.16;20693.13;44402.8;40761.92;0;g18;18058.72;36738.94;22083.4;8264.46;18539.3;9170.66
g19;48204.68;4007.69;6277.29;14154.28;3371.85;48204.68;g19;47156.75;49008.73;32853.46;28935.72;15678.32;47156.75;g19;41020.01;22831.3;48725.82;37826.74;48014.14;41020.01;g19;8965.49;49751.39;13043.6;25521.92;5242.9;5102.98
g21;18158.25;10130.62;10130.62;16341.65;23308.33;29958.55;g21;28732.54;40964.67;27632.66;41593.58;49342.87;40964.67;g21;21576.77;40964.67;48144.67;47357.9;45016.23;40964.67;g21;40482.99;30497.41;38255.23;7811.86;18567.33;29765.05
g22;6321.34;28857.06;6321.34;43622.47;6321.34;1299.28;g22;41107.06;41107.06;41107.06;41107.06;17000.87;2416.28;g22;294.46;294.46;294.46;294.46;3079.52;22600.84;g22;6192.53;39535.86;6321.34;16131.99;6321.34;20800.04
g27;47116.86;3936.13;1473.38;35923.95;23250.11;38988.15;g27;16086.02;43168.95;15697.23;42566.02;17169.03;36703.04;g27;46886.86;10571.81;10571.81;10571.81;10571.81;17187.61;g27;11499.12;34407.3;34407.3;34407.3;34407.3;5283.84
g28;37376.78;8500.98;37674.82;50000;48660.89;42661.29;g28;37482.03;5985.87;3765.99;11610.36;10889.48;33226.41;g28;46235.53;22506.8;24115.71;41464.18;40279.72;38697.15;g28;4127.74;39409.67;12649.85;21468.53;33957.79;33002.89
g29;50000;8500.98;37674.82;2772.38;48660.89;42661.29;g29;49250.82;5985.87;3765.99;16172.68;10889.48;33226.41;g29;38294.39;22506.8;24115.71;41102.63;40279.72;38697.15;g29;32745.18;26487.79;25279.82;38307.51;38334.44;33119.33
g30;29814.93;39357.91;31819.9;35341.57;13121.47;31990.99;g30;38883.58;18352.09;24151.27;18668.84;50000;38451.19;g30;30145.9;32564.64;25781.83;43836.27;43836.27;43836.27;g30;273.35;32103.49;31738.24;43836.27;43836.27;43836.27
g31;37339.98;39383.97;14048.61;31200;1085.96;30646.64;g31;23208.53;13460.69;21939.43;8846;20912.14;48546.74;g31;50000;2250.99;22968.3;15195.4;28112.24;47912.61;g31;1852.39;22151.62;47109.6;45040.07;39402.84;27247.53
g32;22359.76;3379.53;16299.4;33805.15;34320.1;20946.94;g32;20965.26;29186.48;27853.57;32668.59;41368.37;20965.26;g32;20965.26;50000;23685.11;20965.26;17696.32;20965.26;g32;20965.26;38656.01;35331.28;20965.26;20883.79;20965.26
g34;35789.56;19236.97;7799.36;38872.75;35779.95;9188.04;g34;12205.86;1695.85;40057.38;45075.3;12205.86;12205.86;g34;18000.55;35258.78;0;12224.12;32185.64;48072.41;g34;17722.79;21758.7;16739.05;1627.43;17722.79;17722.79
g35;42416.02;34022.43;22996.72;27761.05;27761.05;14349.72;g35;0;35506.26;17595.6;36207.56;36207.56;0;g35;47164.78;152.85;29950.45;2382.21;2382.21;11888.43;g35;26713.39;28548.94;18405.04;16721.46;8518.86;1077.08
g40;12856.43;3171.01;4037.5;33519.62;36575.25;11732.59;g40;43389.05;27022.2;25140.22;36328.38;30245.67;2349.91;g40;20837.23;5516.18;5516.18;5516.18;367.08;12257.77;g40;19287.38;13983.8;18842.64;26731.74;40127.58;10030.96
g41;39869.48;12352.58;2433.61;17328.79;183;36733.22;g41;8808.25;19190.2;4345;33892.46;4345;18599.04;g41;40173.42;8494.77;19482.92;4978.75;31303.17;10795.14;g41;17830.39;50000;4345;32776.63;4345;24882.79
g48;41213.83;16520.6;35137.32;919.5;24726.78;39755.71;g48;37526.37;26800.87;10287.13;0;0;44482;g48;430.86;17797.52;14809.62;50000;49604.1;30724.27;g48;41213.83;22176.35;35137.32;20217.53;24068.94;39755.71
g50;17304.23;1972.5;11969.7;37804.14;12248.75;35835.66;g50;22724.11;50000;11969.7;37804.14;38711.4;35835.66;g50;1941;47443.49;1516.23;6187.26;25227.68;18395.2;g50;39253.1;47443.49;0;27166.1;28063.2;18395.2
g55;12251.6;35714.03;21944.26;39750.49;3273.42;40166.78;g55;25682;25682;15473.42;14072.46;33170.24;25682;g55;46322.05;38589.02;15437.14;15437.14;43099.91;15437.14;g55;25682;25682;6879.41;32017.02;48487.64;25682
g59;25133.63;35295;37289.41;18458.36;43299.58;6505.05;g59;41965.04;39969.22;30975.62;39969.22;39969.22;5530.63;g59;19380.26;28052.99;23968.91;28052.99;28052.99;34659.98;g59;19327.48;27390.97;36677.93;12602.33;44407.21;23422.08
g61;22823.39;7181.44;35923.65;16629.08;20207.75;18751.24;g61;27084.82;29150.84;34479.07;29341.75;50000;18353.24;g61;13334.03;44540.98;38282.16;27299.63;3997;36175.86;g61;4638.99;12247.75;46616.26;37451.77;50000;12757.87
g62;47094.76;2921.29;48004.14;5080.74;33046.12;8478.65;g62;1634.62;44373.2;41366.74;16794.74;10472.97;989.45;g62;37656.06;13857.45;44323.56;10864.7;41963.45;40593.24;g62;0;18173.73;3661.02;39450.75;36376.35;12340.31
g63;17873.06;37771.81;38200.08;10769.88;13369.76;37136.14;g63;14151.38;29093.25;50000;43580.91;10225.45;38930.66;g63;25267.18;42042.49;28461.62;28534.38;30467.36;27329.65;g63;28424.86;7946.4;41773.74;2423.89;43149.51;19723.06
g66;29264.51;22495.52;16798.63;16112.89;3673.72;733.16;g66;38450.17;31519.51;17168.66;32657.86;44486.35;38935.51;g66;21999.34;31324.85;38282.16;27299.63;6630.55;41973.81;g66;12032.01;8190.73;46616.26;37451.77;29612.75;49253.83
g68;7230.62;49599.5;22965.48;7230.62;25183.18;35201.37;g68;21725.84;22291.26;41349.37;44760.28;10114.42;31744.17;g68;35470.63;31128.44;6747.93;23150.07;21014.96;37807.91;g68;7230.62;44698.92;33636.76;7230.62;32289.26;13949.69
g73;41801.03;18011.36;45461.52;26576.73;40050.87;50000;g73;34449.28;18889.14;29111.29;40227.49;43234.05;43174.2;g73;27642.08;50000;21003.66;48086.34;48086.34;48086.34;g73;24142.26;1774.38;28203.19;48951.35;48086.34;48086.34
g74;1891.85;10640.34;43857.09;28202.74;44665.02;1335.05;g74;8197.64;9295.5;31584.37;45324.13;27459.42;7078.88;g74;21653.88;10257.61;13096.41;25049.89;42192.22;48949.39;g74;3603.28;35711.73;1083.89;44051.86;16736.72;14280.95
g75;49208.05;28342.34;44841.93;23009.92;10510.51;24645.72;g75;404.99;41166.98;38332.71;50000;22070.85;35478.02;g75;37752.73;38867.08;44841.93;23009.92;36802.95;221.57;g75;19017.25;20885.1;44841.93;23009.92;20884.81;17152.17
g76;27689.85;43630.56;37433.24;45804.97;32960.66;27689.85;g76;27689.85;41942.61;17854.92;14218.95;24438.9;27689.85;g76;29213.87;10716.41;427.09;427.09;427.09;6506.85;g76;8918.67;15866.29;22237.26;22237.26;22237.26;30289.94
g78;26356.47;21126.13;37636.42;33253.9;5405.48;43159.43;g78;7425.36;43832.08;43832.08;27824.13;43832.08;38087.32;g78;31822.33;1924.62;48294.71;41961.27;33302.65;36851.08;g78;15482.7;5694.83;0;3516.75;46716.39;25752.21
g79;4445.81;21546.1;42556.56;15026.75;26551.3;7788.41;g79;29553.29;35782.98;34606.64;50000;43328.49;36681.61;g79;5340.49;40801.68;26259.83;36538.81;13407.94;40801.68;g79;41879.69;33666.49;8454.68;21246.47;1824.95;42262.58
g81;7205.49;31318.94;28327.09;43479.18;9721.12;28536.6;g81;3130.65;49115.18;49028.44;25366.81;19673.29;41915.54;g81;26482.41;24709.37;38282.16;27299.63;35041.04;31673.39;g81;31607.88;26360.85;46616.26;37451.77;48403.32;33631.88
g90;40212.34;46479.74;36007.2;11091.97;19905.59;19225.95;g90;23638.83;35574.52;17818.9;47476.45;47476.45;47476.45;g90;9365.12;5831.33;10251.26;10859.91;8241.68;29741.68;g90;22208.89;32520.67;40216.59;27582.98;50000;7863.25
g95;15884.93;22253.35;42680.44;24845.18;29464.08;7149.38;g95;46043.98;47837.01;17017.49;17017.49;29585.36;50000;g95;26084.8;46804.94;17017.49;17017.49;5154.78;37460.83;g95;16147.67;10213.63;7101.01;37575.73;27734.01;32196.21
g96;0;12825.88;27335.08;19125.2;10648.3;20809.07;g96;5601.9;48223.07;44653.69;47247.55;598.08;9529.46;g96;48395.98;15618.64;44653.69;36914.84;598.08;35252.05;g96;33105.02;7348.13;44653.69;36914.84;598.08;47569.63
g97;32274.39;21108.64;19003.26;20489.39;39504.11;30134.74;g97;33773.84;16732.54;23528.28;30446.53;4316.26;4316.26;g97;38003.77;22235.39;6360.7;38296.11;43733.58;43733.58;g97;30453.2;7704.07;0;43939.78;3839.1;3839.1
g99;35774.2;34027.91;35774.2;10485.9;35774.2;35774.2;g99;4062.76;44780.13;15875.94;16566.64;16566.64;16566.64;g99;40075.47;34460.85;40075.47;18076.83;40075.47;40075.47;g99;44639.48;41106.52;14050.43;42709.23;21841.95;6304.47
g103;48283.88;20253.3;20688.72;49410.97;4788.31;16638.37;g103;44585.27;24130.07;24272.42;5740.97;48321.01;50000;g103;48283.88;50000;7587.35;49410.97;39052.08;16638.37;g103;31673.76;18933.09;24345.95;23575.19;10337.02;30805.14
g104;32783.43;19576.03;30590.13;9167.13;19254.43;19281.67;g104;36946.3;46965.95;12847.45;21490.01;8949.01;25348.26;g104;12716.97;8727.56;15437.14;15437.14;0;15437.14;g104;8373.66;32980.31;41924.46;22162.95;22503.73;49582.66
g108;42247;47219.94;0;6308.25;48335.87;0;g108;25682;25686.31;42316.55;20665.62;48587.5;25682;g108;33542.95;37420.22;27121.1;38670.46;14206.59;20370.95;g108;25682;25682;7442.93;35346.38;9344.62;25682
g109;30425.18;8500.98;37674.82;14341.21;909.59;42661.29;g109;46034;5985.87;3765.99;23768.9;10889.48;33226.41;g109;12948.98;22506.8;24115.71;27734.2;40279.72;38697.15;g109;5630.08;9016.5;29961.01;11224.27;21838.11;17553.14
g110;28245.42;46086.2;23304.33;9181.03;3040.5;5430.98;g110;13924.54;18463.51;17519.23;34091.45;28466.19;48898.12;g110;30975.9;26168.74;26168.74;26974.26;32145.25;39546.02;g110;9159.25;41808.26;11958.02;17039.04;4381.5;17376.89
g111;35789.56;25336.16;15553;38872.75;35779.95;20805.07;g111;12205.86;7494.14;43779.06;0;12205.86;12205.86;g111;360.12;3918.43;23370.34;24521.72;5524.02;0;g111;17722.79;21077.84;34412.92;0;17722.79;17722.79
g112;41213.83;40556.96;35137.32;31506.38;24068.94;39755.71;g112;3217.71;24680.76;31602.91;14020.11;30275.14;21407.79;g112;5672.74;47068.76;7273.53;10420.19;17895.34;11725.98;g112;41213.83;10823.73;35137.32;2545.93;24068.94;39755.71
g114;49.25;47072.84;50000;45877.23;36595.89;17782.49;g114;35136.61;17237.26;14542.46;41132.83;45911.08;40892.79;g114;29896.08;14944.53;14944.53;14944.53;26038.57;31327.48;g114;16166.74;14295.35;5041.14;23151.23;45867.64;0
g115;2347;0;6536.2;27761.05;27761.05;33007.56;g115;27167.07;18827.71;16625.36;36207.56;36207.56;22818.06;g115;35130.35;39315.38;37022.78;2382.21;2382.21;28414.67;g115;40942.95;42569.66;50000;10329.56;10806.26;14024.94
g117;37551.13;48288.18;22899.46;41479.08;7013.77;37551.13;g117;39716.75;529.92;13007.95;37486.49;42626.13;39716.75;g117;11520.29;36295.9;1687.9;36470;19562.19;11520.29;g117;8965.49;40539.45;13043.6;7154.13;5242.9;5102.98
g118;27628.13;18887.58;30590.13;9167.13;15498.24;19281.67;g118;49869.95;49706.66;12847.45;21490.01;44686.64;25348.26;g118;47245.29;16273.04;40988.12;43923.9;8093.1;30955.18;g118;9037.92;18118.75;34473.41;35994.06;28445.47;17212.44
g122;7230.62;49605.6;45384.97;7230.62;6560.32;35543.23;g122;9989;10669.61;0;29447.37;19703.88;48965.53;g122;6628.57;2563.35;31444.26;10219.95;19245.18;31383.06;g122;7230.62;29042.6;17982.25;7230.62;35880.53;721.31
g124;35594.54;50000;35594.54;46068.43;48537.4;33671.11;g124;13160.21;31394.2;2100.06;11523.13;38634.41;4472.54;g124;1169.07;31394.2;14329.64;11523.13;36334.3;21796.8;g124;35594.54;30134.69;35594.54;48567.4;9960.13;35594.54
g133;34870.15;47643.81;49324.59;30969.02;378.43;37458.78;g133;41107.06;41107.06;41107.06;41107.06;50000;40001.49;g133;294.46;294.46;294.46;294.46;18436.85;41317;g133;50000;33182.33;1923.12;14666.51;27668.23;50000
g134;49.25;12047.46;7942.5;45145.56;9112.5;23692.81;g134;35136.61;34639.27;34639.27;41132.83;34639.27;34639.27;g134;25152.06;34639.27;34639.27;17014.17;34639.27;34639.27;g134;16166.74;34639.27;34639.27;23151.23;34639.27;34639.27
g140;2796.95;41624.02;25788.45;0;37305.93;13316.27;g140;40740.84;33666.49;8340.67;6710.8;24163.89;25288.64;g140;42860.79;16466.35;45229.28;7234.85;13147.07;12861.68;g140;31294.41;33666.49;36850.34;50000;372.77;404.52
g144;9083.39;10130.62;49802.8;5058.86;30941.45;277.85;g144;34069.39;10990.27;7327.15;7717.76;12190.88;2751.99;g144;46938.01;40748.23;7327.15;7717.76;12190.88;43080;g144;40354.51;20404.6;7327.15;7717.76;12190.88;47586.89
g145;11874.39;34102.13;26329.11;41668.85;35392.73;0;g145;16540.88;37231.19;21432.85;41367.57;21432.85;19628.38;g145;634.62;47332.16;23544.1;5943.83;38328.65;5119.24;g145;41077.32;25539;21432.85;28656.55;21432.85;32016.1
g147;22768.82;6037.39;27409.55;3493.97;18218.25;25172.1;g147;44002.03;24545.49;0;21443.93;7743.13;21467.62;g147;22768.82;37153.47;7596.68;11545.52;35606.47;25172.1;g147;9021.37;34663.03;19020.14;22396.03;40958.9;7951.92
g149;10759.99;10759.99;43539.47;30469.54;0.79;10759.99;g149;9424;9424;19639.73;24602.04;20879.67;9424;g149;19713.18;40801.68;34186.96;28033.94;36537.24;40801.68;g149;30964.73;30964.73;21661.63;23818.27;43749.41;30964.73
g152;26120.71;18627.14;31828.76;35006.65;25694.82;21807.75;g152;25405.57;27743.19;27743.19;22188.21;43412.44;48927.72;g152;19423.07;18988.74;16116.6;36178.81;37058.36;716.57;g152;46181.25;27743.19;27743.19;6304.76;34931.09;13009.32
g155;37469.77;8087.65;8087.65;14653.52;8087.65;34716.47;g155;36016.12;12921.02;7803.38;26582.16;38427.76;48725.39;g155;0;10649.27;13002.51;10649.27;10649.27;44759.04;g155;33510.69;30788.89;30788.89;30788.89;30788.89;49604.19
g157;43838.56;4616.46;499.67;36906.85;15521.52;35520.05;g157;42137.43;27956.86;2842.92;8601.39;19990;29873.14;g157;24238.73;37003.28;1091.4;1091.4;1091.4;4113.92;g157;26300.54;46961.95;27782.18;27782.18;27782.18;47264.93
g159;20334.21;20334.21;25165.29;43486.52;43409.26;20334.21;g159;4967.01;4967.01;42047.73;38518.19;37672.93;4967.01;g159;13717.04;30390.96;18562.53;28189.96;34337.75;42147.38;g159;12966.76;12966.76;46712.29;37917.78;35997.44;12966.76
g162;48283.88;13866.2;18727.68;49410.97;24574.82;16638.37;g162;19170.29;46384.86;21268.82;43882.8;17109.87;35624.7;g162;48283.88;17881.44;0;49410.97;12535.77;16638.37;g162;23382.72;14549.89;25621.03;26797.1;42732.94;44639.34
g164;33657.43;27230.39;23566.63;5742.44;28951.39;49939.17;g164;9066.12;1214.5;31805.22;31805.22;9876.4;31805.22;g164;10455.82;19874;31805.22;31805.22;33649.34;31805.22;g164;46843.93;45113.94;15558.62;16732.95;9677.92;17433.44
g167;43229.71;12085.55;43229.71;47486.35;43229.71;43229.71;g167;0;17589.67;36906.37;25697.52;11096.18;0;g167;34938.9;39402.12;34938.9;49934.9;34938.9;33142.04;g167;8965.49;22501.16;13043.6;14066.87;5242.9;5102.98
g168;12822.65;10016.05;43770.89;10934.89;38190.1;13252.09;g168;17892.68;46420.54;43770.89;10934.89;10693.53;11847.02;g168;16225.7;15877.84;5075.04;26110.28;15695.78;20834.25;g168;48273.17;34164.34;22140.73;29846.44;42619.68;15817.2
g171;29329.42;25627.78;41884.16;13101.33;7724.22;34176.87;g171;7934.35;27743.19;27743.19;23846.7;0;5596.7;g171;17981.96;39672.34;24338.68;47078.84;17521.79;49979.03;g171;35252.04;27743.19;29293.31;15649.36;30123.74;9102.51
g174;9719.55;32408.84;2465.23;36803.46;30374.32;15622.49;g174;46327.02;39566.15;9471.26;0;29900.67;4537.4;g174;6018.38;38645.6;12747.39;12747.39;31290.94;0;g174;31404.02;10777.26;46932.3;29937.99;5667.31;10612.53
g175;43345.5;70.78;43345.5;34491.92;44401.49;43345.5;g175;44550.91;5552.39;5552.39;7078.49;5552.39;5822.94;g175;46726.46;39592;46726.46;23344.85;46726.46;46726.46;g175;11966.4;14344.88;12602.86;16044.95;48727.89;40152.5
g180;41721.25;154.4;36168.05;4717.05;33283.74;3433.58;g180;16128.78;19828.91;19828.91;45855.6;19828.91;31627.91;g180;37894.83;4104.29;36168.05;4717.05;21772.27;41182.19;g180;22382.22;30338.7;36168.05;4717.05;14248.96;8088.92
g182;41213.83;41268.71;35137.32;0;24068.94;39755.71;g182;1330.39;30938.14;26500.92;1083.77;22657.34;40745.82;g182;15444.92;7771.07;40515.71;26119.3;11944.34;31470.78;g182;41213.83;46272.25;35137.32;15475.43;24068.94;39755.71
g189;49483.78;33943.19;31363.08;47828.42;12854.24;12397.87;g189;13556.26;31394.2;30011.42;11523.13;38556.9;22774.03;g189;35020.73;31394.2;48993.91;11523.13;20338.87;29838.68;g189;50000;50000;17475.94;21623.68;15484.95;1272.56
g190;15909.6;4433.46;26561.4;0;8238.43;41897.38;g190;41107.06;41107.06;41107.06;43389.37;46320.17;23732.88;g190;1748.83;294.46;294.46;294.46;44785.49;25543.32;g190;22565.61;20360.3;44665.22;23838.26;43674.82;9697.28
g191;48374.43;24627.66;1056.59;4539.2;44157.88;7201.8;g191;48374.43;24627.66;26980.03;25581.34;44157.88;11228.83;g191;48374.43;24627.66;15437.14;15437.14;44157.88;15437.14;g191;25835.56;30200.18;21217.76;4417.83;15975.86;24238.33
g192;49.25;43040.73;15442.15;45877.23;35260.13;6072.19;g192;35136.61;37907.93;23844.41;41132.83;43476.67;602;g192;8314.46;46352.77;16835.36;4479.52;316.34;11032.59;g192;16166.74;22603.91;43719.17;23151.23;9172.53;19081.18
g195;41213.83;28165.59;35137.32;27830.17;24068.94;39755.71;g195;36033.23;25680.04;29387.31;9735.06;19431.26;34120.15;g195;45828.95;26691.93;46302.29;34022.55;48159.57;4361.46;g195;41213.83;15132.69;35137.32;40845.37;24068.94;39755.71
g202;10271.31;24172.97;42367.82;15897.1;14244.38;35128.4;g202;39429.04;16513.95;10421.92;10993.14;13681.02;27798.4;g202;13017.48;23141.8;26658.53;20369.03;20369.03;20369.03;g202;30852.88;15599.2;32267.74;20369.03;20369.03;20369.03
g205;13471.34;21007.62;36064.32;6264.3;25887;11516.4;g205;16976.43;16040.8;16040.8;16040.8;16040.8;11499.03;g205;4575.43;16040.8;16040.8;16040.8;16040.8;24193.35;g205;27244.52;16040.8;16040.8;16040.8;16040.8;3681.66
g208;3561.51;47354.7;16863.52;19846.3;4246.85;43436.52;g208;43282.03;24425.06;16463.5;9684.78;47782.43;9657.55;g208;4099.6;32346.3;20246.58;20246.58;20246.58;5065.03;g208;22375.32;26597.8;10031.25;18637.86;10031.25;35519.69
g209;39591.06;21152.67;263.55;28697.2;20247.7;49960.58;g209;49251.52;39964;263.55;28697.2;10618.29;47604.31;g209;6263.37;33808.83;0;8359.42;15060.1;12143.73;g209;2429.65;17406.69;1354.57;3892.13;807.7;27454.09
g210;12237.05;36436.68;9399.33;10740.38;29002.05;18953.33;g210;49533.78;41945.38;20108.21;7262.47;11937.35;39129.84;g210;34165.64;29341.53;32875.56;26126.37;33716.07;46476.92;g210;4152.65;8198.07;19523.53;15559.67;28562.18;12733.86
g216;27602.11;21635.41;45891.45;17002.69;1535.47;9580.26;g216;1277.62;5160.44;31805.22;31805.22;28853.04;33916.1;g216;34448.37;23111.95;31805.22;31805.22;7177.89;30815.78;g216;45773.81;21149.99;18034.82;4650.47;42971.47;18043.8
g217;2470.55;22081.67;3074.37;49380.83;19142.73;44072.15;g217;13317.83;22081.67;4069.73;21669.29;16103.28;4189.71;g217;47433.05;22081.67;3074.37;3447.6;31891.01;14847.18;g217;38818.3;25223.05;3841.52;15912.9;34333.6;45773.8
g221;36749.85;0;43625.06;35714.45;34051.88;13446.22;g221;50000;11843.77;17017.49;17017.49;24893.53;49019.78;g221;47340.84;7708.14;17017.49;17017.49;48458.92;0;g221;0;13089.53;10308.08;26781.23;14784.27;25226.44
g222;36408.31;12585.29;32356.35;10740.38;11377.83;35100.78;g222;49653.72;39147.86;39147.86;42402.4;39147.86;39147.86;g222;26767.79;39147.86;39147.86;42729.77;39147.86;39147.86;g222;18110.25;13370.19;39147.86;15662.2;39147.86;39147.86
g223;16840.11;13921.85;43483.3;23419.55;39014.87;6606.8;g223;37141.14;25375.43;25375.43;25375.43;16946.99;34965.73;g223;34398.04;22839.43;14938.28;27440.19;37663.72;48419.79;g223;40183.92;48700.44;48700.44;48700.44;10460.09;7993.68
g224;50000;19867.7;5590.08;5786.52;19326.25;37696.36;g224;47730.5;35982.09;37146.53;37162.25;37146.53;7854.48;g224;25675.17;37839.69;7757.94;26478.56;15136.18;23288.45;g224;14245.51;4579.34;37146.53;29525.94;37146.53;16757.16
g226;43305.28;32373.65;32373.65;5739.53;32373.65;36647.36;g226;35547.25;0;21050.84;22263.96;67.57;67.57;g226;22707.16;39389.73;16537.13;32651.08;10686.07;10686.07;g226;27209.03;41839.74;8144.14;36762.3;38017.31;38017.31
g227;49763.85;25293.37;8588.47;39583.19;11221.28;18485.18;g227;28667.16;14082.3;22010.78;25570.19;44080.89;32454.96;g227;47894.62;25959.72;2141.3;49879.94;40506.79;6252.84;g227;14961.8;4283.13;17407.38;7119.63;3496.98;20389.23
g230;7811.67;48266.13;23986.61;45490.32;10402.42;29301.94;g230;46928.8;27743.19;27743.19;15645.48;23889.15;23616.86;g230;7811.67;42238.01;1265.21;45490.32;10402.42;13610.28;g230;43819.78;27743.19;27743.19;36979.89;9790.28;15740.74
g231;6850.09;23416.18;49735.6;4993.71;1078.17;11817.97;g231;25682;25682;46765.81;8784.4;26978.09;24838.21;g231;38253.56;27089.28;37412.86;2484.11;0;38139.03;g231;25682;25682;37656.21;24948.41;38918.26;25682
g235;9619.98;35507.43;40608.27;44657.23;28462.37;21800.62;g235;28076.11;48913.3;1256.8;32148.46;33714.21;13540.83;g235;14102.66;42067.11;38793.89;35998.67;21095.53;48038.2;g235;38921.05;12285.56;0;101.18;36243.4;49374.72
g236;35594.54;3883.29;35594.54;11281.44;17510.49;37463.98;g236;14503.54;31394.2;15491.84;11523.13;27250.82;47645.24;g236;11911.44;31394.2;33132.77;11523.13;40898.4;33828.85;g236;35594.54;45084.22;30791.5;11575.05;40996.1;35594.54
g237;26212.8;29896.41;35957.78;48430.76;7859.12;12620.38;g237;24280.25;16680.66;31805.22;31805.22;34917.93;31805.22;g237;39132.04;0;31805.22;31805.22;14026.88;31805.22;g237;738.91;30851.4;23514.01;5563.31;15344.38;33625.68
g239;3151.65;37092.02;36513.51;10740.38;39137.5;17140.58;g239;44375;15858.19;9252.44;38434.56;49231.8;0;g239;33446.56;8932.64;29728.74;49053.05;30454.2;0;g239;0;176.7;40562.9;16278.1;12212.41;20622.66
g245;2225.1;37228.24;3391.46;33304.15;50000;2225.1;g245;1191.66;39969.22;11094.66;40588.45;39969.22;2479.53;g245;19156.53;48395.01;35485.01;28052.99;28052.99;19156.53;g245;23743.31;32710.08;39316.4;10327.64;37922.56;28930.89
g248;45700.95;26734.7;8588.47;40523.51;11221.28;18485.18;g248;36315.69;14082.3;22010.78;42351.46;44080.89;32454.96;g248;50000;31498.15;15861.57;13268.59;14165.86;10458.24;g248;42140.24;8616.04;27049.32;40258.07;15135.7;9005.43
g259;41213.83;41959.28;35137.32;31709.5;24068.94;39755.71;g259;20060.56;4518.29;0;32978.88;18970.63;32112.79;g259;18438.32;36060.71;48291.39;7177.06;12238.92;36658.98;g259;41213.83;16794.86;35137.32;29936.21;24068.94;39755.71
g260;34629.95;44656.44;34629.95;33905.26;34629.95;33834.75;g260;50000;16064.86;35769.89;11942.75;36794.69;14259.1;g260;49978.3;32295.58;15437.14;15437.14;46676.46;15437.14;g260;34629.95;46660.52;34629.95;23520.07;34629.95;13871.01
g263;21612.87;20814.79;4351.65;44056.41;25058.61;34905.26;g263;28179.51;26852.8;16237.61;35345.98;17796.61;15641.72;g263;21707.78;40801.68;34230.21;0;27418.39;40801.68;g263;24638.93;45550.64;24960.02;6415.26;14001.18;16762.04
g264;19341.21;25086.31;35846.48;40421.81;9140.7;19560.86;g264;41326.54;14844.81;45147.91;26693.18;40916.17;43139.42;g264;42647.16;6234.17;9670.31;29828.76;7490.67;4502.01;g264;9047.19;5531.88;9084.77;3524.02;41781.18;28531.84
g268;41244.12;37556.2;28011.13;2175.61;18583.49;22902.83;g268;26178.35;48147.05;32240.86;50000;42301.14;21606.11;g268;11295.79;10681.04;48816.21;48816.21;48816.21;39147.79;g268;49673.74;12144.89;48996.3;48996.3;48996.3;24035.62
g269;28485.05;12842.62;47695.2;38784.69;28591.67;38732.1;g269;36623.4;317.99;36623.4;38260.5;33831.6;27716.58;g269;7999.32;355.33;8182.86;32371.28;8975.35;8349.63;g269;50000;1591.21;32930.97;39226.99;30218.73;17653.1
g270;15089.92;16599.34;31874.42;0;3619.77;1578.55;g270;15089.92;16599.34;12950.13;43646.02;3619.77;7354.15;g270;15089.92;16599.34;33493.75;32526.27;3619.77;45364.6;g270;3832.72;4510.18;42486.02;17990.18;11479.82;46612.17
g273;15628;22081.67;3074.37;5573.12;43022.4;35626.93;g273;29740.06;22081.67;3074.37;44627.44;28926.76;29159.1;g273;31266.2;22081.67;3074.37;42820.54;23755.21;47004.94;g273;8965.49;48070.33;13043.6;20429.68;5242.9;5102.98
g274;25624.28;19643.34;19643.34;19643.34;16428.16;23094.69;g274;43783.93;27449;27086.62;13536.38;5664.27;10694.08;g274;40707.1;32160.26;4578.31;36496.15;13776.03;43344.63;g274;1569.51;19643.34;19643.34;19643.34;4549.05;37867.38
g281;28132.33;47059.98;47059.98;7117.38;47059.98;35953.84;g281;2700.17;40852.61;38172.46;32968.4;41765.45;41765.45;g281;30002.15;44168.29;17828.41;50000;39458.79;23375.01;g281;36681.65;17756.78;1553.79;7648.58;16419.75;16419.75
g285;1868.86;0;38743.03;23079.68;24735.94;173.6;g285;26590.97;28714.8;5097.85;11973.17;9343.74;9343.74;g285;21551.27;19005.86;25996.87;9958.42;40083.19;40083.19;g285;36919.85;40492.89;37666.95;7775.35;20453.04;20453.04
g286;35594.54;22670.16;35594.54;16154.9;36055.23;35594.54;g286;27518.58;31394.2;26364.75;11523.13;37362.01;17486.36;g286;37055.29;24824.76;25702.39;11523.13;45513.06;2067.64;g286;35594.54;47762.63;35594.54;17295.18;16093.33;35594.54
g287;11710.48;27394.27;25050.13;28083.29;10040.94;1938.23;g287;20107.48;29302.37;46665.84;33218.95;44949.68;6120.27;g287;44160.84;47595.03;7971.22;21553.06;38830.89;9795.09;g287;19725.71;21671.38;20428.95;43008.45;12005.39;42342.62
g288;47792.07;50000;34957.91;43571.38;31713.58;0;g288;34969.82;23265.82;36116.16;20853.34;29221.43;50000;g288;5193.76;26168.74;26168.74;24435.67;28592.39;50000;g288;3523.8;18338.22;44348.63;26219.58;5963.72;45652.78
g293;50000;37337.86;4769.1;50000;11750.14;6679.2;g293;48219.33;30500.24;11377.86;43705.66;13843.13;32218.73;g293;13534.98;38394.54;2030.45;32199.87;40545.51;27613.17;g293;6804.99;0;37037.45;5933.73;21580.68;34357.18
g294;35758.26;14255.99;980.36;44644.84;30938.24;20703.87;g294;35758.26;14255.99;29984.38;25287.72;30938.24;40118.52;g294;35758.26;14255.99;45969.39;3277.24;30938.24;43654.29;g294;49061.78;20991.41;46367.99;18011.94;3677.3;42344.83
g295;17564.71;38155.5;1499.17;30925.38;1499.17;34423.13;g295;43987.13;41556.85;33075.8;34725.82;20820.53;49358.9;g295;11826.15;18783.48;12773.99;6092.84;1499.17;43487.16;g295;10949.79;13424.3;3980.08;21291.87;46867.88;0
g297;35594.54;23298.41;35594.54;0;44879.98;35594.54;g297;20846.3;39969.22;19061.74;39969.22;39969.22;12975.69;g297;3375.97;28052.99;14882.59;28052.99;28052.99;4719.27;g297;35594.54;48207.4;35594.54;7230.88;47858.18;35594.54
g298;48091.23;4094.32;41476.4;22001.02;38005.13;15842.63;g298;30847.44;31394.2;8875.31;11523.13;21329.93;38260.92;g298;40765.06;31394.2;23711.36;11110.58;1468.56;10470.03;g298;17647.91;50000;36515.1;47560.79;34466.44;16488.51
g300;48283.88;13438.74;23460.72;49410.97;42062.78;16638.37;g300;11584.23;42306.9;2260.81;22905.85;36468.27;37597.4;g300;48283.88;11311;27578.27;49410.97;45886.06;16638.37;g300;821.79;4103.1;2966.68;24998.33;32875.68;32534.75
g303;26911.14;15190.16;11947.69;37895.12;30520.01;12235.51;g303;34867.8;38967.23;32982.04;47642.93;26179.57;11627.89;g303;35827.69;15692.18;16126.78;16126.78;16126.78;31732.01;g303;35259.51;31229.62;42632.71;42632.71;42984.37;0
g304;35789.56;1076.42;11931.2;38872.75;35779.95;30716.89;g304;31763.31;32515.91;4615.84;30347.42;8823.55;18991.7;g304;0;162.77;39898.38;27139.36;27035.55;10766.35;g304;4882.93;32399.31;24774.7;4834.24;31183.01;18814.88
g309;30278.38;13716.68;3894.83;17178.61;8696.37;12105.85;g309;41780.42;29141.96;24990.29;11564.54;21846.8;17078.88;g309;41195.86;36389.63;16224.52;49435.78;16224.52;2372.32;g309;20759.93;46185.56;47810.43;47810.43;47810.43;47152.13
g310;20424.54;0;10474.97;201.68;30048.31;0;g310;30832.84;21592.41;9270.04;28786.8;16971.64;41018.73;g310;408.94;37626.65;15437.14;15437.14;46653.55;15437.14;g310;0;34863.77;35509.05;28786.8;33356.36;41018.73
g312;1092.64;33487.14;30847.71;23509.42;21097.27;39839.37;g312;30979.7;26109.1;47687.09;48844.08;48844.08;48844.08;g312;13740.81;3983.01;49003.92;16869.22;0;32215.64;g312;42270.19;12746.15;41538.42;33699.54;17901.65;29948.57
g313;22142.18;18952.77;34390.8;33970.61;18697.51;47570.41;g313;39054.8;18994.43;39003.29;49491.4;6548.84;47580.04;g313;8182.86;26899.53;8182.86;25958.15;46525.92;6530.28;g313;45078.68;6141.87;36196.89;32302.38;4289.57;36561.39
g316;4993.63;37410.09;14880.8;48954.83;26326.15;28784.29;g316;4993.63;37410.09;17017.49;17017.49;26326.15;0;g316;4993.63;37410.09;17017.49;17017.49;26326.15;25260.55;g316;50000;31869.8;46785.02;40790.34;48187.14;50000
g321;33844.74;38015.55;49525.74;25881.07;38519.48;46395.72;g321;12205.86;34566.6;17017.49;17017.49;12205.86;12205.86;g321;28747.55;22345.16;17017.49;17017.49;19664.52;47706.35;g321;17722.79;30133.54;39844.39;35419.03;17722.79;17722.79
g322;35789.56;34715.09;22832.07;38872.75;35779.95;8459.71;g322;41107.06;41107.06;41107.06;41107.06;36244.52;35148;g322;294.46;294.46;294.46;294.46;18253.49;22470.58;g322;44676.58;27895.92;15545.18;11461.11;36466.48;7233.63
g333;35203.73;45940.93;32002.18;21670.94;16181.72;49694.65;g333;15205.89;6711;31805.22;31805.22;49760.47;31805.22;g333;0;12322.37;31805.22;31805.22;45893.25;31805.22;g333;33541.05;5018.61;33766.8;12631.06;5071.78;14888.65
g335;7508.21;10130.62;10130.62;37339.4;17892.2;7469.32;g335;47562.69;8966.42;41352.03;33857.71;29068.43;37180.41;g335;0;27508.66;13233.98;25420.14;32.7;0;g335;14855.4;28323.71;10116.02;17314.2;30558.51;40514.37
g336;38465.31;37668.13;37668.13;1175.56;37668.13;46674.86;g336;17234.94;47444.89;18042.93;16550.97;40746.62;11301.04;g336;6707.93;29265.34;3332.96;5416.64;16187.93;4671.63;g336;12760.98;40686.84;6383.42;9480.78;20576.23;13893.6
g337;13218.17;30325.25;15828.16;20857.64;8458.07;19261.48;g337;7509.37;39068.15;29175.3;24043.62;26494.05;4211.3;g337;16861.26;22113.51;15828.16;2656.12;29768.33;17955.29;g337;37085.55;47396.28;15828.16;20857.64;19151.14;15163.86
g338;7230.62;1070.76;25995;7230.62;33700.25;44121.55;g338;21826.35;40248.7;40248.7;15004.57;40248.7;40248.7;g338;32622.43;40248.7;40248.7;50000;40248.7;40248.7;g338;9548.09;40248.7;40248.7;7230.62;40248.7;40248.7
g339;48639.91;8500.98;37674.82;46416.63;48660.89;42661.29;g339;29288.8;5985.87;3765.99;37931.59;10889.48;33226.41;g339;32452.37;22506.8;9810.15;13162.78;40279.72;38697.15;g339;9921.72;38817.7;24965.04;24063.44;13614.62;49083.92
g341;22808.77;7625.13;3811.08;18974.8;21029.54;20668.18;g341;12556.82;27219.36;11931.44;6485.2;23345.09;27219.36;g341;35080.17;25929.18;42395.58;3160.76;8381.19;27219.36;g341;46823.77;24175.02;22108.04;40242.82;0;36816.52
g342;40410.44;22393.17;22393.17;22393.17;15449.79;36746.14;g342;19373.13;18605.16;35318.78;27219.94;15283.65;46986.23;g342;18126.15;12571.67;40804.24;989.18;41432.94;11858.4;g342;16729.7;22393.17;22393.17;22393.17;2129.88;31284.86
g344;12608.93;26258.31;36567.56;27761.05;27761.05;33223.65;g344;20572.66;26217.56;30326.33;36207.56;36207.56;35763.53;g344;7707.02;44762.18;40641.66;2382.21;2382.21;46348.06;g344;23780.21;21064.48;2711.43;30720.28;28203.12;47698.87
g347;35789.56;11143.28;46711.39;38872.75;35779.95;15958.24;g347;9800.46;40447.21;4834.06;2265.37;14756.66;44684.73;g347;9488.2;7530.59;4834.06;2265.37;6400.1;9425.6;g347;16428.5;4886.05;4834.06;2265.37;14756.66;15490.76
g348;19520.05;9938.91;8108.18;8699.65;19608.28;36007;g348;13875.12;33666.49;23771.23;7836.46;13809.66;23657.9;g348;13623.21;26234.45;0;25277.89;6288.99;43318.5;g348;19195.09;33666.49;34908.23;0;33269.41;48642.83
g349;27423.68;12522.97;48579.99;38243.62;35630.85;45576.18;g349;12205.86;20473.09;4812.17;17328.6;12205.86;12205.86;g349;15616.53;33154.43;33154.43;33154.43;25376.88;29351.06;g349;17722.79;46924.57;6325.63;30498.45;17722.79;17722.79
g351;39408.21;21201.42;0;10740.38;1366.64;48646.7;g351;27748.43;5411.73;6227.04;28786.8;19134.72;41018.73;g351;48758.12;0;7326.16;713.46;4301.35;10621.7;g351;18349.94;45813.52;47845.37;28786.8;47158.35;41018.73
g352;0;38726.45;2246.52;46488.95;43128.92;27937.18;g352;36623.4;46502.84;36623.4;43938.68;49282;29834.42;g352;8182.86;2283.05;8182.86;26478.9;18035.66;43046.8;g352;42846.86;48094.82;3069.37;38569.24;9628.11;3997.34
g355;45100.13;45100.13;26044.89;25585.85;4012.48;45100.13;g355;43823.93;43823.93;44682.79;16029.21;32763.75;43823.93;g355;26193.85;34341.13;30459.17;17892.49;35220.56;10958.19;g355;27490.22;27490.22;28067.4;21168.84;13699.73;27490.22
g357;1530.65;29727.11;29727.11;29727.11;43840.63;44997.51;g357;15946.18;30855.62;10978.25;22768.65;5838.75;20905.29;g357;920.05;47172.13;35145.84;6791.16;50000;30529.58;g357;27431.9;29727.11;29727.11;29727.11;6551.89;49222.62
g358;30411.68;7560.71;26306.11;940.89;14358.15;40904.52;g358;50000;40036.7;19456.21;34711.85;37916.27;40036.7;g358;32252.56;40036.7;18013.83;35329.28;47739.17;40036.7;g358;46639.66;6450.92;16597.18;3280.15;48709.16;19446.7
g359;50000;50000;17535.35;12347.41;27377.23;43969.08;g359;38650.67;40528.61;50000;38650.67;18544.11;38650.67;g359;38650.67;17036.97;0;38650.67;46238.18;38650.67;g359;38650.67;45227.38;48253.29;38650.67;34153.89;38650.67
g360;38726.53;38757.43;9796.69;0;38757.43;9510.41;g360;14394.75;30863.76;21939.43;39161.37;13337.24;48546.74;g360;50000;47959.73;45764.7;32997.17;26128.94;19610.22;g360;5169.03;19287.43;47109.6;8285.06;27857.05;27247.53
g363;516.99;10130.62;10130.62;42377.33;39303.05;3384.25;g363;13473.84;39006.85;39006.85;48785.3;39006.85;39006.85;g363;26497.19;36605.98;40745.76;28032.27;39006.85;39006.85;g363;34935.24;39006.85;39006.85;17656.05;39006.85;39006.85
g364;47094.76;2921.29;48004.14;18370.69;33046.12;4661.52;g364;1634.62;44373.2;41366.74;28956.6;10472.97;40009.39;g364;5170.37;13857.45;77.25;2829.17;17473.06;40593.24;g364;26535.55;47246.84;26717.19;29159.04;0;12340.31
g365;28746;38304.64;27150.92;14225.98;43788.39;24964.84;g365;48441.36;19389.07;36823.04;48441.36;41598.46;48441.36;g365;48441.36;49758.59;49452.45;48441.36;44512.93;48441.36;g365;48441.36;43093.48;33304.96;48441.36;12146.56;48441.36
g369;19916.22;44633.19;39885.29;14498.6;40357.2;21551.9;g369;37407.97;3170.42;39898.78;25550.41;2433.9;37407.97;g369;11126.05;21595.49;49129.5;21711.23;43550.14;11126.05;g369;8965.49;38011.6;13043.6;18116.64;5242.9;5102.98
g372;35075.71;4009.67;9074.41;50000;14004.95;40238.26;g372;42395.42;5973.38;5973.38;22211.2;5973.38;7856.26;g372;0;49181.7;2581.6;22895.73;43510.2;49556.8;g372;50000;1305.51;20048.59;21454.09;888.97;17086.46
g373;10230.86;22081.67;3074.37;30536.32;465.16;20172.56;g373;33017.46;22081.67;3174.09;30794.89;29600.7;21435.27;g373;41676.38;22081.67;3074.37;0;25444.48;41609.47;g373;11289.06;20910.72;12468.84;48398.88;40829.93;14265.68
g375;18329.17;18329.17;22033.37;10575.39;27408.49;18329.17;g375;47555.45;47555.45;19074.75;6970.19;7213.12;47555.45;g375;3293.22;3646.72;31019.73;31019.73;31019.73;35922.1;g375;33681.91;33681.91;36878.41;36878.41;36878.41;33681.91
g399;48283.88;0;9062.17;49410.97;48544.89;16638.37;g399;16637.76;40217.52;7339.54;26864.6;37045.32;18467.73;g399;48283.88;21311.55;43399.28;49410.97;50000;16638.37;g399;28430.61;44870.56;23009.51;13982.09;28386.95;15832.8
g400;41338.2;47295.1;2474.15;25228.78;7069.93;454.77;g400;36933.98;24508.23;34823.45;44362.6;34513.11;1398.31;g400;8831.28;26168.74;26168.74;0;49390.6;50000;g400;28189.28;24323.41;14020.2;12533.59;16373.11;2766.83
g402;39330.7;28440.14;35458.14;36744.48;26051.19;18230.09;g402;5159.54;34228.08;25507.39;22409.96;15411.91;46317.54;g402;0;20825.88;39994.35;14598.54;14598.54;14598.54;g402;40304;17214.24;38143.53;14598.54;14598.54;14598.54
g411;13793.74;40240.65;7493.14;12031.82;44147.83;36805.79;g411;15739.14;4728.17;19749.41;44405.78;22601.8;46233.37;g411;22506.58;18373.51;19749.41;44405.78;22601.8;14444.12;g411;30850;44395.63;19749.41;44405.78;22601.8;16708.43
g417;35149.05;9803.97;24317.4;17289.36;44160.65;9224.78;g417;36756.14;33666.49;10037.9;1042.71;20035.64;13579.89;g417;36038.99;47100.57;9107.68;9107.68;6829.14;7106.46;g417;48415.58;33666.49;30398.71;30398.71;30398.71;5452.03
g419;8757.51;12830.31;8757.51;5136.38;8757.51;10552.66;g419;40123.7;23748.66;22484.27;26051.68;21102.98;26141.46;g419;26919.65;26168.74;26168.74;4848.12;33877.29;33051.63;g419;8757.51;44346.72;8757.51;50000;8757.51;8455.22
g421;9727.57;17987.76;43889.41;32038.65;22155.83;50000;g421;41107.06;41107.06;41107.06;38961.56;25287.33;50000;g421;294.46;294.46;294.46;294.46;47024.09;13681.81;g421;31848.29;46836.97;0;15984.54;2925.49;450.39
g425;6094.36;39198.88;9500.32;12596.47;34354.64;41108.14;g425;23926.56;9405.37;50000;4683.9;39622.58;45575.97;g425;29711.23;38372.22;38282.16;27299.63;4054.23;43960.94;g425;44834.11;11216.97;46616.26;37451.77;0;5771.07
g426;22451.01;40667.25;47213.04;36294.07;35846.65;32469.7;g426;8006.95;33669.1;49184.84;13229.48;26494.05;38414.84;g426;694.98;39887.63;7959.75;44968.74;27852.72;10300.48;g426;13754.65;24881.19;31288.09;10296.81;33732.76;24366.35
g433;35594.54;44624.68;35594.54;34048.37;5575.73;35594.54;g433;45514.06;41403.92;30625.38;39969.22;39969.22;21874.67;g433;12424.65;28052.99;48350.32;28052.99;29004.1;4522.46;g433;35594.54;31686.64;35594.54;7548.39;1036.54;35594.54
g436;25941.5;8579.75;25941.5;31686.13;25941.5;38936.4;g436;16634.85;4784.52;39677.4;21620.95;0;10422.21;g436;37564.54;40801.68;28010.77;39548.18;3154.38;40801.68;g436;25941.5;31805.22;25941.5;22472.19;25941.5;21062.88
g437;35789.56;9018.46;8871.04;38872.75;35779.95;49981.5;g437;49228.32;18217.65;14326.27;10620.61;19649.12;19649.12;g437;21701.83;6622.16;3950.03;38895.38;303.3;303.3;g437;33958.28;15665.32;48504.01;32746.16;49308.64;49308.64
g439;30018.69;9417.83;30115.68;43540.42;10648.49;30018.69;g439;47638.92;3124.85;26045.73;50000;7168.1;47638.92;g439;40864.11;27580.37;35991.13;3220.92;26459.75;40864.11;g439;8965.49;8320.89;13043.6;23687.64;5242.9;5102.98
g446;35789.56;7793.27;8334.49;38872.75;35779.95;46724.81;g446;35818.61;27726.68;12328.64;42371.83;33909.23;17510.22;g446;35972.25;43759.92;21494.57;43803.01;14361.27;0;g446;28053.53;44097.52;29091.47;50000;27524.05;43758.16
g450;14939.73;4834.47;29116.59;27761.05;27761.05;10347.78;g450;9481.02;4481.16;8175.51;36207.56;36207.56;24494.57;g450;243.69;11597.4;34931.02;2382.21;2382.21;50000;g450;4664.46;28693.01;5394.79;19640.24;39161.69;21738.4
g455;21641.23;37036.19;19862.93;8509.05;21641.23;25501.64;g455;36623.4;45721.47;36623.4;32397.03;2414.8;18448.25;g455;8182.86;47433.03;8182.86;18477.65;1207.11;21324.32;g455;21641.23;27427.59;21641.23;16735.31;21641.23;42353.89
g460;7517.82;19882.88;11729.57;890.15;17963.99;1106.42;g460;45006.43;50000;21939.43;49996.58;43611.73;48546.74;g460;36983.65;44261.23;50000;11727.5;27502.2;41230.32;g460;20333.24;43360.6;47109.6;14889.05;20834.85;27247.53
g463;46585.09;10130.62;10130.62;15700.84;44329.65;29473.28;g463;42963.88;41202.49;0;163.13;29298.91;2886.46;g463;41156.89;14676.64;34497.13;20465.12;50000;31489.41;g463;36771.15;3490.68;19245.77;47876.69;41050.25;24572.98
g482;7230.62;17227.12;32162.76;7230.62;10074.28;43304.37;g482;7272.82;45289.97;4502.03;16122.95;45761.52;50000;g482;32680.24;29019.49;43422.72;7465.64;15639.92;45274.84;g482;7230.62;32720.71;1613.75;7230.62;10157.45;3298.26
g483;32014.13;33933.03;3054.54;46784.23;9452.63;22761.32;g483;37097.48;40422.75;17118.12;37097.48;42160.02;37097.48;g483;37097.48;49977.83;29603.17;37097.48;6625.61;37097.48;g483;37097.48;1145.7;35895.83;37097.48;23081.85;37097.48
g484;9035.25;38698.31;30590.13;9167.13;21190.05;19281.67;g484;45388.68;21831.34;12847.45;21490.01;47617.51;25348.26;g484;50000;26168.74;26168.74;36368.81;34528.26;30489.91;g484;38505.67;32682.7;49007.17;423.93;7896.19;22956.36
g485;24055.48;11975.38;22718.24;19822.84;20299.47;8552.06;g485;3170.45;39969.22;30222.53;39969.22;39969.22;8.19;g485;31607.64;28052.99;0;28052.99;28052.99;12195;g485;32622.19;12624.92;34397.26;1448.35;32765.23;42335.63
g486;19520.05;39507.34;23377.27;28569.83;19608.28;34484.27;g486;9329.69;12206.17;1172.45;18682.2;45288.61;38258.09;g486;13623.21;15012.24;36170.39;19619.81;6288.99;17813.55;g486;9583.27;10421.38;46942.16;26395.46;45471.31;42828.82
g487;34927.45;2638.65;23564.41;17810.21;23564.41;38356.16;g487;231.98;35631.34;18902.92;19318.42;38801.93;47035.86;g487;45306.49;13337.15;23564.41;41667.05;23564.41;36570.23;g487;19241.38;42081.87;43216.65;36025.94;41148.39;229.17
g490;22768.82;26201.86;36159.46;46295.5;12947.62;25172.1;g490;43026.17;15240.31;2783.94;12135.98;26904.45;27834.97;g490;22768.82;37224.7;21912.69;41201.14;30494.76;25172.1;g490;2183.5;23643.54;48673.45;46658.29;32294.25;47394.72
g491;9201.92;46807.2;0;46229.54;30178.72;17183.62;g491;3844.86;6350.44;4159.81;15960.36;38303.89;3408.51;g491;14102.66;42067.11;47875.93;44458.82;22300.53;5384.08;g491;25256.96;18950.12;21531.28;21755.24;14381.22;2865.79
g492;7230.62;4678.66;44032.7;7230.62;43562;21753.25;g492;0;49087.83;49087.83;42590.88;49087.83;49087.83;g492;19403.31;49087.83;49087.83;6370.15;49087.83;49087.83;g492;7230.62;49087.83;49087.83;7230.62;49087.83;49087.83
g493;2121.22;33984;30590.13;9167.13;32145.08;19281.67;g493;13260.75;8960.63;12847.45;21490.01;15612.12;25348.26;g493;6291.24;4393.31;4514.13;40956.56;627.58;13643.54;g493;8965.49;0;13043.6;8052.98;5242.9;5102.98
g495;33709.62;12907.06;12346.33;9987.48;0;45589.2;g495;25682;25682;13195.95;3443.84;22878.96;25682;g495;47631.92;0;2572.2;43584.65;18425.98;3962.52;g495;25682;25682;36719.35;20682.92;47874.8;25682
g496;41479.57;44828.21;11339.28;45354.51;11339.28;37961.28;g496;7097.23;26895.89;45348.2;10678.08;32621.91;26895.89;g496;6177.45;26895.89;11339.28;45223.3;11339.28;26895.89;g496;14249.79;40966.01;50000;8071.16;30568.53;0
g497;48283.88;41551.31;42660.3;49410.97;19417.01;16638.37;g497;12205.86;41995.22;50000;47397.28;12205.86;12205.86;g497;48283.88;8362.76;24506.84;49410.97;18904.65;16638.37;g497;17722.79;14672.75;32298.52;21185.04;17722.79;17722.79
g498;45279.31;49706.56;17847.23;16076.5;629.02;35023.91;g498;30161.1;20459.34;31805.22;31805.22;30529.13;31805.22;g498;28715.53;34595.5;31805.22;31805.22;17830.27;31805.22;g498;46735.58;21379.56;5814.31;14110.16;39306.79;17374.78




;c0;c0;c0;c0;;c1;c1;c1;c1;;c2;c2;c2;c2;;c5;c5;c5;c5;;c7;c7;c7;c7;;c9;c9;c9;c9;;
;t0;t1;t2;t3;;t0;t1;t2;t3;;t0;t1;t2;t3;;t0;t1;t2;t3;;t0;t1;t2;t3;;t0;t1;t2;t3;;
g3;19630.13;49773.96;45449.97;19076.89;g3;15211.14;25375.43;18127.15;48700.44;g3;15358.1;47279.66;38317.85;48700.44;g3;1931.48;25375.43;48019.22;48700.44;g3;9475.77;25521.33;15029.33;38656.72;g3;18440.71;13921;43858.28;7925.91
g4;35249;35249;35249;2674.31;g4;6463.66;6463.66;6463.66;34698.58;g4;45410.19;10928.74;35076.87;8215.29;g4;42911.69;16134;39999.63;31869.43;g4;39894.59;39894.59;39894.59;0;g4;37028.94;26029.83;558.32;9137.92
g5;17589.95;28394.7;26964.09;32828.62;g5;10430.52;14384.86;27328.1;6380.78;g5;40899.52;21939.43;40899.52;47109.6;g5;16862.12;50000;0;25248.66;g5;40899.52;10153.34;40899.52;22609.4;g5;35849.76;48546.74;43801.25;27247.53
g7;49.25;35136.61;6917.43;16166.74;g7;2530.82;298;298;298;g7;12535.15;298;46437.22;298;g7;45877.23;41132.83;6960.59;23151.23;g7;8548.28;298;298;298;g7;17031.07;298;298;298
g8;46360.04;3667.84;26141.25;4408.39;g8;28003.97;12270.09;568.03;38979.6;g8;25414.95;31805.22;31805.22;49173.03;g8;8674.83;31805.22;31805.22;24474.03;g8;20758.26;20612.79;15189.34;19588.01;g8;13241.1;31805.22;31805.22;5176.73
g9;8711.36;36902.85;30464.89;12508.89;g9;29082.18;10304.23;32776.13;32290.76;g9;8711.36;34743.07;30464.89;22957.08;g9;43605.55;36452.45;2589.7;14768.24;g9;8711.36;45969.18;46968.89;14212.79;g9;8711.36;35331.75;30464.89;40042.27
g11;39886.18;27153.55;31771.65;38266.65;g11;22419.24;48525.42;4065.28;20643.74;g11;25194.48;31805.22;31805.22;8153.42;g11;12531.42;31805.22;31805.22;10423.85;g11;10456.25;11938.02;41862.14;46134.64;g11;3515.61;44297.42;31805.22;45598.29
g16;35185.59;49077.05;2992.07;0;g16;7356.03;27743.19;50000;27743.19;g16;40454.46;27743.19;17397.11;27743.19;g16;23429.63;43062.93;36854.51;28150.16;g16;20525.19;27407.75;44503.34;1130.05;g16;24570.28;49099.32;27863.54;29490.13
g17;6207.01;36623.4;8182.86;15268.16;g17;10054.57;13352.78;40514.37;28982.51;g17;14300.6;36623.4;8182.86;14296.57;g17;26872.13;28786.8;31100.85;28786.8;g17;23015.31;9452.61;47627.78;18296.01;g17;39864.76;41018.73;47132.11;41018.73
g18;2406.69;46492.34;1693.67;18058.72;g18;31609.74;30524.68;24005.16;36738.94;g18;13837.98;47836.42;20693.13;22083.4;g18;38110.24;18720.35;44402.8;8264.46;g18;38102.05;26244.67;40761.92;18539.3;g18;20009.46;44019.71;0;9170.66
g19;48204.68;47156.75;41020.01;8965.49;g19;4007.69;49008.73;22831.3;49751.39;g19;6277.29;32853.46;48725.82;13043.6;g19;14154.28;28935.72;37826.74;25521.92;g19;3371.85;15678.32;48014.14;5242.9;g19;48204.68;47156.75;41020.01;5102.98
g21;18158.25;28732.54;21576.77;40482.99;g21;10130.62;40964.67;40964.67;30497.41;g21;10130.62;27632.66;48144.67;38255.23;g21;16341.65;41593.58;47357.9;7811.86;g21;23308.33;49342.87;45016.23;18567.33;g21;29958.55;40964.67;40964.67;29765.05
g22;6321.34;41107.06;294.46;6192.53;g22;28857.06;41107.06;294.46;39535.86;g22;6321.34;41107.06;294.46;6321.34;g22;43622.47;41107.06;294.46;16131.99;g22;6321.34;17000.87;3079.52;6321.34;g22;1299.28;2416.28;22600.84;20800.04
g27;47116.86;16086.02;46886.86;11499.12;g27;3936.13;43168.95;10571.81;34407.3;g27;1473.38;15697.23;10571.81;34407.3;g27;35923.95;42566.02;10571.81;34407.3;g27;23250.11;17169.03;10571.81;34407.3;g27;38988.15;36703.04;17187.61;5283.84
g28;37376.78;37482.03;46235.53;4127.74;g28;8500.98;5985.87;22506.8;39409.67;g28;37674.82;3765.99;24115.71;12649.85;g28;50000;11610.36;41464.18;21468.53;g28;48660.89;10889.48;40279.72;33957.79;g28;42661.29;33226.41;38697.15;33002.89
g29;50000;49250.82;38294.39;32745.18;g29;8500.98;5985.87;22506.8;26487.79;g29;37674.82;3765.99;24115.71;25279.82;g29;2772.38;16172.68;41102.63;38307.51;g29;48660.89;10889.48;40279.72;38334.44;g29;42661.29;33226.41;38697.15;33119.33
g30;29814.93;38883.58;30145.9;273.35;g30;39357.91;18352.09;32564.64;32103.49;g30;31819.9;24151.27;25781.83;31738.24;g30;35341.57;18668.84;43836.27;43836.27;g30;13121.47;50000;43836.27;43836.27;g30;31990.99;38451.19;43836.27;43836.27
g31;37339.98;23208.53;50000;1852.39;g31;39383.97;13460.69;2250.99;22151.62;g31;14048.61;21939.43;22968.3;47109.6;g31;31200;8846;15195.4;45040.07;g31;1085.96;20912.14;28112.24;39402.84;g31;30646.64;48546.74;47912.61;27247.53
g32;22359.76;20965.26;20965.26;20965.26;g32;3379.53;29186.48;50000;38656.01;g32;16299.4;27853.57;23685.11;35331.28;g32;33805.15;32668.59;20965.26;20965.26;g32;34320.1;41368.37;17696.32;20883.79;g32;20946.94;20965.26;20965.26;20965.26
g34;35789.56;12205.86;18000.55;17722.79;g34;19236.97;1695.85;35258.78;21758.7;g34;7799.36;40057.38;0;16739.05;g34;38872.75;45075.3;12224.12;1627.43;g34;35779.95;12205.86;32185.64;17722.79;g34;9188.04;12205.86;48072.41;17722.79
g35;42416.02;0;47164.78;26713.39;g35;34022.43;35506.26;152.85;28548.94;g35;22996.72;17595.6;29950.45;18405.04;g35;27761.05;36207.56;2382.21;16721.46;g35;27761.05;36207.56;2382.21;8518.86;g35;14349.72;0;11888.43;1077.08
g40;12856.43;43389.05;20837.23;19287.38;g40;3171.01;27022.2;5516.18;13983.8;g40;4037.5;25140.22;5516.18;18842.64;g40;33519.62;36328.38;5516.18;26731.74;g40;36575.25;30245.67;367.08;40127.58;g40;11732.59;2349.91;12257.77;10030.96
g41;39869.48;8808.25;40173.42;17830.39;g41;12352.58;19190.2;8494.77;50000;g41;2433.61;4345;19482.92;4345;g41;17328.79;33892.46;4978.75;32776.63;g41;183;4345;31303.17;4345;g41;36733.22;18599.04;10795.14;24882.79
g48;41213.83;37526.37;430.86;41213.83;g48;16520.6;26800.87;17797.52;22176.35;g48;35137.32;10287.13;14809.62;35137.32;g48;919.5;0;50000;20217.53;g48;24726.78;0;49604.1;24068.94;g48;39755.71;44482;30724.27;39755.71
g50;17304.23;22724.11;1941;39253.1;g50;1972.5;50000;47443.49;47443.49;g50;11969.7;11969.7;1516.23;0;g50;37804.14;37804.14;6187.26;27166.1;g50;12248.75;38711.4;25227.68;28063.2;g50;35835.66;35835.66;18395.2;18395.2
g55;12251.6;25682;46322.05;25682;g55;35714.03;25682;38589.02;25682;g55;21944.26;15473.42;15437.14;6879.41;g55;39750.49;14072.46;15437.14;32017.02;g55;3273.42;33170.24;43099.91;48487.64;g55;40166.78;25682;15437.14;25682
g59;25133.63;41965.04;19380.26;19327.48;g59;35295;39969.22;28052.99;27390.97;g59;37289.41;30975.62;23968.91;36677.93;g59;18458.36;39969.22;28052.99;12602.33;g59;43299.58;39969.22;28052.99;44407.21;g59;6505.05;5530.63;34659.98;23422.08
g61;22823.39;27084.82;13334.03;4638.99;g61;7181.44;29150.84;44540.98;12247.75;g61;35923.65;34479.07;38282.16;46616.26;g61;16629.08;29341.75;27299.63;37451.77;g61;20207.75;50000;3997;50000;g61;18751.24;18353.24;36175.86;12757.87
g62;47094.76;1634.62;37656.06;0;g62;2921.29;44373.2;13857.45;18173.73;g62;48004.14;41366.74;44323.56;3661.02;g62;5080.74;16794.74;10864.7;39450.75;g62;33046.12;10472.97;41963.45;36376.35;g62;8478.65;989.45;40593.24;12340.31
g63;17873.06;14151.38;25267.18;28424.86;g63;37771.81;29093.25;42042.49;7946.4;g63;38200.08;50000;28461.62;41773.74;g63;10769.88;43580.91;28534.38;2423.89;g63;13369.76;10225.45;30467.36;43149.51;g63;37136.14;38930.66;27329.65;19723.06
g66;29264.51;38450.17;21999.34;12032.01;g66;22495.52;31519.51;31324.85;8190.73;g66;16798.63;17168.66;38282.16;46616.26;g66;16112.89;32657.86;27299.63;37451.77;g66;3673.72;44486.35;6630.55;29612.75;g66;733.16;38935.51;41973.81;49253.83
g68;7230.62;21725.84;35470.63;7230.62;g68;49599.5;22291.26;31128.44;44698.92;g68;22965.48;41349.37;6747.93;33636.76;g68;7230.62;44760.28;23150.07;7230.62;g68;25183.18;10114.42;21014.96;32289.26;g68;35201.37;31744.17;37807.91;13949.69
g73;41801.03;34449.28;27642.08;24142.26;g73;18011.36;18889.14;50000;1774.38;g73;45461.52;29111.29;21003.66;28203.19;g73;26576.73;40227.49;48086.34;48951.35;g73;40050.87;43234.05;48086.34;48086.34;g73;50000;43174.2;48086.34;48086.34
g74;1891.85;8197.64;21653.88;3603.28;g74;10640.34;9295.5;10257.61;35711.73;g74;43857.09;31584.37;13096.41;1083.89;g74;28202.74;45324.13;25049.89;44051.86;g74;44665.02;27459.42;42192.22;16736.72;g74;1335.05;7078.88;48949.39;14280.95
g75;49208.05;404.99;37752.73;19017.25;g75;28342.34;41166.98;38867.08;20885.1;g75;44841.93;38332.71;44841.93;44841.93;g75;23009.92;50000;23009.92;23009.92;g75;10510.51;22070.85;36802.95;20884.81;g75;24645.72;35478.02;221.57;17152.17
g76;27689.85;27689.85;29213.87;8918.67;g76;43630.56;41942.61;10716.41;15866.29;g76;37433.24;17854.92;427.09;22237.26;g76;45804.97;14218.95;427.09;22237.26;g76;32960.66;24438.9;427.09;22237.26;g76;27689.85;27689.85;6506.85;30289.94
g78;26356.47;7425.36;31822.33;15482.7;g78;21126.13;43832.08;1924.62;5694.83;g78;37636.42;43832.08;48294.71;0;g78;33253.9;27824.13;41961.27;3516.75;g78;5405.48;43832.08;33302.65;46716.39;g78;43159.43;38087.32;36851.08;25752.21
g79;4445.81;29553.29;5340.49;41879.69;g79;21546.1;35782.98;40801.68;33666.49;g79;42556.56;34606.64;26259.83;8454.68;g79;15026.75;50000;36538.81;21246.47;g79;26551.3;43328.49;13407.94;1824.95;g79;7788.41;36681.61;40801.68;42262.58
g81;7205.49;3130.65;26482.41;31607.88;g81;31318.94;49115.18;24709.37;26360.85;g81;28327.09;49028.44;38282.16;46616.26;g81;43479.18;25366.81;27299.63;37451.77;g81;9721.12;19673.29;35041.04;48403.32;g81;28536.6;41915.54;31673.39;33631.88
g90;40212.34;23638.83;9365.12;22208.89;g90;46479.74;35574.52;5831.33;32520.67;g90;36007.2;17818.9;10251.26;40216.59;g90;11091.97;47476.45;10859.91;27582.98;g90;19905.59;47476.45;8241.68;50000;g90;19225.95;47476.45;29741.68;7863.25
g95;15884.93;46043.98;26084.8;16147.67;g95;22253.35;47837.01;46804.94;10213.63;g95;42680.44;17017.49;17017.49;7101.01;g95;24845.18;17017.49;17017.49;37575.73;g95;29464.08;29585.36;5154.78;27734.01;g95;7149.38;50000;37460.83;32196.21
g96;0;5601.9;48395.98;33105.02;g96;12825.88;48223.07;15618.64;7348.13;g96;27335.08;44653.69;44653.69;44653.69;g96;19125.2;47247.55;36914.84;36914.84;g96;10648.3;598.08;598.08;598.08;g96;20809.07;9529.46;35252.05;47569.63
g97;32274.39;33773.84;38003.77;30453.2;g97;21108.64;16732.54;22235.39;7704.07;g97;19003.26;23528.28;6360.7;0;g97;20489.39;30446.53;38296.11;43939.78;g97;39504.11;4316.26;43733.58;3839.1;g97;30134.74;4316.26;43733.58;3839.1
g99;35774.2;4062.76;40075.47;44639.48;g99;34027.91;44780.13;34460.85;41106.52;g99;35774.2;15875.94;40075.47;14050.43;g99;10485.9;16566.64;18076.83;42709.23;g99;35774.2;16566.64;40075.47;21841.95;g99;35774.2;16566.64;40075.47;6304.47
g103;48283.88;44585.27;48283.88;31673.76;g103;20253.3;24130.07;50000;18933.09;g103;20688.72;24272.42;7587.35;24345.95;g103;49410.97;5740.97;49410.97;23575.19;g103;4788.31;48321.01;39052.08;10337.02;g103;16638.37;50000;16638.37;30805.14
g104;32783.43;36946.3;12716.97;8373.66;g104;19576.03;46965.95;8727.56;32980.31;g104;30590.13;12847.45;15437.14;41924.46;g104;9167.13;21490.01;15437.14;22162.95;g104;19254.43;8949.01;0;22503.73;g104;19281.67;25348.26;15437.14;49582.66
g108;42247;25682;33542.95;25682;g108;47219.94;25686.31;37420.22;25682;g108;0;42316.55;27121.1;7442.93;g108;6308.25;20665.62;38670.46;35346.38;g108;48335.87;48587.5;14206.59;9344.62;g108;0;25682;20370.95;25682
g109;30425.18;46034;12948.98;5630.08;g109;8500.98;5985.87;22506.8;9016.5;g109;37674.82;3765.99;24115.71;29961.01;g109;14341.21;23768.9;27734.2;11224.27;g109;909.59;10889.48;40279.72;21838.11;g109;42661.29;33226.41;38697.15;17553.14
g110;28245.42;13924.54;30975.9;9159.25;g110;46086.2;18463.51;26168.74;41808.26;g110;23304.33;17519.23;26168.74;11958.02;g110;9181.03;34091.45;26974.26;17039.04;g110;3040.5;28466.19;32145.25;4381.5;g110;5430.98;48898.12;39546.02;17376.89
g111;35789.56;12205.86;360.12;17722.79;g111;25336.16;7494.14;3918.43;21077.84;g111;15553;43779.06;23370.34;34412.92;g111;38872.75;0;24521.72;0;g111;35779.95;12205.86;5524.02;17722.79;g111;20805.07;12205.86;0;17722.79
g112;41213.83;3217.71;5672.74;41213.83;g112;40556.96;24680.76;47068.76;10823.73;g112;35137.32;31602.91;7273.53;35137.32;g112;31506.38;14020.11;10420.19;2545.93;g112;24068.94;30275.14;17895.34;24068.94;g112;39755.71;21407.79;11725.98;39755.71
g114;49.25;35136.61;29896.08;16166.74;g114;47072.84;17237.26;14944.53;14295.35;g114;50000;14542.46;14944.53;5041.14;g114;45877.23;41132.83;14944.53;23151.23;g114;36595.89;45911.08;26038.57;45867.64;g114;17782.49;40892.79;31327.48;0
g115;2347;27167.07;35130.35;40942.95;g115;0;18827.71;39315.38;42569.66;g115;6536.2;16625.36;37022.78;50000;g115;27761.05;36207.56;2382.21;10329.56;g115;27761.05;36207.56;2382.21;10806.26;g115;33007.56;22818.06;28414.67;14024.94
g117;37551.13;39716.75;11520.29;8965.49;g117;48288.18;529.92;36295.9;40539.45;g117;22899.46;13007.95;1687.9;13043.6;g117;41479.08;37486.49;36470;7154.13;g117;7013.77;42626.13;19562.19;5242.9;g117;37551.13;39716.75;11520.29;5102.98
g118;27628.13;49869.95;47245.29;9037.92;g118;18887.58;49706.66;16273.04;18118.75;g118;30590.13;12847.45;40988.12;34473.41;g118;9167.13;21490.01;43923.9;35994.06;g118;15498.24;44686.64;8093.1;28445.47;g118;19281.67;25348.26;30955.18;17212.44
g122;7230.62;9989;6628.57;7230.62;g122;49605.6;10669.61;2563.35;29042.6;g122;45384.97;0;31444.26;17982.25;g122;7230.62;29447.37;10219.95;7230.62;g122;6560.32;19703.88;19245.18;35880.53;g122;35543.23;48965.53;31383.06;721.31
g124;35594.54;13160.21;1169.07;35594.54;g124;50000;31394.2;31394.2;30134.69;g124;35594.54;2100.06;14329.64;35594.54;g124;46068.43;11523.13;11523.13;48567.4;g124;48537.4;38634.41;36334.3;9960.13;g124;33671.11;4472.54;21796.8;35594.54
g133;34870.15;41107.06;294.46;50000;g133;47643.81;41107.06;294.46;33182.33;g133;49324.59;41107.06;294.46;1923.12;g133;30969.02;41107.06;294.46;14666.51;g133;378.43;50000;18436.85;27668.23;g133;37458.78;40001.49;41317;50000
g134;49.25;35136.61;25152.06;16166.74;g134;12047.46;34639.27;34639.27;34639.27;g134;7942.5;34639.27;34639.27;34639.27;g134;45145.56;41132.83;17014.17;23151.23;g134;9112.5;34639.27;34639.27;34639.27;g134;23692.81;34639.27;34639.27;34639.27
g140;2796.95;40740.84;42860.79;31294.41;g140;41624.02;33666.49;16466.35;33666.49;g140;25788.45;8340.67;45229.28;36850.34;g140;0;6710.8;7234.85;50000;g140;37305.93;24163.89;13147.07;372.77;g140;13316.27;25288.64;12861.68;404.52
g144;9083.39;34069.39;46938.01;40354.51;g144;10130.62;10990.27;40748.23;20404.6;g144;49802.8;7327.15;7327.15;7327.15;g144;5058.86;7717.76;7717.76;7717.76;g144;30941.45;12190.88;12190.88;12190.88;g144;277.85;2751.99;43080;47586.89
g145;11874.39;16540.88;634.62;41077.32;g145;34102.13;37231.19;47332.16;25539;g145;26329.11;21432.85;23544.1;21432.85;g145;41668.85;41367.57;5943.83;28656.55;g145;35392.73;21432.85;38328.65;21432.85;g145;0;19628.38;5119.24;32016.1
g147;22768.82;44002.03;22768.82;9021.37;g147;6037.39;24545.49;37153.47;34663.03;g147;27409.55;0;7596.68;19020.14;g147;3493.97;21443.93;11545.52;22396.03;g147;18218.25;7743.13;35606.47;40958.9;g147;25172.1;21467.62;25172.1;7951.92
g149;10759.99;9424;19713.18;30964.73;g149;10759.99;9424;40801.68;30964.73;g149;43539.47;19639.73;34186.96;21661.63;g149;30469.54;24602.04;28033.94;23818.27;g149;0.79;20879.67;36537.24;43749.41;g149;10759.99;9424;40801.68;30964.73
g152;26120.71;25405.57;19423.07;46181.25;g152;18627.14;27743.19;18988.74;27743.19;g152;31828.76;27743.19;16116.6;27743.19;g152;35006.65;22188.21;36178.81;6304.76;g152;25694.82;43412.44;37058.36;34931.09;g152;21807.75;48927.72;716.57;13009.32
g155;37469.77;36016.12;0;33510.69;g155;8087.65;12921.02;10649.27;30788.89;g155;8087.65;7803.38;13002.51;30788.89;g155;14653.52;26582.16;10649.27;30788.89;g155;8087.65;38427.76;10649.27;30788.89;g155;34716.47;48725.39;44759.04;49604.19
g157;43838.56;42137.43;24238.73;26300.54;g157;4616.46;27956.86;37003.28;46961.95;g157;499.67;2842.92;1091.4;27782.18;g157;36906.85;8601.39;1091.4;27782.18;g157;15521.52;19990;1091.4;27782.18;g157;35520.05;29873.14;4113.92;47264.93
g159;20334.21;4967.01;13717.04;12966.76;g159;20334.21;4967.01;30390.96;12966.76;g159;25165.29;42047.73;18562.53;46712.29;g159;43486.52;38518.19;28189.96;37917.78;g159;43409.26;37672.93;34337.75;35997.44;g159;20334.21;4967.01;42147.38;12966.76
g162;48283.88;19170.29;48283.88;23382.72;g162;13866.2;46384.86;17881.44;14549.89;g162;18727.68;21268.82;0;25621.03;g162;49410.97;43882.8;49410.97;26797.1;g162;24574.82;17109.87;12535.77;42732.94;g162;16638.37;35624.7;16638.37;44639.34
g164;33657.43;9066.12;10455.82;46843.93;g164;27230.39;1214.5;19874;45113.94;g164;23566.63;31805.22;31805.22;15558.62;g164;5742.44;31805.22;31805.22;16732.95;g164;28951.39;9876.4;33649.34;9677.92;g164;49939.17;31805.22;31805.22;17433.44
g167;43229.71;0;34938.9;8965.49;g167;12085.55;17589.67;39402.12;22501.16;g167;43229.71;36906.37;34938.9;13043.6;g167;47486.35;25697.52;49934.9;14066.87;g167;43229.71;11096.18;34938.9;5242.9;g167;43229.71;0;33142.04;5102.98
g168;12822.65;17892.68;16225.7;48273.17;g168;10016.05;46420.54;15877.84;34164.34;g168;43770.89;43770.89;5075.04;22140.73;g168;10934.89;10934.89;26110.28;29846.44;g168;38190.1;10693.53;15695.78;42619.68;g168;13252.09;11847.02;20834.25;15817.2
g171;29329.42;7934.35;17981.96;35252.04;g171;25627.78;27743.19;39672.34;27743.19;g171;41884.16;27743.19;24338.68;29293.31;g171;13101.33;23846.7;47078.84;15649.36;g171;7724.22;0;17521.79;30123.74;g171;34176.87;5596.7;49979.03;9102.51
g174;9719.55;46327.02;6018.38;31404.02;g174;32408.84;39566.15;38645.6;10777.26;g174;2465.23;9471.26;12747.39;46932.3;g174;36803.46;0;12747.39;29937.99;g174;30374.32;29900.67;31290.94;5667.31;g174;15622.49;4537.4;0;10612.53
g175;43345.5;44550.91;46726.46;11966.4;g175;70.78;5552.39;39592;14344.88;g175;43345.5;5552.39;46726.46;12602.86;g175;34491.92;7078.49;23344.85;16044.95;g175;44401.49;5552.39;46726.46;48727.89;g175;43345.5;5822.94;46726.46;40152.5
g180;41721.25;16128.78;37894.83;22382.22;g180;154.4;19828.91;4104.29;30338.7;g180;36168.05;19828.91;36168.05;36168.05;g180;4717.05;45855.6;4717.05;4717.05;g180;33283.74;19828.91;21772.27;14248.96;g180;3433.58;31627.91;41182.19;8088.92
g182;41213.83;1330.39;15444.92;41213.83;g182;41268.71;30938.14;7771.07;46272.25;g182;35137.32;26500.92;40515.71;35137.32;g182;0;1083.77;26119.3;15475.43;g182;24068.94;22657.34;11944.34;24068.94;g182;39755.71;40745.82;31470.78;39755.71
g189;49483.78;13556.26;35020.73;50000;g189;33943.19;31394.2;31394.2;50000;g189;31363.08;30011.42;48993.91;17475.94;g189;47828.42;11523.13;11523.13;21623.68;g189;12854.24;38556.9;20338.87;15484.95;g189;12397.87;22774.03;29838.68;1272.56
g190;15909.6;41107.06;1748.83;22565.61;g190;4433.46;41107.06;294.46;20360.3;g190;26561.4;41107.06;294.46;44665.22;g190;0;43389.37;294.46;23838.26;g190;8238.43;46320.17;44785.49;43674.82;g190;41897.38;23732.88;25543.32;9697.28
g191;48374.43;48374.43;48374.43;25835.56;g191;24627.66;24627.66;24627.66;30200.18;g191;1056.59;26980.03;15437.14;21217.76;g191;4539.2;25581.34;15437.14;4417.83;g191;44157.88;44157.88;44157.88;15975.86;g191;7201.8;11228.83;15437.14;24238.33
g192;49.25;35136.61;8314.46;16166.74;g192;43040.73;37907.93;46352.77;22603.91;g192;15442.15;23844.41;16835.36;43719.17;g192;45877.23;41132.83;4479.52;23151.23;g192;35260.13;43476.67;316.34;9172.53;g192;6072.19;602;11032.59;19081.18
g195;41213.83;36033.23;45828.95;41213.83;g195;28165.59;25680.04;26691.93;15132.69;g195;35137.32;29387.31;46302.29;35137.32;g195;27830.17;9735.06;34022.55;40845.37;g195;24068.94;19431.26;48159.57;24068.94;g195;39755.71;34120.15;4361.46;39755.71
g202;10271.31;39429.04;13017.48;30852.88;g202;24172.97;16513.95;23141.8;15599.2;g202;42367.82;10421.92;26658.53;32267.74;g202;15897.1;10993.14;20369.03;20369.03;g202;14244.38;13681.02;20369.03;20369.03;g202;35128.4;27798.4;20369.03;20369.03
g205;13471.34;16976.43;4575.43;27244.52;g205;21007.62;16040.8;16040.8;16040.8;g205;36064.32;16040.8;16040.8;16040.8;g205;6264.3;16040.8;16040.8;16040.8;g205;25887;16040.8;16040.8;16040.8;g205;11516.4;11499.03;24193.35;3681.66
g208;3561.51;43282.03;4099.6;22375.32;g208;47354.7;24425.06;32346.3;26597.8;g208;16863.52;16463.5;20246.58;10031.25;g208;19846.3;9684.78;20246.58;18637.86;g208;4246.85;47782.43;20246.58;10031.25;g208;43436.52;9657.55;5065.03;35519.69
g209;39591.06;49251.52;6263.37;2429.65;g209;21152.67;39964;33808.83;17406.69;g209;263.55;263.55;0;1354.57;g209;28697.2;28697.2;8359.42;3892.13;g209;20247.7;10618.29;15060.1;807.7;g209;49960.58;47604.31;12143.73;27454.09
g210;12237.05;49533.78;34165.64;4152.65;g210;36436.68;41945.38;29341.53;8198.07;g210;9399.33;20108.21;32875.56;19523.53;g210;10740.38;7262.47;26126.37;15559.67;g210;29002.05;11937.35;33716.07;28562.18;g210;18953.33;39129.84;46476.92;12733.86
g216;27602.11;1277.62;34448.37;45773.81;g216;21635.41;5160.44;23111.95;21149.99;g216;45891.45;31805.22;31805.22;18034.82;g216;17002.69;31805.22;31805.22;4650.47;g216;1535.47;28853.04;7177.89;42971.47;g216;9580.26;33916.1;30815.78;18043.8
g217;2470.55;13317.83;47433.05;38818.3;g217;22081.67;22081.67;22081.67;25223.05;g217;3074.37;4069.73;3074.37;3841.52;g217;49380.83;21669.29;3447.6;15912.9;g217;19142.73;16103.28;31891.01;34333.6;g217;44072.15;4189.71;14847.18;45773.8
g221;36749.85;50000;47340.84;0;g221;0;11843.77;7708.14;13089.53;g221;43625.06;17017.49;17017.49;10308.08;g221;35714.45;17017.49;17017.49;26781.23;g221;34051.88;24893.53;48458.92;14784.27;g221;13446.22;49019.78;0;25226.44
g222;36408.31;49653.72;26767.79;18110.25;g222;12585.29;39147.86;39147.86;13370.19;g222;32356.35;39147.86;39147.86;39147.86;g222;10740.38;42402.4;42729.77;15662.2;g222;11377.83;39147.86;39147.86;39147.86;g222;35100.78;39147.86;39147.86;39147.86
g223;16840.11;37141.14;34398.04;40183.92;g223;13921.85;25375.43;22839.43;48700.44;g223;43483.3;25375.43;14938.28;48700.44;g223;23419.55;25375.43;27440.19;48700.44;g223;39014.87;16946.99;37663.72;10460.09;g223;6606.8;34965.73;48419.79;7993.68
g224;50000;47730.5;25675.17;14245.51;g224;19867.7;35982.09;37839.69;4579.34;g224;5590.08;37146.53;7757.94;37146.53;g224;5786.52;37162.25;26478.56;29525.94;g224;19326.25;37146.53;15136.18;37146.53;g224;37696.36;7854.48;23288.45;16757.16
g226;43305.28;35547.25;22707.16;27209.03;g226;32373.65;0;39389.73;41839.74;g226;32373.65;21050.84;16537.13;8144.14;g226;5739.53;22263.96;32651.08;36762.3;g226;32373.65;67.57;10686.07;38017.31;g226;36647.36;67.57;10686.07;38017.31
g227;49763.85;28667.16;47894.62;14961.8;g227;25293.37;14082.3;25959.72;4283.13;g227;8588.47;22010.78;2141.3;17407.38;g227;39583.19;25570.19;49879.94;7119.63;g227;11221.28;44080.89;40506.79;3496.98;g227;18485.18;32454.96;6252.84;20389.23
g230;7811.67;46928.8;7811.67;43819.78;g230;48266.13;27743.19;42238.01;27743.19;g230;23986.61;27743.19;1265.21;27743.19;g230;45490.32;15645.48;45490.32;36979.89;g230;10402.42;23889.15;10402.42;9790.28;g230;29301.94;23616.86;13610.28;15740.74
g231;6850.09;25682;38253.56;25682;g231;23416.18;25682;27089.28;25682;g231;49735.6;46765.81;37412.86;37656.21;g231;4993.71;8784.4;2484.11;24948.41;g231;1078.17;26978.09;0;38918.26;g231;11817.97;24838.21;38139.03;25682
g235;9619.98;28076.11;14102.66;38921.05;g235;35507.43;48913.3;42067.11;12285.56;g235;40608.27;1256.8;38793.89;0;g235;44657.23;32148.46;35998.67;101.18;g235;28462.37;33714.21;21095.53;36243.4;g235;21800.62;13540.83;48038.2;49374.72
g236;35594.54;14503.54;11911.44;35594.54;g236;3883.29;31394.2;31394.2;45084.22;g236;35594.54;15491.84;33132.77;30791.5;g236;11281.44;11523.13;11523.13;11575.05;g236;17510.49;27250.82;40898.4;40996.1;g236;37463.98;47645.24;33828.85;35594.54
g237;26212.8;24280.25;39132.04;738.91;g237;29896.41;16680.66;0;30851.4;g237;35957.78;31805.22;31805.22;23514.01;g237;48430.76;31805.22;31805.22;5563.31;g237;7859.12;34917.93;14026.88;15344.38;g237;12620.38;31805.22;31805.22;33625.68
g239;3151.65;44375;33446.56;0;g239;37092.02;15858.19;8932.64;176.7;g239;36513.51;9252.44;29728.74;40562.9;g239;10740.38;38434.56;49053.05;16278.1;g239;39137.5;49231.8;30454.2;12212.41;g239;17140.58;0;0;20622.66
g245;2225.1;1191.66;19156.53;23743.31;g245;37228.24;39969.22;48395.01;32710.08;g245;3391.46;11094.66;35485.01;39316.4;g245;33304.15;40588.45;28052.99;10327.64;g245;50000;39969.22;28052.99;37922.56;g245;2225.1;2479.53;19156.53;28930.89
g248;45700.95;36315.69;50000;42140.24;g248;26734.7;14082.3;31498.15;8616.04;g248;8588.47;22010.78;15861.57;27049.32;g248;40523.51;42351.46;13268.59;40258.07;g248;11221.28;44080.89;14165.86;15135.7;g248;18485.18;32454.96;10458.24;9005.43
g259;41213.83;20060.56;18438.32;41213.83;g259;41959.28;4518.29;36060.71;16794.86;g259;35137.32;0;48291.39;35137.32;g259;31709.5;32978.88;7177.06;29936.21;g259;24068.94;18970.63;12238.92;24068.94;g259;39755.71;32112.79;36658.98;39755.71
g260;34629.95;50000;49978.3;34629.95;g260;44656.44;16064.86;32295.58;46660.52;g260;34629.95;35769.89;15437.14;34629.95;g260;33905.26;11942.75;15437.14;23520.07;g260;34629.95;36794.69;46676.46;34629.95;g260;33834.75;14259.1;15437.14;13871.01
g263;21612.87;28179.51;21707.78;24638.93;g263;20814.79;26852.8;40801.68;45550.64;g263;4351.65;16237.61;34230.21;24960.02;g263;44056.41;35345.98;0;6415.26;g263;25058.61;17796.61;27418.39;14001.18;g263;34905.26;15641.72;40801.68;16762.04
g264;19341.21;41326.54;42647.16;9047.19;g264;25086.31;14844.81;6234.17;5531.88;g264;35846.48;45147.91;9670.31;9084.77;g264;40421.81;26693.18;29828.76;3524.02;g264;9140.7;40916.17;7490.67;41781.18;g264;19560.86;43139.42;4502.01;28531.84
g268;41244.12;26178.35;11295.79;49673.74;g268;37556.2;48147.05;10681.04;12144.89;g268;28011.13;32240.86;48816.21;48996.3;g268;2175.61;50000;48816.21;48996.3;g268;18583.49;42301.14;48816.21;48996.3;g268;22902.83;21606.11;39147.79;24035.62
g269;28485.05;36623.4;7999.32;50000;g269;12842.62;317.99;355.33;1591.21;g269;47695.2;36623.4;8182.86;32930.97;g269;38784.69;38260.5;32371.28;39226.99;g269;28591.67;33831.6;8975.35;30218.73;g269;38732.1;27716.58;8349.63;17653.1
g270;15089.92;15089.92;15089.92;3832.72;g270;16599.34;16599.34;16599.34;4510.18;g270;31874.42;12950.13;33493.75;42486.02;g270;0;43646.02;32526.27;17990.18;g270;3619.77;3619.77;3619.77;11479.82;g270;1578.55;7354.15;45364.6;46612.17
g273;15628;29740.06;31266.2;8965.49;g273;22081.67;22081.67;22081.67;48070.33;g273;3074.37;3074.37;3074.37;13043.6;g273;5573.12;44627.44;42820.54;20429.68;g273;43022.4;28926.76;23755.21;5242.9;g273;35626.93;29159.1;47004.94;5102.98
g274;25624.28;43783.93;40707.1;1569.51;g274;19643.34;27449;32160.26;19643.34;g274;19643.34;27086.62;4578.31;19643.34;g274;19643.34;13536.38;36496.15;19643.34;g274;16428.16;5664.27;13776.03;4549.05;g274;23094.69;10694.08;43344.63;37867.38
g281;28132.33;2700.17;30002.15;36681.65;g281;47059.98;40852.61;44168.29;17756.78;g281;47059.98;38172.46;17828.41;1553.79;g281;7117.38;32968.4;50000;7648.58;g281;47059.98;41765.45;39458.79;16419.75;g281;35953.84;41765.45;23375.01;16419.75
g285;1868.86;26590.97;21551.27;36919.85;g285;0;28714.8;19005.86;40492.89;g285;38743.03;5097.85;25996.87;37666.95;g285;23079.68;11973.17;9958.42;7775.35;g285;24735.94;9343.74;40083.19;20453.04;g285;173.6;9343.74;40083.19;20453.04
g286;35594.54;27518.58;37055.29;35594.54;g286;22670.16;31394.2;24824.76;47762.63;g286;35594.54;26364.75;25702.39;35594.54;g286;16154.9;11523.13;11523.13;17295.18;g286;36055.23;37362.01;45513.06;16093.33;g286;35594.54;17486.36;2067.64;35594.54
g287;11710.48;20107.48;44160.84;19725.71;g287;27394.27;29302.37;47595.03;21671.38;g287;25050.13;46665.84;7971.22;20428.95;g287;28083.29;33218.95;21553.06;43008.45;g287;10040.94;44949.68;38830.89;12005.39;g287;1938.23;6120.27;9795.09;42342.62
g288;47792.07;34969.82;5193.76;3523.8;g288;50000;23265.82;26168.74;18338.22;g288;34957.91;36116.16;26168.74;44348.63;g288;43571.38;20853.34;24435.67;26219.58;g288;31713.58;29221.43;28592.39;5963.72;g288;0;50000;50000;45652.78
g293;50000;48219.33;13534.98;6804.99;g293;37337.86;30500.24;38394.54;0;g293;4769.1;11377.86;2030.45;37037.45;g293;50000;43705.66;32199.87;5933.73;g293;11750.14;13843.13;40545.51;21580.68;g293;6679.2;32218.73;27613.17;34357.18
g294;35758.26;35758.26;35758.26;49061.78;g294;14255.99;14255.99;14255.99;20991.41;g294;980.36;29984.38;45969.39;46367.99;g294;44644.84;25287.72;3277.24;18011.94;g294;30938.24;30938.24;30938.24;3677.3;g294;20703.87;40118.52;43654.29;42344.83
g295;17564.71;43987.13;11826.15;10949.79;g295;38155.5;41556.85;18783.48;13424.3;g295;1499.17;33075.8;12773.99;3980.08;g295;30925.38;34725.82;6092.84;21291.87;g295;1499.17;20820.53;1499.17;46867.88;g295;34423.13;49358.9;43487.16;0
g297;35594.54;20846.3;3375.97;35594.54;g297;23298.41;39969.22;28052.99;48207.4;g297;35594.54;19061.74;14882.59;35594.54;g297;0;39969.22;28052.99;7230.88;g297;44879.98;39969.22;28052.99;47858.18;g297;35594.54;12975.69;4719.27;35594.54
g298;48091.23;30847.44;40765.06;17647.91;g298;4094.32;31394.2;31394.2;50000;g298;41476.4;8875.31;23711.36;36515.1;g298;22001.02;11523.13;11110.58;47560.79;g298;38005.13;21329.93;1468.56;34466.44;g298;15842.63;38260.92;10470.03;16488.51
g300;48283.88;11584.23;48283.88;821.79;g300;13438.74;42306.9;11311;4103.1;g300;23460.72;2260.81;27578.27;2966.68;g300;49410.97;22905.85;49410.97;24998.33;g300;42062.78;36468.27;45886.06;32875.68;g300;16638.37;37597.4;16638.37;32534.75
g303;26911.14;34867.8;35827.69;35259.51;g303;15190.16;38967.23;15692.18;31229.62;g303;11947.69;32982.04;16126.78;42632.71;g303;37895.12;47642.93;16126.78;42632.71;g303;30520.01;26179.57;16126.78;42984.37;g303;12235.51;11627.89;31732.01;0
g304;35789.56;31763.31;0;4882.93;g304;1076.42;32515.91;162.77;32399.31;g304;11931.2;4615.84;39898.38;24774.7;g304;38872.75;30347.42;27139.36;4834.24;g304;35779.95;8823.55;27035.55;31183.01;g304;30716.89;18991.7;10766.35;18814.88
g309;30278.38;41780.42;41195.86;20759.93;g309;13716.68;29141.96;36389.63;46185.56;g309;3894.83;24990.29;16224.52;47810.43;g309;17178.61;11564.54;49435.78;47810.43;g309;8696.37;21846.8;16224.52;47810.43;g309;12105.85;17078.88;2372.32;47152.13
g310;20424.54;30832.84;408.94;0;g310;0;21592.41;37626.65;34863.77;g310;10474.97;9270.04;15437.14;35509.05;g310;201.68;28786.8;15437.14;28786.8;g310;30048.31;16971.64;46653.55;33356.36;g310;0;41018.73;15437.14;41018.73
g312;1092.64;30979.7;13740.81;42270.19;g312;33487.14;26109.1;3983.01;12746.15;g312;30847.71;47687.09;49003.92;41538.42;g312;23509.42;48844.08;16869.22;33699.54;g312;21097.27;48844.08;0;17901.65;g312;39839.37;48844.08;32215.64;29948.57
g313;22142.18;39054.8;8182.86;45078.68;g313;18952.77;18994.43;26899.53;6141.87;g313;34390.8;39003.29;8182.86;36196.89;g313;33970.61;49491.4;25958.15;32302.38;g313;18697.51;6548.84;46525.92;4289.57;g313;47570.41;47580.04;6530.28;36561.39
g316;4993.63;4993.63;4993.63;50000;g316;37410.09;37410.09;37410.09;31869.8;g316;14880.8;17017.49;17017.49;46785.02;g316;48954.83;17017.49;17017.49;40790.34;g316;26326.15;26326.15;26326.15;48187.14;g316;28784.29;0;25260.55;50000
g321;33844.74;12205.86;28747.55;17722.79;g321;38015.55;34566.6;22345.16;30133.54;g321;49525.74;17017.49;17017.49;39844.39;g321;25881.07;17017.49;17017.49;35419.03;g321;38519.48;12205.86;19664.52;17722.79;g321;46395.72;12205.86;47706.35;17722.79
g322;35789.56;41107.06;294.46;44676.58;g322;34715.09;41107.06;294.46;27895.92;g322;22832.07;41107.06;294.46;15545.18;g322;38872.75;41107.06;294.46;11461.11;g322;35779.95;36244.52;18253.49;36466.48;g322;8459.71;35148;22470.58;7233.63
g333;35203.73;15205.89;0;33541.05;g333;45940.93;6711;12322.37;5018.61;g333;32002.18;31805.22;31805.22;33766.8;g333;21670.94;31805.22;31805.22;12631.06;g333;16181.72;49760.47;45893.25;5071.78;g333;49694.65;31805.22;31805.22;14888.65
g335;7508.21;47562.69;0;14855.4;g335;10130.62;8966.42;27508.66;28323.71;g335;10130.62;41352.03;13233.98;10116.02;g335;37339.4;33857.71;25420.14;17314.2;g335;17892.2;29068.43;32.7;30558.51;g335;7469.32;37180.41;0;40514.37
g336;38465.31;17234.94;6707.93;12760.98;g336;37668.13;47444.89;29265.34;40686.84;g336;37668.13;18042.93;3332.96;6383.42;g336;1175.56;16550.97;5416.64;9480.78;g336;37668.13;40746.62;16187.93;20576.23;g336;46674.86;11301.04;4671.63;13893.6
g337;13218.17;7509.37;16861.26;37085.55;g337;30325.25;39068.15;22113.51;47396.28;g337;15828.16;29175.3;15828.16;15828.16;g337;20857.64;24043.62;2656.12;20857.64;g337;8458.07;26494.05;29768.33;19151.14;g337;19261.48;4211.3;17955.29;15163.86
g338;7230.62;21826.35;32622.43;9548.09;g338;1070.76;40248.7;40248.7;40248.7;g338;25995;40248.7;40248.7;40248.7;g338;7230.62;15004.57;50000;7230.62;g338;33700.25;40248.7;40248.7;40248.7;g338;44121.55;40248.7;40248.7;40248.7
g339;48639.91;29288.8;32452.37;9921.72;g339;8500.98;5985.87;22506.8;38817.7;g339;37674.82;3765.99;9810.15;24965.04;g339;46416.63;37931.59;13162.78;24063.44;g339;48660.89;10889.48;40279.72;13614.62;g339;42661.29;33226.41;38697.15;49083.92
g341;22808.77;12556.82;35080.17;46823.77;g341;7625.13;27219.36;25929.18;24175.02;g341;3811.08;11931.44;42395.58;22108.04;g341;18974.8;6485.2;3160.76;40242.82;g341;21029.54;23345.09;8381.19;0;g341;20668.18;27219.36;27219.36;36816.52
g342;40410.44;19373.13;18126.15;16729.7;g342;22393.17;18605.16;12571.67;22393.17;g342;22393.17;35318.78;40804.24;22393.17;g342;22393.17;27219.94;989.18;22393.17;g342;15449.79;15283.65;41432.94;2129.88;g342;36746.14;46986.23;11858.4;31284.86
g344;12608.93;20572.66;7707.02;23780.21;g344;26258.31;26217.56;44762.18;21064.48;g344;36567.56;30326.33;40641.66;2711.43;g344;27761.05;36207.56;2382.21;30720.28;g344;27761.05;36207.56;2382.21;28203.12;g344;33223.65;35763.53;46348.06;47698.87
g347;35789.56;9800.46;9488.2;16428.5;g347;11143.28;40447.21;7530.59;4886.05;g347;46711.39;4834.06;4834.06;4834.06;g347;38872.75;2265.37;2265.37;2265.37;g347;35779.95;14756.66;6400.1;14756.66;g347;15958.24;44684.73;9425.6;15490.76
g348;19520.05;13875.12;13623.21;19195.09;g348;9938.91;33666.49;26234.45;33666.49;g348;8108.18;23771.23;0;34908.23;g348;8699.65;7836.46;25277.89;0;g348;19608.28;13809.66;6288.99;33269.41;g348;36007;23657.9;43318.5;48642.83
g349;27423.68;12205.86;15616.53;17722.79;g349;12522.97;20473.09;33154.43;46924.57;g349;48579.99;4812.17;33154.43;6325.63;g349;38243.62;17328.6;33154.43;30498.45;g349;35630.85;12205.86;25376.88;17722.79;g349;45576.18;12205.86;29351.06;17722.79
g351;39408.21;27748.43;48758.12;18349.94;g351;21201.42;5411.73;0;45813.52;g351;0;6227.04;7326.16;47845.37;g351;10740.38;28786.8;713.46;28786.8;g351;1366.64;19134.72;4301.35;47158.35;g351;48646.7;41018.73;10621.7;41018.73
g352;0;36623.4;8182.86;42846.86;g352;38726.45;46502.84;2283.05;48094.82;g352;2246.52;36623.4;8182.86;3069.37;g352;46488.95;43938.68;26478.9;38569.24;g352;43128.92;49282;18035.66;9628.11;g352;27937.18;29834.42;43046.8;3997.34
g355;45100.13;43823.93;26193.85;27490.22;g355;45100.13;43823.93;34341.13;27490.22;g355;26044.89;44682.79;30459.17;28067.4;g355;25585.85;16029.21;17892.49;21168.84;g355;4012.48;32763.75;35220.56;13699.73;g355;45100.13;43823.93;10958.19;27490.22
g357;1530.65;15946.18;920.05;27431.9;g357;29727.11;30855.62;47172.13;29727.11;g357;29727.11;10978.25;35145.84;29727.11;g357;29727.11;22768.65;6791.16;29727.11;g357;43840.63;5838.75;50000;6551.89;g357;44997.51;20905.29;30529.58;49222.62
g358;30411.68;50000;32252.56;46639.66;g358;7560.71;40036.7;40036.7;6450.92;g358;26306.11;19456.21;18013.83;16597.18;g358;940.89;34711.85;35329.28;3280.15;g358;14358.15;37916.27;47739.17;48709.16;g358;40904.52;40036.7;40036.7;19446.7
g359;50000;38650.67;38650.67;38650.67;g359;50000;40528.61;17036.97;45227.38;g359;17535.35;50000;0;48253.29;g359;12347.41;38650.67;38650.67;38650.67;g359;27377.23;18544.11;46238.18;34153.89;g359;43969.08;38650.67;38650.67;38650.67
g360;38726.53;14394.75;50000;5169.03;g360;38757.43;30863.76;47959.73;19287.43;g360;9796.69;21939.43;45764.7;47109.6;g360;0;39161.37;32997.17;8285.06;g360;38757.43;13337.24;26128.94;27857.05;g360;9510.41;48546.74;19610.22;27247.53
g363;516.99;13473.84;26497.19;34935.24;g363;10130.62;39006.85;36605.98;39006.85;g363;10130.62;39006.85;40745.76;39006.85;g363;42377.33;48785.3;28032.27;17656.05;g363;39303.05;39006.85;39006.85;39006.85;g363;3384.25;39006.85;39006.85;39006.85
g364;47094.76;1634.62;5170.37;26535.55;g364;2921.29;44373.2;13857.45;47246.84;g364;48004.14;41366.74;77.25;26717.19;g364;18370.69;28956.6;2829.17;29159.04;g364;33046.12;10472.97;17473.06;0;g364;4661.52;40009.39;40593.24;12340.31
g365;28746;48441.36;48441.36;48441.36;g365;38304.64;19389.07;49758.59;43093.48;g365;27150.92;36823.04;49452.45;33304.96;g365;14225.98;48441.36;48441.36;48441.36;g365;43788.39;41598.46;44512.93;12146.56;g365;24964.84;48441.36;48441.36;48441.36
g369;19916.22;37407.97;11126.05;8965.49;g369;44633.19;3170.42;21595.49;38011.6;g369;39885.29;39898.78;49129.5;13043.6;g369;14498.6;25550.41;21711.23;18116.64;g369;40357.2;2433.9;43550.14;5242.9;g369;21551.9;37407.97;11126.05;5102.98
g372;35075.71;42395.42;0;50000;g372;4009.67;5973.38;49181.7;1305.51;g372;9074.41;5973.38;2581.6;20048.59;g372;50000;22211.2;22895.73;21454.09;g372;14004.95;5973.38;43510.2;888.97;g372;40238.26;7856.26;49556.8;17086.46
g373;10230.86;33017.46;41676.38;11289.06;g373;22081.67;22081.67;22081.67;20910.72;g373;3074.37;3174.09;3074.37;12468.84;g373;30536.32;30794.89;0;48398.88;g373;465.16;29600.7;25444.48;40829.93;g373;20172.56;21435.27;41609.47;14265.68
g375;18329.17;47555.45;3293.22;33681.91;g375;18329.17;47555.45;3646.72;33681.91;g375;22033.37;19074.75;31019.73;36878.41;g375;10575.39;6970.19;31019.73;36878.41;g375;27408.49;7213.12;31019.73;36878.41;g375;18329.17;47555.45;35922.1;33681.91
g399;48283.88;16637.76;48283.88;28430.61;g399;0;40217.52;21311.55;44870.56;g399;9062.17;7339.54;43399.28;23009.51;g399;49410.97;26864.6;49410.97;13982.09;g399;48544.89;37045.32;50000;28386.95;g399;16638.37;18467.73;16638.37;15832.8
g400;41338.2;36933.98;8831.28;28189.28;g400;47295.1;24508.23;26168.74;24323.41;g400;2474.15;34823.45;26168.74;14020.2;g400;25228.78;44362.6;0;12533.59;g400;7069.93;34513.11;49390.6;16373.11;g400;454.77;1398.31;50000;2766.83
g402;39330.7;5159.54;0;40304;g402;28440.14;34228.08;20825.88;17214.24;g402;35458.14;25507.39;39994.35;38143.53;g402;36744.48;22409.96;14598.54;14598.54;g402;26051.19;15411.91;14598.54;14598.54;g402;18230.09;46317.54;14598.54;14598.54
g411;13793.74;15739.14;22506.58;30850;g411;40240.65;4728.17;18373.51;44395.63;g411;7493.14;19749.41;19749.41;19749.41;g411;12031.82;44405.78;44405.78;44405.78;g411;44147.83;22601.8;22601.8;22601.8;g411;36805.79;46233.37;14444.12;16708.43
g417;35149.05;36756.14;36038.99;48415.58;g417;9803.97;33666.49;47100.57;33666.49;g417;24317.4;10037.9;9107.68;30398.71;g417;17289.36;1042.71;9107.68;30398.71;g417;44160.65;20035.64;6829.14;30398.71;g417;9224.78;13579.89;7106.46;5452.03
g419;8757.51;40123.7;26919.65;8757.51;g419;12830.31;23748.66;26168.74;44346.72;g419;8757.51;22484.27;26168.74;8757.51;g419;5136.38;26051.68;4848.12;50000;g419;8757.51;21102.98;33877.29;8757.51;g419;10552.66;26141.46;33051.63;8455.22
g421;9727.57;41107.06;294.46;31848.29;g421;17987.76;41107.06;294.46;46836.97;g421;43889.41;41107.06;294.46;0;g421;32038.65;38961.56;294.46;15984.54;g421;22155.83;25287.33;47024.09;2925.49;g421;50000;50000;13681.81;450.39
g425;6094.36;23926.56;29711.23;44834.11;g425;39198.88;9405.37;38372.22;11216.97;g425;9500.32;50000;38282.16;46616.26;g425;12596.47;4683.9;27299.63;37451.77;g425;34354.64;39622.58;4054.23;0;g425;41108.14;45575.97;43960.94;5771.07
g426;22451.01;8006.95;694.98;13754.65;g426;40667.25;33669.1;39887.63;24881.19;g426;47213.04;49184.84;7959.75;31288.09;g426;36294.07;13229.48;44968.74;10296.81;g426;35846.65;26494.05;27852.72;33732.76;g426;32469.7;38414.84;10300.48;24366.35
g433;35594.54;45514.06;12424.65;35594.54;g433;44624.68;41403.92;28052.99;31686.64;g433;35594.54;30625.38;48350.32;35594.54;g433;34048.37;39969.22;28052.99;7548.39;g433;5575.73;39969.22;29004.1;1036.54;g433;35594.54;21874.67;4522.46;35594.54
g436;25941.5;16634.85;37564.54;25941.5;g436;8579.75;4784.52;40801.68;31805.22;g436;25941.5;39677.4;28010.77;25941.5;g436;31686.13;21620.95;39548.18;22472.19;g436;25941.5;0;3154.38;25941.5;g436;38936.4;10422.21;40801.68;21062.88
g437;35789.56;49228.32;21701.83;33958.28;g437;9018.46;18217.65;6622.16;15665.32;g437;8871.04;14326.27;3950.03;48504.01;g437;38872.75;10620.61;38895.38;32746.16;g437;35779.95;19649.12;303.3;49308.64;g437;49981.5;19649.12;303.3;49308.64
g439;30018.69;47638.92;40864.11;8965.49;g439;9417.83;3124.85;27580.37;8320.89;g439;30115.68;26045.73;35991.13;13043.6;g439;43540.42;50000;3220.92;23687.64;g439;10648.49;7168.1;26459.75;5242.9;g439;30018.69;47638.92;40864.11;5102.98
g446;35789.56;35818.61;35972.25;28053.53;g446;7793.27;27726.68;43759.92;44097.52;g446;8334.49;12328.64;21494.57;29091.47;g446;38872.75;42371.83;43803.01;50000;g446;35779.95;33909.23;14361.27;27524.05;g446;46724.81;17510.22;0;43758.16
g450;14939.73;9481.02;243.69;4664.46;g450;4834.47;4481.16;11597.4;28693.01;g450;29116.59;8175.51;34931.02;5394.79;g450;27761.05;36207.56;2382.21;19640.24;g450;27761.05;36207.56;2382.21;39161.69;g450;10347.78;24494.57;50000;21738.4
g455;21641.23;36623.4;8182.86;21641.23;g455;37036.19;45721.47;47433.03;27427.59;g455;19862.93;36623.4;8182.86;21641.23;g455;8509.05;32397.03;18477.65;16735.31;g455;21641.23;2414.8;1207.11;21641.23;g455;25501.64;18448.25;21324.32;42353.89
g460;7517.82;45006.43;36983.65;20333.24;g460;19882.88;50000;44261.23;43360.6;g460;11729.57;21939.43;50000;47109.6;g460;890.15;49996.58;11727.5;14889.05;g460;17963.99;43611.73;27502.2;20834.85;g460;1106.42;48546.74;41230.32;27247.53
g463;46585.09;42963.88;41156.89;36771.15;g463;10130.62;41202.49;14676.64;3490.68;g463;10130.62;0;34497.13;19245.77;g463;15700.84;163.13;20465.12;47876.69;g463;44329.65;29298.91;50000;41050.25;g463;29473.28;2886.46;31489.41;24572.98
g482;7230.62;7272.82;32680.24;7230.62;g482;17227.12;45289.97;29019.49;32720.71;g482;32162.76;4502.03;43422.72;1613.75;g482;7230.62;16122.95;7465.64;7230.62;g482;10074.28;45761.52;15639.92;10157.45;g482;43304.37;50000;45274.84;3298.26
g483;32014.13;37097.48;37097.48;37097.48;g483;33933.03;40422.75;49977.83;1145.7;g483;3054.54;17118.12;29603.17;35895.83;g483;46784.23;37097.48;37097.48;37097.48;g483;9452.63;42160.02;6625.61;23081.85;g483;22761.32;37097.48;37097.48;37097.48
g484;9035.25;45388.68;50000;38505.67;g484;38698.31;21831.34;26168.74;32682.7;g484;30590.13;12847.45;26168.74;49007.17;g484;9167.13;21490.01;36368.81;423.93;g484;21190.05;47617.51;34528.26;7896.19;g484;19281.67;25348.26;30489.91;22956.36
g485;24055.48;3170.45;31607.64;32622.19;g485;11975.38;39969.22;28052.99;12624.92;g485;22718.24;30222.53;0;34397.26;g485;19822.84;39969.22;28052.99;1448.35;g485;20299.47;39969.22;28052.99;32765.23;g485;8552.06;8.19;12195;42335.63
g486;19520.05;9329.69;13623.21;9583.27;g486;39507.34;12206.17;15012.24;10421.38;g486;23377.27;1172.45;36170.39;46942.16;g486;28569.83;18682.2;19619.81;26395.46;g486;19608.28;45288.61;6288.99;45471.31;g486;34484.27;38258.09;17813.55;42828.82
g487;34927.45;231.98;45306.49;19241.38;g487;2638.65;35631.34;13337.15;42081.87;g487;23564.41;18902.92;23564.41;43216.65;g487;17810.21;19318.42;41667.05;36025.94;g487;23564.41;38801.93;23564.41;41148.39;g487;38356.16;47035.86;36570.23;229.17
g490;22768.82;43026.17;22768.82;2183.5;g490;26201.86;15240.31;37224.7;23643.54;g490;36159.46;2783.94;21912.69;48673.45;g490;46295.5;12135.98;41201.14;46658.29;g490;12947.62;26904.45;30494.76;32294.25;g490;25172.1;27834.97;25172.1;47394.72
g491;9201.92;3844.86;14102.66;25256.96;g491;46807.2;6350.44;42067.11;18950.12;g491;0;4159.81;47875.93;21531.28;g491;46229.54;15960.36;44458.82;21755.24;g491;30178.72;38303.89;22300.53;14381.22;g491;17183.62;3408.51;5384.08;2865.79
g492;7230.62;0;19403.31;7230.62;g492;4678.66;49087.83;49087.83;49087.83;g492;44032.7;49087.83;49087.83;49087.83;g492;7230.62;42590.88;6370.15;7230.62;g492;43562;49087.83;49087.83;49087.83;g492;21753.25;49087.83;49087.83;49087.83
g493;2121.22;13260.75;6291.24;8965.49;g493;33984;8960.63;4393.31;0;g493;30590.13;12847.45;4514.13;13043.6;g493;9167.13;21490.01;40956.56;8052.98;g493;32145.08;15612.12;627.58;5242.9;g493;19281.67;25348.26;13643.54;5102.98
g495;33709.62;25682;47631.92;25682;g495;12907.06;25682;0;25682;g495;12346.33;13195.95;2572.2;36719.35;g495;9987.48;3443.84;43584.65;20682.92;g495;0;22878.96;18425.98;47874.8;g495;45589.2;25682;3962.52;25682
g496;41479.57;7097.23;6177.45;14249.79;g496;44828.21;26895.89;26895.89;40966.01;g496;11339.28;45348.2;11339.28;50000;g496;45354.51;10678.08;45223.3;8071.16;g496;11339.28;32621.91;11339.28;30568.53;g496;37961.28;26895.89;26895.89;0
g497;48283.88;12205.86;48283.88;17722.79;g497;41551.31;41995.22;8362.76;14672.75;g497;42660.3;50000;24506.84;32298.52;g497;49410.97;47397.28;49410.97;21185.04;g497;19417.01;12205.86;18904.65;17722.79;g497;16638.37;12205.86;16638.37;17722.79
g498;45279.31;30161.1;28715.53;46735.58;g498;49706.56;20459.34;34595.5;21379.56;g498;17847.23;31805.22;31805.22;5814.31;g498;16076.5;31805.22;31805.22;14110.16;g498;629.02;30529.13;17830.27;39306.79;g498;35023.91;31805.22;31805.22;17374.78
