;t0;t0;t0;t0;;t1;t1;t1;t1;;t2;t2;t2;t2;;t3;t3;t3;t3;;t8;t8;t8;t8;;t11;t11;t11;t11;;t12;t12;t12;t12;;t13;t13;t13;t13;;
;c0;c1;c2;c3;;c0;c1;c2;c3;;c0;c1;c2;c3;;c0;c1;c2;c3;;c0;c1;c2;c3;;c0;c1;c2;c3;;c0;c1;c2;c3;;c0;c1;c2;c3;;
g6;-0.28;-0.2;1.15;0.2;g6;-0.22;0.04;0.67;0.4;g6;-0.06;-0.27;0.94;-0.59;g6;0.22;-0.4;0;0.29;g6;-0.32;0.55;-0.79;0.01;g6;0.31;-0.2;0.21;0.19;g6;-0.09;0.29;0.03;-0.42;g6;0.02;-0.15;-0.08;0.29
g61;0.11;0.56;0.76;-0.3;g61;-0.16;0.41;0.09;-0.37;g61;0.09;0.43;0.09;-0.18;g61;-0.1;0.22;-0.17;-0.09;g61;0.05;-0.34;0.04;0.46;g61;0.21;-0.64;0.07;0.31;g61;0.08;0.04;0.43;0.4;g61;-0.03;0;0.02;-0.07
g95;-0.14;-0.02;0;-0.36;g95;-0.26;0.31;0;-0.09;g95;0.16;0.03;0;-0.36;g95;0.57;-0.76;0;0.23;g95;-0.1;1.01;0;-0.03;g95;0.23;0;0;0.53;g95;-0.14;0.95;0;-0.48;g95;-0.26;-0.34;0;0.11
g100;-0.07;0;0.43;-0.27;g100;0.29;0.56;-0.69;-0.01;g100;0.18;0.01;-0.24;-0.07;g100;0.16;-0.89;-0.57;-0.16;g100;-0.14;0.3;0.45;0.12;g100;0.19;-0.44;0.24;0.23;g100;-0.09;0.22;0.6;0.32;g100;-0.18;-0.37;-0.24;-0.36
g111;-1.22;-0.13;0.08;-0.33;g111;0.1;-0.31;0.13;-0.35;g111;-1.26;0.6;0.58;0.02;g111;0.2;0;-0.15;-0.47;g111;-0.01;-0.26;-0.35;0.2;g111;-0.05;0.27;-0.17;0.29;g111;0.26;0.19;-0.41;0.21;g111;0.31;0.08;0;0.22
g180;0.09;0;-0.18;0.16;g180;-0.1;0;-0.08;0.06;g180;-0.02;0;0.35;0.15;g180;-0.02;-0.23;0;0.29;g180;-0.07;0.39;-0.15;-0.13;g180;-0.17;-0.19;0.06;-0.3;g180;-0.08;0.24;-0.12;-0.46;g180;-0.29;-0.34;0;-0.23
g193;-0.05;0;-0.34;-0.54;g193;-0.62;0;0.24;-0.36;g193;-0.23;0;0.17;-0.4;g193;0.01;0;-0.02;-0.11;g193;-0.09;0;-0.23;0.59;g193;0.05;0;-0.11;0.11;g193;-0.02;0;-0.18;0.48;g193;0.28;0;-0.18;0.11
g340;-0.2;0.26;0.32;0.14;g340;-0.33;0.49;-0.61;-0.36;g340;0.09;0.83;-0.09;0.1;g340;-0.15;-3.01;0.18;-0.02;g340;0.06;1.21;0.21;0.17;g340;0.18;0.81;0.12;0.17;g340;0.06;0.74;0.38;-0.12;g340;-0.13;0.83;0;0.13
g374;0.32;-0.46;1.04;0.16;g374;1.26;-0.13;1.18;-0.58;g374;-0.44;-0.36;0.18;0.05;g374;-0.26;-0.69;0.52;0.08;g374;-0.09;0.67;0.18;-0.06;g374;0;0;-1.28;0.41;g374;0.22;0.52;-0.28;-1.07;g374;0;0;0;0.12
g422;-0.03;-0.62;-0.56;-1.1;g422;-0.28;-0.39;0.03;0.06;g422;-0.38;-0.15;0.46;-0.44;g422;-0.22;0.01;-0.13;0.14;g422;-0.1;0.35;-0.46;0.27;g422;0.06;0.07;0.4;0.04;g422;-0.02;-0.1;-0.29;-0.13;g422;0.14;-0.01;0.47;0.11
g456;0.81;0.2;0.1;0.55;g456;-0.04;0.34;0.24;-0.17;g456;0.28;0.2;-0.31;-0.25;g456;-0.13;-0.1;-0.14;-0.46;g456;-0.01;-0.2;0.21;0.26;g456;0.38;0.01;-0.17;0.35;g456;-0.2;0.05;0;0.14;g456;-0.2;-0.14;-0.85;0.26
g522;0.08;0.18;-0.6;-0.33;g522;0.05;0.37;0.11;-0.06;g522;-0.19;0.43;0.16;-0.12;g522;-0.35;0.77;0.14;0.11;g522;0.26;0.09;0.12;0.08;g522;0.17;-0.16;-0.42;-0.26;g522;0.35;-0.67;-0.51;-0.24;g522;-0.12;-0.59;0;-0.01
g548;0.06;0.13;-0.01;-0.04;g548;-0.01;0.37;0.25;-0.35;g548;0.11;0.21;0.25;0;g548;-0.25;0.33;0.19;-0.07;g548;0.06;-0.01;0.12;0.17;g548;0.14;-0.58;-0.19;0.17;g548;0.03;0.01;0.17;-0.44;g548;-0.09;0;-0.14;0.33
g592;-0.97;-0.2;0.06;-0.6;g592;-0.5;1.05;-0.17;-0.31;g592;0.42;1;0.96;0.41;g592;1.27;-0.28;0.78;-0.5;g592;-0.67;-0.49;-0.22;-0.08;g592;0.85;1.39;0.83;-0.37;g592;0.39;0.45;0.75;-0.5;g592;0.19;0.81;-0.24;-0.1
g619;0.05;0.12;0.17;0.37;g619;0.08;-0.13;-0.25;-0.39;g619;0;-0.04;-0.89;-0.2;g619;0.05;-0.04;-0.37;-0.35;g619;-0.02;-0.83;0;-0.23;g619;-0.15;0.07;0.16;0.13;g619;0.07;-0.46;0.03;0.08;g619;-0.32;0.41;0;-0.23
g643;0.02;0.33;1.03;0.41;g643;0.02;0.59;0.49;-0.18;g643;0.2;0.54;0.39;0.24;g643;0.22;-0.06;1.21;0.1;g643;-0.15;-0.1;-0.22;0.05;g643;0.16;-0.26;0.13;-0.12;g643;-0.01;-0.33;0.22;-0.51;g643;-0.31;0.11;-0.93;-0.2
g652;-0.31;-0.01;-0.52;0.52;g652;-0.38;0.05;-0.23;-0.41;g652;-0.48;-0.12;-0.2;-0.37;g652;-0.12;0.09;-0.18;0.1;g652;-0.06;0.28;-0.16;0.11;g652;0.01;-0.12;-0.21;0.25;g652;-0.26;0.07;0.09;0.18;g652;0.05;-0.11;0.22;-0.06
g655;0.19;-0.04;0.39;0.04;g655;0.26;-0.17;-0.54;0.41;g655;0.17;0.38;-0.42;0.16;g655;-0.01;0.27;-0.05;-0.09;g655;-0.09;-0.3;-0.1;-0.11;g655;0;0.22;0.16;-0.15;g655;-0.33;-0.19;-0.21;-0.05;g655;-0.32;0.13;0;0
g700;0.19;0.05;0.34;0.65;g700;-0.1;-0.18;0.36;0.24;g700;0.04;-0.02;0.04;0.06;g700;-0.31;-0.33;-0.04;-0.04;g700;0.26;-0.28;0.02;-0.28;g700;0.02;-0.21;0.1;0.1;g700;0.04;-0.23;-0.38;0.01;g700;-0.27;-0.26;-0.19;-0.14
g741;0.17;-0.58;0.13;0.58;g741;0.07;0;-0.48;-0.08;g741;0.18;0;0.13;-0.11;g741;0;0;0.34;-0.41;g741;-0.04;0;0.05;0.09;g741;0.07;-0.04;0.4;0.31;g741;0.14;0;0.58;-0.3;g741;-0.04;0;-0.95;0.29
g872;-0.27;-0.31;1.13;1.07;g872;0.71;-0.55;0.69;0.19;g872;0.95;-0.66;-0.29;0.95;g872;0.73;-0.1;-0.48;0;g872;0.02;-0.25;-0.23;0.16;g872;-0.25;-0.03;0.12;0.73;g872;-0.1;-0.14;-0.05;0.75;g872;-0.63;0.22;-0.38;0.5
g879;-0.29;0.07;-0.31;-0.85;g879;-0.05;0.2;-0.29;0.17;g879;-0.33;0.22;-0.08;-0.21;g879;-0.22;0.42;0.01;0.47;g879;0.1;-0.13;-0.2;-0.09;g879;0.26;0.04;-0.04;-0.29;g879;0.16;-0.41;0;-0.35;g879;0.02;-0.1;0.03;-0.02
g928;-0.99;0;-0.69;0.17;g928;-0.24;0;-0.96;-0.57;g928;-0.74;0;-1.16;-0.36;g928;-0.44;0;-0.66;0.06;g928;-0.44;0;0.82;-0.09;g928;0.87;0;0.71;0.29;g928;0.36;0.38;0.68;0.61;g928;0.28;0;0.11;0.69
g946;-0.86;0;0.11;-0.24;g946;-0.29;0;-0.18;-0.42;g946;0.42;0;0.94;-0.36;g946;0.46;0;0.73;0.25;g946;-0.31;0;-0.49;-0.15;g946;0.39;0;0.47;-0.21;g946;0.12;0;0.06;0.01;g946;0.14;0;0;0.08
g1071;0.31;-0.45;0.82;0.61;g1071;0.81;-0.72;-0.73;0.26;g1071;0.37;-0.63;-0.72;0.01;g1071;0.37;-0.15;-0.25;-0.33;g1071;0.14;0.2;0.06;-0.1;g1071;-0.25;-0.07;0.19;0.18;g1071;-0.29;0.07;0.29;0.15;g1071;-0.57;-0.1;0;-0.01
g1078;0.3;-0.29;-0.32;0.05;g1078;-0.33;0.31;0.14;-0.01;g1078;-0.05;0.13;0.04;-0.12;g1078;-0.22;-0.18;-0.16;0.05;g1078;0.13;-0.44;0.06;0;g1078;-0.01;0.91;-0.19;0.15;g1078;0.03;0.01;-0.03;-0.07;g1078;0;-0.23;0;0.09
g1090;-0.26;-0.07;-0.62;-0.23;g1090;-0.1;-0.29;-0.04;0.41;g1090;-0.03;0.01;0.2;-0.18;g1090;-0.07;-0.35;0.15;0.28;g1090;-0.07;0.23;0.15;-0.01;g1090;0.12;-0.09;-0.34;0.71;g1090;-0.04;0.41;-0.04;-0.98;g1090;0.13;0.15;-0.1;-0.18
g1284;-0.5;-0.33;0.7;0.38;g1284;0.26;-0.08;0.43;0.26;g1284;-0.07;-0.22;-0.36;0.07;g1284;0.23;-0.26;-0.42;-0.76;g1284;-0.01;-0.12;0.22;-0.07;g1284;-0.12;0.15;-0.09;-0.11;g1284;0.02;0.12;-0.37;0.05;g1284;-0.36;0.07;-0.02;0.21
g1310;-0.13;0.96;-0.69;-1.22;g1310;-0.79;1.06;0.38;-0.01;g1310;-0.73;0.4;0.34;0.23;g1310;-0.04;-0.01;-0.13;0.16;g1310;0.57;-0.37;-0.14;-0.16;g1310;0.08;0.22;-0.2;-0.27;g1310;0.08;-0.55;-0.24;-0.45;g1310;0.03;0.17;0;-0.09
g1386;-0.33;0.29;-0.1;0.9;g1386;0.2;0.02;0.11;0.38;g1386;0.12;-0.01;-0.17;-0.36;g1386;0.4;-0.03;-0.17;-0.48;g1386;0.04;-0.63;-0.11;-0.08;g1386;-0.06;0.15;0.26;0.1;g1386;-0.17;0.04;-0.18;0.27;g1386;-0.27;0.1;0;0.44
g1400;0;0.1;1.04;-0.22;g1400;0.06;0.1;1.31;-0.24;g1400;0.11;-0.18;0.72;-0.09;g1400;-0.02;-0.35;0.75;0.04;g1400;0.2;0;0.39;0.08;g1400;0.11;-0.01;-0.49;-0.05;g1400;0.12;0.1;-0.34;-1.07;g1400;0;0.03;-0.83;0.33
g1484;0.4;0.12;-0.02;0.44;g1484;-0.1;0.32;0.1;-0.02;g1484;0;0.29;-0.22;-0.21;g1484;-0.03;0.11;-0.14;-0.28;g1484;0.11;-0.85;-0.09;0.19;g1484;-0.19;-0.08;-0.01;0.25;g1484;0.14;-0.57;-0.19;0.15;g1484;-0.32;0.15;0.13;0.31
g1497;-0.16;-0.71;-0.08;-0.18;g1497;0;-0.06;-0.02;-0.08;g1497;-0.01;-0.31;0.01;-0.05;g1497;0.07;-0.17;0.39;0.23;g1497;0.17;0.1;-0.02;-0.06;g1497;0.11;0.48;0.19;-0.05;g1497;0.19;0.26;0.29;-0.16;g1497;-0.11;0.17;0.16;0.09
g1537;0.33;-0.14;-0.42;-0.13;g1537;0.05;0.07;0.07;-0.41;g1537;0.25;0.04;-0.31;-0.13;g1537;0.46;-0.59;-0.32;-0.44;g1537;-0.08;0.12;0.15;0.06;g1537;0.14;0.46;0.33;0.38;g1537;0.32;0.34;0.08;0.24;g1537;-0.3;0.26;0.49;0.33
g1538;0.08;-0.15;0.31;-0.09;g1538;0.39;0.27;-0.09;-0.46;g1538;0.18;-0.48;-1.5;-0.13;g1538;-0.02;-0.33;-0.9;-0.15;g1538;-0.02;0.83;0.36;0.14;g1538;0.2;0.9;0.13;-0.07;g1538;0.12;0.65;-0.01;-0.01;g1538;-0.04;-0.24;0.43;0.32
g1547;0.1;0.12;1.08;0.66;g1547;0.2;0.01;0.67;0.39;g1547;0.25;0.06;0.2;0.5;g1547;0.21;-0.31;-0.35;0.03;g1547;0.13;0.12;-0.11;-0.38;g1547;0.04;0.15;0.12;-0.36;g1547;0.11;0.24;0.45;-0.38;g1547;-0.12;-0.13;0.15;-0.27
g1575;-0.21;0.06;-0.31;-0.19;g1575;-0.35;-0.06;0.05;-0.19;g1575;-0.11;0.03;0.34;-0.47;g1575;-0.26;0.11;0.32;0.22;g1575;0.2;-0.17;-0.35;0.16;g1575;-0.1;0.04;0.03;0.05;g1575;-0.1;-0.81;0.1;0.01;g1575;0;0.07;-0.03;0.06
g1580;0.06;0.74;-0.34;-0.48;g1580;-0.21;0.15;-0.18;-0.39;g1580;-0.36;0.28;0.04;-0.24;g1580;0.13;0.75;0.32;-0.14;g1580;-0.11;-0.42;-0.09;0.11;g1580;-0.23;0.19;-0.35;-0.13;g1580;-0.11;-0.64;0.09;-0.07;g1580;0.14;0.16;0;0.12
g1586;-0.36;0.42;-0.83;-1.23;g1586;-0.67;0.3;0.24;-0.7;g1586;-0.48;0.51;0.31;-0.51;g1586;0.05;0.8;0.07;-0.29;g1586;0.05;-0.28;-0.11;0.44;g1586;-0.17;0.21;0.12;0.06;g1586;0.18;0.23;0.14;-0.28;g1586;0.04;0.26;0;0.02
g1629;-0.04;0.25;-0.1;0;g1629;-0.23;0;0.44;0.27;g1629;-0.11;-0.26;-0.03;0.01;g1629;0;0.11;0.09;-0.36;g1629;0.1;0.03;-0.25;-0.17;g1629;-0.11;-0.05;-0.26;-0.14;g1629;0.18;-0.06;-0.08;-0.53;g1629;-0.09;-0.16;-0.07;0.04
g1630;0.17;1.17;-0.44;-0.76;g1630;-0.63;1.1;0.21;-0.34;g1630;-0.65;0.76;0.37;0.06;g1630;-0.31;0.49;0.4;0.66;g1630;0.42;-0.27;-0.23;-0.5;g1630;-0.01;-0.08;-0.62;-0.74;g1630;-0.01;-0.59;-0.16;-0.69;g1630;0.12;-0.19;-0.08;-0.15
g1721;-0.08;0;-0.39;-0.64;g1721;-0.25;-0.51;-0.14;0;g1721;-0.1;0;0.07;0.19;g1721;-0.08;0;0;0.06;g1721;0.25;0;-0.15;-0.08;g1721;-0.07;0;-0.26;0.15;g1721;0.07;0;0.17;-0.08;g1721;-0.04;0.45;0;0.15
g1729;-0.23;-0.28;-0.66;0.65;g1729;0.07;-0.11;0.22;0.03;g1729;0.15;-0.22;0.46;0.61;g1729;0.22;-0.14;0.34;-0.06;g1729;0.09;-0.59;-0.07;-0.45;g1729;0.05;-0.16;0.08;-0.32;g1729;0.09;0.55;-0.24;-0.49;g1729;-0.01;-0.12;0.46;-0.08
g1823;-0.47;0.33;-0.22;-0.88;g1823;-0.24;0.71;-0.13;-0.53;g1823;1.07;-0.03;0.53;-0.01;g1823;0.73;-0.33;0.2;0.06;g1823;-0.01;0.15;-0.18;0.18;g1823;0.71;0.88;0.11;-0.17;g1823;0.13;0.59;0;0.12;g1823;-0.04;0.26;-0.41;0.28
g1858;0.11;-0.05;0.57;0.51;g1858;-0.07;0.05;0.4;-0.17;g1858;0.07;0.09;0.73;-0.04;g1858;-0.09;0.22;0.77;-0.29;g1858;-0.02;0.38;-0.43;0.14;g1858;-0.11;0.13;-0.83;0.19;g1858;-0.03;0.18;-0.24;0.06;g1858;-0.13;-0.15;-0.55;-0.03
g1959;0.17;-0.16;0.75;0.42;g1959;0.25;0.23;-0.02;0;g1959;0.25;-0.1;0;-0.07;g1959;0.16;0;0.08;-0.29;g1959;0.04;0.18;0.2;0.19;g1959;-0.01;-0.07;-0.16;0.1;g1959;0.11;0.47;0.09;0.28;g1959;-0.1;0.64;-0.02;0.38
g1980;0.03;0.28;0.29;0.25;g1980;-0.2;0.13;-0.17;0.06;g1980;-0.06;0.37;0.21;-0.25;g1980;-0.08;0.07;1.06;-0.03;g1980;0.02;-0.25;-0.7;0.15;g1980;-0.03;0.13;-0.47;0.06;g1980;0.03;-0.12;-1.01;0.23;g1980;-0.11;0.01;-0.64;-0.03
g1984;0.45;1.36;-0.1;-0.29;g1984;-0.5;1.24;0.13;-0.09;g1984;-0.44;0.83;0.54;-0.09;g1984;-0.14;0.06;0.3;0.5;g1984;0.33;-0.89;-0.17;-0.45;g1984;-0.07;-0.23;-0.51;-0.55;g1984;-0.03;-0.56;-0.39;-0.4;g1984;0.02;-0.2;-0.35;-0.45
g2000;0.18;-0.13;0.54;0.74;g2000;-0.02;-0.22;0.3;0.04;g2000;0.27;0.1;0.23;-0.08;g2000;-0.11;0.2;0.37;-0.2;g2000;0;0.1;-0.35;-0.14;g2000;-0.02;0.01;-0.04;0.04;g2000;-0.09;0.23;0;-0.1;g2000;-0.24;0.2;-0.04;0.04
g2016;-0.17;-0.31;-0.64;-0.2;g2016;-0.17;0.25;-0.02;-0.25;g2016;0.47;0.6;0.73;0.06;g2016;0.12;-0.2;0.87;0.41;g2016;0.12;0.31;-0.67;-0.09;g2016;0.06;0.34;0.21;-0.64;g2016;0.12;0.28;0.21;-0.52;g2016;-0.16;0.24;0.22;0.01
g2509;0.29;0.33;-0.83;0.97;g2509;0.05;0.13;-0.25;-0.27;g2509;-0.16;-0.44;1.17;-0.06;g2509;0.02;-0.89;-0.25;0.1;g2509;-0.09;0.42;0.75;-0.13;g2509;0.27;-0.13;0.75;0.15;g2509;-0.06;0.01;-0.83;-0.06;g2509;0.04;-0.77;0;0.03
g2555;-0.67;-0.34;0.48;-0.21;g2555;-1.16;-0.47;0.14;1.23;g2555;-0.42;-0.33;-0.36;0.37;g2555;-0.52;-0.63;-0.19;0.16;g2555;0.6;0.68;0.3;-0.23;g2555;0.37;-0.02;-0.13;-0.11;g2555;0.23;0.36;-0.01;-0.98;g2555;-0.15;-0.51;0.09;-0.49
g2671;-0.01;-0.11;0.36;-0.64;g2671;-0.06;-0.08;0.44;-0.19;g2671;-0.13;-0.03;0.39;0.14;g2671;-0.08;0.24;0.24;0.03;g2671;0.18;0;-0.06;-0.14;g2671;-0.05;0.13;-0.36;-0.06;g2671;0.12;0;-0.06;-0.28;g2671;0.05;0.28;-0.06;0.06
g2687;0.1;-0.49;0.73;-0.41;g2687;-0.26;-0.47;0.23;-0.21;g2687;0.32;-0.57;-0.31;-0.06;g2687;0.06;-0.79;-0.53;-0.3;g2687;0.02;-0.12;-0.05;0.26;g2687;-0.19;0.13;0.09;0.21;g2687;-0.14;-0.36;0.14;0.07;g2687;-0.07;-0.24;0;0.03
g2750;-0.09;-0.02;0.14;0.05;g2750;-0.48;0.12;-0.09;-0.07;g2750;0.2;0.14;-0.64;0.1;g2750;-0.13;0.4;0.73;-0.11;g2750;-0.17;-0.5;0.53;0.29;g2750;-0.21;0.14;-0.6;0.16;g2750;-0.18;-0.01;0.11;-0.09;g2750;0.01;-0.11;0.42;0.01
g2765;-0.32;-0.18;0.36;-0.12;g2765;-0.03;-0.04;-0.01;0.08;g2765;0.09;0.13;0.37;-0.07;g2765;-0.01;-0.19;-0.29;0.19;g2765;0.28;-0.24;-0.11;-0.17;g2765;0.13;0.13;0.05;0.08;g2765;0.09;-0.02;0.23;-0.02;g2765;0;0.24;0.21;0.16
g2814;-0.17;0.93;-0.77;-0.34;g2814;-0.52;1.12;0.36;0.37;g2814;-0.77;0.73;0.05;0.02;g2814;-0.43;0.01;0.32;0.24;g2814;0.36;0.05;0.25;-0.5;g2814;0.02;-0.13;-0.5;-0.69;g2814;0.04;-0.18;-0.36;-0.69;g2814;0.1;0.21;-0.26;0
g2857;0.16;-0.29;0.06;1.19;g2857;-0.05;-0.37;-0.57;-0.02;g2857;0.44;-0.11;-0.54;-0.24;g2857;0.17;0.12;-0.74;-0.32;g2857;0.06;-0.36;0.14;0.19;g2857;-0.22;0.3;0.53;0.15;g2857;0.03;-0.46;0.19;0.15;g2857;-0.36;0.03;-0.11;-0.07
g2905;0.16;0.76;-0.55;0.06;g2905;-0.72;0.58;0.26;-0.23;g2905;-0.32;0.49;0;-0.04;g2905;-0.19;0.34;0.25;-0.01;g2905;0.16;-0.42;0.26;-0.21;g2905;-0.07;0.27;-0.08;-0.15;g2905;0.23;-0.06;-0.18;-0.43;g2905;-0.3;-0.1;-0.06;-0.06
g2907;-0.02;0.17;0.17;0.2;g2907;-0.13;0.19;-0.29;-0.19;g2907;-0.19;0.31;-0.38;-0.14;g2907;-0.32;0.37;-0.55;-0.12;g2907;0.25;-0.6;0.06;0.26;g2907;-0.02;0;0.16;0.26;g2907;0.15;0.21;0.13;0.19;g2907;-0.26;0.02;0.15;0.17
g2922;0;1.08;-0.11;-0.39;g2922;-0.84;0.39;0.27;0;g2922;-0.23;0.62;0.31;0.02;g2922;-0.42;0.39;0.08;0.39;g2922;0.33;-0.7;-0.05;-0.16;g2922;-0.17;0.26;-0.19;-0.5;g2922;0.01;-0.63;-0.03;-0.5;g2922;0.24;0.3;0;-0.3
g3039;-0.13;0.37;0.54;0.91;g3039;0.37;0.48;0.75;0.27;g3039;0.15;0.32;-0.9;0.2;g3039;0.15;0.12;-0.27;-0.33;g3039;0.02;0.03;0.48;-0.37;g3039;0.12;-0.37;0.26;-0.2;g3039;-0.1;-0.37;-0.68;-0.27;g3039;0;-0.09;-0.36;0.04
g3053;-0.08;0.17;1.56;0.48;g3053;0.25;0.06;1.44;-0.05;g3053;0;-0.27;0.58;0.21;g3053;0.08;0.03;0.75;-0.17;g3053;0.14;0.58;-0.21;-0.36;g3053;0.06;-0.59;-0.23;-0.11;g3053;0.03;0.88;-0.72;-0.24;g3053;0;0.72;-0.72;0.12
g3072;0.19;-0.57;0.79;1.61;g3072;0.37;-0.17;-0.21;0.13;g3072;0.42;0.07;-0.36;0.37;g3072;-0.01;-0.12;-0.18;0.05;g3072;0.04;-0.17;0.07;-0.12;g3072;-0.18;0;0.15;0.13;g3072;-0.07;-0.3;0.15;0.01;g3072;-0.28;-1.79;0;-0.05
g3076;-0.2;0.19;-0.17;0.85;g3076;-0.5;0.06;-0.44;0.07;g3076;0.06;0.04;-0.41;0.07;g3076;0.12;-0.16;-0.17;0.14;g3076;-0.02;-0.27;-0.09;-0.29;g3076;0.11;0.92;-0.02;-0.18;g3076;-0.02;-0.2;0.19;-0.36;g3076;0;0.09;0;-0.29
g3119;0.01;0.41;-0.31;-0.52;g3119;-0.1;0.24;0.13;-0.93;g3119;0.06;0.08;-0.25;-0.09;g3119;-0.29;-0.26;-0.41;0.2;g3119;0.21;-0.98;0.16;0.21;g3119;0.11;0.36;0.02;-0.06;g3119;-0.05;-0.66;-0.02;-0.16;g3119;-0.35;0.5;0.27;-0.12
g3141;-0.05;0.72;0.21;-0.06;g3141;0;0.64;0.4;-0.3;g3141;0.15;0.44;0.46;-0.14;g3141;-0.24;0.22;0.07;-0.02;g3141;0.2;-0.73;0.43;0.03;g3141;0;-0.01;-0.01;-0.16;g3141;-0.12;-0.35;-0.11;-0.2;g3141;-0.3;0.01;0.04;0.17
g3151;0.12;-0.31;-0.13;-0.84;g3151;-0.29;0.02;-0.43;-0.57;g3151;0.05;0.28;0.44;0.01;g3151;0.03;0.21;0.15;0.09;g3151;0.2;0.04;-0.24;0.16;g3151;-0.04;0.26;0.02;0.09;g3151;0.16;-0.15;-0.43;-0.02;g3151;-0.27;0.05;0.7;-0.11
g3154;0.3;0.07;0.3;0.56;g3154;0.05;0.12;0.48;-0.11;g3154;-0.03;0.24;-0.07;0.16;g3154;0.08;0.12;-0.14;0.16;g3154;0.17;0.15;0.08;0.1;g3154;-0.15;-0.05;-0.04;0.06;g3154;0.14;-0.26;-0.13;0.05;g3154;-0.32;-0.08;0;0.03
g3202;-0.89;-0.74;-1.04;-0.51;g3202;-0.59;0.72;-0.28;-0.4;g3202;0.01;1.08;1.22;-0.29;g3202;0.56;0.01;1.05;-0.12;g3202;-0.4;-0.24;-0.88;-0.01;g3202;0.65;0.35;0.81;0.14;g3202;0.63;0.52;0.41;-0.31;g3202;0.26;0.48;-0.05;-0.14
g3213;0.16;0.6;-0.67;-0.63;g3213;-0.58;0.64;0.13;-0.65;g3213;-0.55;-0.02;0.22;-0.53;g3213;-0.63;0.39;0.4;-0.13;g3213;0.2;-0.02;0.33;0.26;g3213;-0.11;0.13;-0.32;0.25;g3213;0.01;0.05;-0.08;-0.33;g3213;0.01;0.4;-0.03;0.1
g3237;0.25;0.07;-0.24;0.19;g3237;-0.23;-0.04;-0.44;-0.24;g3237;0.05;0.17;-0.46;-0.22;g3237;0.02;-0.02;-0.41;0.02;g3237;0.06;0.27;0.25;0.21;g3237;0.06;-0.15;0.18;-0.32;g3237;0.09;0.03;-0.03;-0.07;g3237;-0.3;0.14;-0.05;0.19
g3260;0.14;-0.29;0.51;0.62;g3260;0.11;-0.24;0.42;0.29;g3260;0.34;-0.29;0.33;0.12;g3260;-0.06;-0.04;0.16;-0.24;g3260;-0.03;0.33;0.18;-0.06;g3260;-0.24;0.18;0.08;0.12;g3260;-0.2;0.29;0.01;-0.22;g3260;0;-0.21;-0.06;0.05
g3331;-0.74;0.99;-1.89;-0.5;g3331;-0.48;-1.2;-0.92;-0.77;g3331;-1.1;-0.8;-1.05;-0.66;g3331;-0.83;0.2;-1.11;-0.31;g3331;0.75;0.48;1.19;0.69;g3331;-0.12;-0.37;-0.15;0.48;g3331;-0.61;0.12;0.33;-0.45;g3331;-0.22;-0.22;0.34;0.18
g3366;-0.14;0.18;-0.04;0.02;g3366;0.33;0.36;0;-0.03;g3366;0.07;0.05;-0.27;0.54;g3366;-0.07;0.02;-0.16;-0.08;g3366;0.05;-0.12;0.43;-0.05;g3366;0.19;0.3;0.37;0.2;g3366;0;-0.3;0.28;0.4;g3366;-0.08;0.18;-0.55;0
g3373;-0.01;0.18;0.36;-0.4;g3373;-0.24;0.04;0.05;-0.33;g3373;0.16;0.23;-0.18;0.05;g3373;0.31;-0.07;-0.24;0.19;g3373;0.18;-0.14;0.27;0.02;g3373;-0.09;0.26;0.16;0.1;g3373;0.09;-0.24;0.44;-0.33;g3373;-0.19;0.19;0.02;0.09
g3412;0.42;1.03;-0.46;-0.93;g3412;-1.07;1.25;-0.27;-0.13;g3412;-0.69;0.89;0.29;-0.3;g3412;-0.47;0.44;-0.07;0.53;g3412;0.35;-1.21;-0.22;-0.03;g3412;-0.15;0.26;0;-0.58;g3412;0.45;-0.99;-0.31;-0.67;g3412;-0.15;0.06;0.34;-0.19
g3431;-0.15;0.1;-0.2;0.36;g3431;0.43;0.15;-0.15;-0.11;g3431;-0.03;0.07;0.03;-0.28;g3431;-0.22;0.19;0.06;-0.07;g3431;0.09;-0.37;0.03;0.08;g3431;-0.34;-0.1;-0.12;0.12;g3431;-0.22;-0.47;-0.15;0.29;g3431;-0.38;-0.01;0;-0.05
g3445;-0.33;-0.26;-1.31;-0.29;g3445;-0.27;0.61;-0.3;-0.59;g3445;0.24;0.69;1;-0.29;g3445;0.18;-0.11;0.38;-0.13;g3445;-0.39;-0.06;-0.81;0.06;g3445;0.24;0.09;0.69;0.2;g3445;0.19;0.42;0.33;0.16;g3445;-0.2;0.39;0.27;-0.15
g3480;0.16;0.28;-0.46;-0.12;g3480;0.18;0.06;0.04;-0.24;g3480;0.31;0.28;0.08;-0.08;g3480;0.21;0.55;0.1;0.15;g3480;0.12;-0.69;0.08;-0.15;g3480;-0.14;0.12;-0.07;-0.15;g3480;-0.18;-0.33;0.07;-0.24;g3480;-0.23;0.37;-0.04;-0.2
g3530;-0.19;0.09;-0.42;0.37;g3530;-0.05;-0.01;-0.74;-0.54;g3530;0.24;0.43;-0.51;-0.42;g3530;0.28;0.53;0.19;-0.56;g3530;0;0;0.13;0.35;g3530;-0.26;0;0.19;0.48;g3530;-0.13;0;0.27;0.05;g3530;-0.06;0.15;0;-0.04
g3564;-0.11;0.06;-0.55;0.14;g3564;-0.07;0.15;-0.44;0.1;g3564;-0.18;0.23;-0.1;-0.53;g3564;-0.2;0.23;-0.25;-0.37;g3564;0.32;-0.37;-0.11;0;g3564;0.12;-0.02;0;0.02;g3564;0.01;-0.46;-0.22;-0.02;g3564;-0.35;0.16;0.13;0.05
g3605;-0.24;-0.2;0.47;0.22;g3605;0.03;-0.06;0.27;0.45;g3605;0.38;-0.02;-0.61;0.13;g3605;0;-0.02;0.26;0.07;g3605;-0.06;0.16;0.12;-0.13;g3605;-0.45;-0.86;0.17;-0.07;g3605;-0.41;-0.02;0.44;-0.03;g3605;-0.2;-0.08;-0.13;-0.33
g3611;-0.33;-0.47;-0.18;0.21;g3611;-0.39;-0.43;-0.38;-0.37;g3611;-0.06;-0.53;0.05;-0.37;g3611;-0.07;0.15;-0.13;0.21;g3611;0.29;0.25;0.13;-0.06;g3611;-0.09;0.19;0.3;-0.02;g3611;0.19;0.33;0.3;-0.1;g3611;-0.02;0.05;0;0.13
g3669;-0.17;-0.25;-0.5;0.64;g3669;0.12;0.33;-0.56;0.04;g3669;-0.46;-0.06;-0.87;0.4;g3669;-0.06;0.41;0.47;-0.32;g3669;0;0.3;-0.43;0.02;g3669;-0.21;-0.17;0.09;-0.49;g3669;0;-0.19;-0.37;0.19;g3669;-0.48;0.24;0;-0.43
g3694;0.24;-0.07;0.11;-0.09;g3694;0.16;-0.53;-0.02;-0.51;g3694;0.22;-0.57;-0.27;-0.6;g3694;-0.32;-0.43;-0.3;-0.32;g3694;0.12;0.24;-0.11;0.32;g3694;-0.21;0.32;0.27;0.2;g3694;0.14;0.12;0.04;0.38;g3694;-0.32;-0.06;0.07;0.23
g3704;0.14;-0.78;-0.64;0.28;g3704;0.14;0.18;-0.49;0.33;g3704;0.96;-0.38;0.61;-0.53;g3704;-0.09;0.2;1.47;-0.01;g3704;0.24;-0.16;0.66;-0.12;g3704;-0.11;0.01;-0.95;-0.17;g3704;0.14;-0.78;-0.69;0.29;g3704;-0.12;-0.12;-0.62;0.15
g3730;-0.64;-0.34;-0.04;0.08;g3730;0;0.38;-0.22;0.41;g3730;-0.1;-0.14;0.42;0.33;g3730;0.2;-0.03;0.14;0.12;g3730;-0.02;1.06;-0.25;-0.13;g3730;0.04;0;0.02;-0.09;g3730;0.39;0.05;0.03;-0.71;g3730;0.25;0.1;0;0
g3814;0.18;-0.27;0.41;0.65;g3814;0.2;0.1;0.9;0.08;g3814;0.38;-0.09;0.02;-0.05;g3814;-0.35;-0.15;-0.08;-0.1;g3814;0.24;-0.13;0.26;0.29;g3814;-0.04;-0.19;0.02;-0.47;g3814;0.18;-0.07;-0.23;-0.35;g3814;-0.11;0.18;0.47;0
g3853;0.21;0.74;-0.2;-0.09;g3853;0;1.11;0.53;-0.04;g3853;-0.38;0.47;0.13;0.11;g3853;0.22;0.09;-0.46;0.63;g3853;0.11;-0.59;-0.01;-0.47;g3853;0.09;0.11;0.01;-0.59;g3853;0.11;-0.42;-0.19;-0.32;g3853;-0.45;0.14;-0.1;-0.26
g3876;0.31;1.39;-0.2;-0.81;g3876;-0.41;1.06;0.53;-0.3;g3876;-0.48;0.44;0.3;-0.27;g3876;0;0.22;-0.12;0.52;g3876;0.49;-0.76;-0.12;0.03;g3876;0;0.17;-0.38;0.16;g3876;0.07;-0.91;0;-0.24;g3876;-0.36;-0.21;-0.05;0.12
g3922;1.13;-0.14;0.04;0.93;g3922;0.66;-0.59;-0.11;0.03;g3922;0.54;0.25;-0.09;-0.22;g3922;0.66;0.38;0.26;-0.19;g3922;-0.45;-0.13;0.22;-0.16;g3922;0.06;0.42;0.08;0.06;g3922;-0.02;0.43;-0.16;-0.25;g3922;-0.48;0;0;-0.03
g3932;0.28;0.28;0.08;0.01;g3932;0.27;0.04;-0.1;-0.29;g3932;0.23;-0.32;-0.2;0.01;g3932;-0.21;-0.07;-0.13;-0.13;g3932;0.12;0.64;-0.15;0.16;g3932;-0.07;0.26;-0.06;0.01;g3932;0.23;-0.27;0.15;0.01;g3932;-0.29;-0.23;0.22;0.08
g3962;0.17;-0.29;0.32;0.42;g3962;0.06;-0.58;0.25;-0.25;g3962;0.22;-0.21;-0.14;-0.16;g3962;-0.01;0.27;-0.07;-0.56;g3962;-0.07;0.16;-0.08;0.28;g3962;-0.26;0.36;-0.03;0.08;g3962;0.33;0.05;0.05;-0.02;g3962;-0.22;-0.06;0;0.07
g4068;0.43;-0.82;0.52;-0.12;g4068;0.28;-0.17;0.96;-0.42;g4068;0.02;-0.32;0.33;0;g4068;-0.04;0.27;-0.13;0.08;g4068;0.17;0.21;0.04;0.15;g4068;0;-0.05;0.1;0.01;g4068;0.25;0.37;0.39;0.12;g4068;-0.09;0.13;0.06;0.11
g4088;1.18;-2.61;-0.06;2.49;g4088;0.92;1.04;0.91;1.05;g4088;0.5;0.11;-0.37;0.32;g4088;-0.17;-1.94;-1.16;-1.36;g4088;-2.17;-1.77;-1.41;-1.19;g4088;1.4;2.16;1.03;1.12;g4088;1.88;2.32;0;1.91;g4088;1.31;1.08;0.76;2.25
g4111;0.12;-1.17;2.26;0.38;g4111;0.39;-0.12;1.09;-0.02;g4111;0.22;-0.49;1.48;0.19;g4111;0.06;-0.09;-0.32;0.29;g4111;-0.22;0.87;0;0.09;g4111;-0.22;1.19;0;-0.66;g4111;-0.13;0.62;-0.74;-1.02;g4111;-0.03;0.46;-1.1;0.05
g4247;0.22;0.35;-0.32;-0.02;g4247;0.01;0.17;-0.22;-0.58;g4247;0.21;0.76;0.25;-0.2;g4247;-0.54;0.44;-0.23;-0.51;g4247;-0.11;-0.19;0.09;0.19;g4247;-0.13;0.4;0.26;0.07;g4247;0.12;-0.01;0.06;0.04;g4247;-0.14;0.3;-0.3;0.12
g4266;-0.74;0.37;-0.08;-1.04;g4266;-0.3;0.78;0.56;-0.37;g4266;1.41;-0.17;0;-0.11;g4266;0.89;-0.34;0.34;0.02;g4266;-0.24;0.32;0;0.09;g4266;0.94;0.98;-0.44;0.2;g4266;0.08;-0.09;0.34;-0.22;g4266;-0.16;0.27;-1.25;0.38
g4300;-0.05;-0.37;-0.44;-0.14;g4300;0.13;0.25;-0.31;-0.36;g4300;0.03;-0.29;-0.31;-0.22;g4300;-0.07;0.15;0.26;-0.3;g4300;0.25;0.3;0;0.42;g4300;-0.01;0.56;0.08;0.45;g4300;-0.02;0.25;0.14;0.03;g4300;-0.41;0;0;0.2
g4312;0.34;0.03;0;0.62;g4312;0.16;0.07;0.07;0.23;g4312;-0.16;-0.06;0.08;-0.82;g4312;0.09;0.49;0.22;0.65;g4312;0.03;-0.41;-0.36;-0.16;g4312;-0.03;0.28;0.18;-0.08;g4312;-0.2;-0.49;-0.2;-0.33;g4312;-0.16;0.41;0.31;0.03
g4322;0.12;-0.04;-0.38;0.07;g4322;-0.04;-0.17;0.65;0.16;g4322;0.2;-0.17;0.09;-0.06;g4322;0.46;0.06;0.08;0.04;g4322;0.01;-0.15;0.07;0.02;g4322;-0.42;0.19;0.01;-0.16;g4322;-0.04;-0.11;0.05;-0.02;g4322;-0.29;-0.04;-0.66;-0.38
g4339;0;-0.47;-0.32;0;g4339;0;-0.08;-0.42;0;g4339;0;-0.1;0.36;0;g4339;0;0.93;-0.09;0;g4339;0;-0.11;-0.38;0;g4339;0;0.11;0;0;g4339;0;-0.2;-0.28;0;g4339;0;0.09;0.25;0
g4357;-0.49;-1.19;-0.63;-0.03;g4357;0.31;-0.39;-1.1;-0.44;g4357;0.45;-0.21;-1.05;-0.13;g4357;0.04;0.35;-0.05;0.1;g4357;-0.32;-0.57;0.75;0.18;g4357;0.01;-0.23;0.09;-0.03;g4357;-0.11;-0.16;0.09;0.05;g4357;-0.26;0.17;0;-0.33
g4362;-0.16;0.46;-0.04;-0.67;g4362;-0.12;0.44;-0.06;0.18;g4362;0.02;0.28;0.41;0.21;g4362;0.13;0.19;-0.08;0.14;g4362;0.07;-0.34;0.2;0.08;g4362;0.4;0.09;0.1;-0.09;g4362;0.14;-0.16;0.24;0.11;g4362;-0.03;-0.06;-0.04;0.1
g4373;0.27;-0.06;0.38;0.4;g4373;0;-0.11;-0.13;0.09;g4373;0.02;0;-0.02;0.16;g4373;-0.09;-0.02;-0.21;0.09;g4373;0.18;0.77;0.1;-0.23;g4373;-0.15;-0.54;-0.2;-0.14;g4373;0.07;-0.66;-0.1;-0.06;g4373;-0.36;-0.34;0.16;-0.29
g4380;0.08;0.13;0.21;0.43;g4380;-0.32;0.18;0.16;-0.33;g4380;0.05;0.16;0.19;-0.45;g4380;-0.21;0.43;-0.03;0.19;g4380;0.02;0.14;-0.2;0.25;g4380;0.14;-0.04;-0.3;0.16;g4380;-0.14;-0.59;-0.63;0.06;g4380;0.03;0.02;0.43;-0.06
g4405;0;0;0;0;g4405;0;0.36;-0.08;0;g4405;0;-0.18;0.62;0;g4405;0;-0.31;1.23;0;g4405;0;0;-0.76;0;g4405;0;0;-0.51;0;g4405;0;0.25;-0.17;0;g4405;0;0.05;-0.48;0
g4409;-0.21;0.51;-0.61;-0.68;g4409;-0.12;0.03;-0.24;-0.66;g4409;0.35;0.25;-0.53;-0.58;g4409;-0.26;0.32;-0.2;-0.37;g4409;0.04;-0.16;0.07;0.34;g4409;-0.15;0.3;0;0.05;g4409;0.07;-0.11;-0.2;0.18;g4409;-0.12;0.27;-0.35;-0.25
g4593;-1.56;-1.34;0;-0.51;g4593;-0.93;1.21;0.21;-2.07;g4593;1.29;0.83;0.57;-0.96;g4593;0;0.17;0.53;-0.29;g4593;-1.11;-1.19;-1.49;0.59;g4593;1.14;0.99;0.62;0.27;g4593;0.99;0.93;0;-0.03;g4593;0.3;0.86;0.25;0.3
g4613;-0.07;0;-0.44;0.06;g4613;-0.38;0;-0.22;-0.03;g4613;0.07;0;-0.47;0.11;g4613;0.02;-0.37;-0.5;0.02;g4613;0;-0.17;0.24;-0.01;g4613;-0.12;1.44;0.28;0.14;g4613;0.18;-0.38;0.24;0.02;g4613;-0.27;0;0;-0.17
g4645;-0.01;-0.14;-0.43;1.38;g4645;0.14;-0.12;0.01;-0.05;g4645;-0.25;0.12;-0.3;0.2;g4645;0.25;-0.1;-0.43;-0.06;g4645;-0.04;0;-0.02;-0.32;g4645;-0.15;0.12;0.27;-0.23;g4645;-0.19;0;-0.23;0.16;g4645;-0.23;-0.06;0.14;-0.5
g4697;0.46;0.23;-0.26;-0.97;g4697;0;0.51;0.28;-0.36;g4697;0;0.18;0.14;-0.38;g4697;0.05;-0.07;0.01;0.46;g4697;-0.01;0.39;-0.07;0.06;g4697;0.27;-0.12;0.03;0.08;g4697;0.21;-0.02;0;-0.06;g4697;-0.28;-0.55;0;0.15
g4704;0;-0.01;0.29;0.38;g4704;0.69;-0.65;-0.21;0.05;g4704;1.08;-0.42;-0.74;0.14;g4704;0.73;-0.17;-0.38;0.05;g4704;0.05;-0.1;0.19;0.01;g4704;-0.53;0.38;0.33;0.58;g4704;-0.22;0.21;0.38;0.21;g4704;-0.58;0.42;0.08;0.25
g4705;1.74;0.14;0.98;2.5;g4705;0.45;0.36;-0.05;0.04;g4705;0.26;1.36;-0.46;0.09;g4705;0.01;0.48;0.68;0.02;g4705;0.01;-0.29;-0.06;-0.56;g4705;-0.07;0.09;-0.52;-0.21;g4705;-0.15;-0.15;-0.49;-0.58;g4705;0;0.63;-0.43;-0.41
g4723;-0.11;-1.21;0.86;0.14;g4723;0.16;0.49;-0.08;0.58;g4723;-0.02;0.06;-0.49;-0.11;g4723;0.05;0;0.24;0.2;g4723;0.1;0.41;0.37;0.25;g4723;0.01;0;-0.61;0.07;g4723;-0.25;0.41;0.35;0.28;g4723;-0.23;0;0.06;0.28
g4820;0.57;0.14;0;0.13;g4820;0.15;0.25;0.02;0.24;g4820;0.01;0.16;-0.07;-0.16;g4820;-0.01;-0.12;-0.05;0.01;g4820;-0.1;-0.42;-0.01;-0.23;g4820;-0.1;-0.11;0.46;0.08;g4820;-0.06;0.04;0.1;-0.12;g4820;-0.03;-0.52;-0.01;0.04
g4821;-0.07;0.02;0.09;-0.01;g4821;-0.17;0.08;0.41;-0.16;g4821;0;0.21;0.08;0.02;g4821;0.08;0.36;-0.19;-0.08;g4821;0.15;-0.41;-0.06;0.02;g4821;-0.3;0.38;0.54;-0.05;g4821;0.11;-0.53;0.08;0.15;g4821;-0.28;0.3;0.08;-0.1
g4850;0.05;-0.13;-0.15;-0.06;g4850;-0.14;-0.43;-0.14;-0.5;g4850;0.35;-0.43;-0.38;-0.46;g4850;0.15;-0.41;-0.46;0.17;g4850;-0.09;-0.43;0.03;0.16;g4850;0.02;0.41;0.59;0.26;g4850;0.13;-0.16;0.25;-0.2;g4850;-0.23;0.53;0;-0.09
g5084;0.45;-0.75;-0.07;0.27;g5084;0.26;-0.41;-0.07;-0.36;g5084;-0.05;-0.17;-0.07;0.26;g5084;0.06;-0.17;-0.18;-0.34;g5084;-0.07;0.05;0;0.08;g5084;0.04;0.4;-0.62;0.06;g5084;0.23;0.1;0.39;0.11;g5084;-0.07;-0.06;0.51;0.19
g5122;-0.2;-0.78;0.91;1.1;g5122;-0.2;-0.7;0.48;0.08;g5122;0.06;-0.47;-0.64;0.05;g5122;-0.24;-0.27;-0.09;0.15;g5122;0.09;0.41;-0.03;-0.3;g5122;-0.25;0.8;0.08;-0.23;g5122;-0.37;-0.1;-0.15;-0.33;g5122;-0.08;-0.25;0.13;-0.05
g5128;0.13;0.96;0.21;-0.11;g5128;0.18;0.58;0.49;-0.01;g5128;0.1;0.03;0.56;-0.13;g5128;0.15;-0.28;0.6;-0.1;g5128;-0.03;-0.17;-0.48;0.05;g5128;0.04;0.12;0.05;0.06;g5128;0.23;0.11;-0.46;0.03;g5128;0.15;-0.01;0;0.13
g5187;-0.48;-1.31;-0.75;-0.91;g5187;0.63;-1.08;-0.18;-0.51;g5187;0.91;-0.37;0.11;-0.17;g5187;0.56;0.75;0.05;0.08;g5187;-0.32;-0.83;-0.18;0.04;g5187;-0.4;0.09;-0.15;0.26;g5187;-0.12;-0.46;0.38;0;g5187;-0.16;0.44;0;0.58
g5239;0.01;-0.46;-0.14;0.59;g5239;-0.58;-0.38;-0.47;-0.11;g5239;0.31;0.08;-0.2;-0.06;g5239;-0.16;0.21;0.12;-0.25;g5239;0.05;-0.44;-0.1;0.09;g5239;-0.3;0.11;0.1;0.2;g5239;-0.11;-0.25;0.09;0.13;g5239;-0.32;0.32;0.2;-0.04
g5246;0.15;-0.31;0.06;0.03;g5246;0.45;-0.52;0.96;0.27;g5246;0.14;-0.56;-0.2;-0.28;g5246;0;-0.52;-0.13;0.41;g5246;0.21;0.54;0.02;0.06;g5246;0;0;-0.6;-0.02;g5246;-0.2;0.51;-0.56;-0.22;g5246;0.05;0.33;0.47;0.14
g5316;-0.04;0.9;-0.76;-0.67;g5316;-0.65;1.04;-0.07;-0.34;g5316;-0.41;0.18;-0.22;-0.27;g5316;-0.55;-0.17;-0.01;-0.16;g5316;0.28;-0.2;0.1;-0.06;g5316;-0.18;0.26;-0.2;0.27;g5316;0.06;-0.55;0.04;-0.08;g5316;-0.11;-0.09;0.29;-0.03
g5349;0.21;-0.41;0.72;0.64;g5349;0.24;0.23;-0.11;0.15;g5349;-0.4;-0.51;-0.27;0.03;g5349;-0.12;0;-0.1;-0.09;g5349;-0.05;0.03;-0.36;-0.08;g5349;0.23;0;0.49;-0.02;g5349;0.12;0.09;-0.14;-0.27;g5349;-0.03;0;-0.17;0.21
g5353;-0.72;0;-0.09;0.42;g5353;0.43;-0.57;0.06;0;g5353;0.11;-0.75;-1.06;-0.02;g5353;0.48;0.33;-0.17;0.42;g5353;1.1;-0.02;0.73;-0.02;g5353;-0.26;-0.85;-1.25;-0.48;g5353;-0.11;-0.85;-0.09;-0.51;g5353;-0.53;-0.14;-0.1;-0.26
g5376;0.12;-0.38;-0.44;-0.34;g5376;-0.04;-0.1;-0.21;-0.36;g5376;-0.1;0.13;-0.02;-0.25;g5376;0.15;0.28;0.21;-0.08;g5376;-0.1;-0.22;-0.32;0.38;g5376;0.02;0.45;0.06;0.21;g5376;0.09;0.22;0.09;-0.17;g5376;-0.03;0.18;0.15;0.07
g5460;-0.14;-0.25;-0.55;-0.14;g5460;-0.46;-0.15;-0.11;-0.41;g5460;-0.15;0.12;-0.3;-0.22;g5460;-0.21;0.33;-0.25;-0.03;g5460;0.02;-0.06;0.03;0.29;g5460;-0.15;-0.03;-0.19;0.23;g5460;-0.07;-0.35;-0.03;0.17;g5460;-0.12;0.13;0.17;-0.05
g5473;-0.11;0.12;0.47;1.06;g5473;0;-0.01;-0.15;0.11;g5473;-0.27;-0.55;-0.2;0.47;g5473;-0.08;-0.67;0.28;-0.43;g5473;-0.04;0.71;-0.08;-0.17;g5473;0.24;0.19;-0.27;0.02;g5473;-0.02;0.4;-0.06;-0.31;g5473;-0.13;-0.24;0.02;-0.23
g5489;-0.21;0.21;-0.56;0.61;g5489;0.11;0.4;0.08;0.1;g5489;-0.1;0.26;0.09;-0.21;g5489;0.3;-0.21;-0.27;-0.2;g5489;-0.06;-0.7;0.01;-0.08;g5489;0.27;1;0.23;-0.08;g5489;0.08;-0.19;-0.07;-0.05;g5489;-0.29;0.17;0;-0.04
g5577;0.15;0.17;-0.43;0.09;g5577;0.01;-0.05;0.14;-0.1;g5577;0.11;-0.34;-0.52;0.13;g5577;-0.07;-0.11;-0.46;-0.16;g5577;-0.09;-0.38;0.62;0.11;g5577;-0.09;-0.26;-0.86;-0.14;g5577;0.07;-0.03;0.22;-0.18;g5577;-0.3;-0.08;0.37;-0.2
g5627;0.06;-0.42;-0.43;0.06;g5627;-0.22;-0.52;-0.54;-0.21;g5627;0.11;0.3;0.05;-0.24;g5627;-0.12;0.67;0.01;-0.15;g5627;0.06;-0.82;0.18;0.43;g5627;-0.24;-0.21;-0.54;0.39;g5627;0.06;-0.66;0;0.35;g5627;-0.28;0.26;0;0.07
g5628;0.11;0.06;-0.2;0.15;g5628;-0.21;-0.09;-0.53;-0.18;g5628;0.13;0.64;0.21;-0.49;g5628;-0.08;0.97;-0.03;-0.32;g5628;0.13;-0.83;-0.13;0.31;g5628;-0.04;0.19;0.02;0.03;g5628;0.05;-0.5;0;0.35;g5628;-0.25;0.5;0.07;0.13
g5685;0.08;0.27;0.43;-0.07;g5685;-0.03;-0.5;0.85;-0.36;g5685;0.05;-0.89;0.09;-0.02;g5685;-0.05;-0.65;-0.19;0;g5685;0.14;0;-0.35;-0.02;g5685;-0.15;0.19;-0.01;0.02;g5685;0.04;0;-0.45;0.07;g5685;-0.23;0.09;-0.33;0.12
g5725;0.25;0.3;0;0.79;g5725;0.11;0.13;0.06;-0.34;g5725;0.36;0.06;0.28;0.02;g5725;0.29;-0.05;0.31;0.11;g5725;-0.04;0.06;-0.02;0.06;g5725;-0.28;0.35;-0.69;-0.21;g5725;-0.23;-0.47;0.28;-0.09;g5725;-0.3;-0.1;0.6;-0.19
g5766;0;0.32;0.83;0.46;g5766;0;-0.03;0.21;-0.16;g5766;-0.03;-0.12;-0.39;-0.07;g5766;-0.1;-0.1;-0.1;0.68;g5766;-0.02;0.22;0.21;-0.37;g5766;-0.1;-0.05;-0.76;-0.33;g5766;0.07;0.24;0.13;-0.35;g5766;-0.33;-0.23;0.15;-0.01
g5825;0.03;0;-0.01;-0.71;g5825;0.67;-0.89;-0.68;0.15;g5825;0.4;-0.81;-0.71;0.27;g5825;0.57;-0.06;-0.41;0.23;g5825;-0.06;0.66;0.05;0.04;g5825;-0.66;-0.18;0.36;0.01;g5825;-0.13;0.08;0.19;0.39;g5825;-0.3;-0.38;0.3;0.16
g5848;-1.16;0.96;0.21;-0.96;g5848;-1.38;1.73;-0.34;-0.79;g5848;-1.65;-0.97;-0.78;1.02;g5848;0;-0.94;-0.49;-1.03;g5848;0.23;0.47;0.66;-0.39;g5848;1.65;-0.09;0.06;1.14;g5848;0.92;-0.19;0.07;1.21;g5848;0.3;0.46;-0.36;0.76
g5857;0.06;0.05;0.25;0.38;g5857;0.19;-0.06;0.24;0.1;g5857;0.02;-0.08;0.07;0.22;g5857;0.53;0.26;-0.1;0.08;g5857;0.07;-0.09;0.26;-0.16;g5857;-0.01;-0.17;0.01;-0.1;g5857;-0.17;0.04;-0.08;-0.38;g5857;-0.29;0.2;-0.21;-0.08
g5901;0.19;0.44;-0.57;-0.82;g5901;-0.68;0.68;-0.22;-0.46;g5901;-0.49;0.59;0.23;-0.03;g5901;-0.38;-0.06;0.23;0.58;g5901;0.45;0.57;-0.03;-0.24;g5901;-0.17;0.03;-0.9;-0.44;g5901;0.11;0;-0.03;-0.51;g5901;-0.05;-0.36;0.38;-0.2
g5963;0.17;0.36;-0.58;-0.97;g5963;-0.25;0.62;-0.08;-0.65;g5963;0.03;0.64;0.18;-0.33;g5963;-0.21;0.2;-0.04;0.01;g5963;0.08;-0.29;0;0.3;g5963;-0.08;0.28;-0.08;0.14;g5963;0.35;-0.43;0;-0.08;g5963;-0.19;0.16;0.05;0.01
g6075;0;-0.31;-0.38;-0.57;g6075;-0.32;0.09;-0.08;-0.13;g6075;-0.11;0.41;0.33;0.02;g6075;-0.06;0.24;-0.21;0.57;g6075;0.27;-0.16;-0.57;0;g6075;-0.26;0.32;0;-0.04;g6075;-0.03;-0.46;-0.37;-0.51;g6075;-0.41;0.35;0.15;-0.44
g6096;-0.46;-0.4;1.49;-0.32;g6096;-0.73;-0.76;0.36;-0.09;g6096;-0.31;-1.03;-0.19;0.16;g6096;-0.29;-0.4;-0.02;-0.21;g6096;0.17;-0.26;0.03;-0.08;g6096;0.19;-0.32;-0.11;0.07;g6096;0.14;-0.08;-0.09;-0.69;g6096;0;0.16;-0.19;0.31
g6106;0.1;0.44;-0.24;0.37;g6106;-0.25;0.39;-0.27;-0.21;g6106;-0.15;0.05;-0.01;-0.28;g6106;-0.23;0.01;-0.12;0.02;g6106;0.15;-0.74;-0.03;0.08;g6106;-0.07;-0.11;0.18;0.15;g6106;0.16;0.13;-0.22;0.12;g6106;-0.27;0.18;0.02;0.08
g6128;0.09;-0.87;-0.18;1.02;g6128;-0.27;-0.59;-0.69;0.1;g6128;0.35;0.1;-0.36;-0.1;g6128;0.09;0.41;0.22;-0.44;g6128;0.11;-0.24;0.19;0.24;g6128;-0.5;0.09;-0.49;0.29;g6128;-0.05;-0.38;0.18;0.04;g6128;-0.22;0.15;0.08;-0.08




;c0;c0;c0;c0;c0;c0;c0;c0;;c1;c1;c1;c1;c1;c1;c1;c1;;c2;c2;c2;c2;c2;c2;c2;c2;;c3;c3;c3;c3;c3;c3;c3;c3;;
;t0;t1;t2;t3;t8;t11;t12;t13;;t0;t1;t2;t3;t8;t11;t12;t13;;t0;t1;t2;t3;t8;t11;t12;t13;;t0;t1;t2;t3;t8;t11;t12;t13;;
g6;-0.28;-0.22;-0.06;0.22;-0.32;0.31;-0.09;0.02;g6;-0.2;0.04;-0.27;-0.4;0.55;-0.2;0.29;-0.15;g6;1.15;0.67;0.94;0;-0.79;0.21;0.03;-0.08;g6;0.2;0.4;-0.59;0.29;0.01;0.19;-0.42;0.29
g61;0.11;-0.16;0.09;-0.1;0.05;0.21;0.08;-0.03;g61;0.56;0.41;0.43;0.22;-0.34;-0.64;0.04;0;g61;0.76;0.09;0.09;-0.17;0.04;0.07;0.43;0.02;g61;-0.3;-0.37;-0.18;-0.09;0.46;0.31;0.4;-0.07
g95;-0.14;-0.26;0.16;0.57;-0.1;0.23;-0.14;-0.26;g95;-0.02;0.31;0.03;-0.76;1.01;0;0.95;-0.34;g95;0;0;0;0;0;0;0;0;g95;-0.36;-0.09;-0.36;0.23;-0.03;0.53;-0.48;0.11
g100;-0.07;0.29;0.18;0.16;-0.14;0.19;-0.09;-0.18;g100;0;0.56;0.01;-0.89;0.3;-0.44;0.22;-0.37;g100;0.43;-0.69;-0.24;-0.57;0.45;0.24;0.6;-0.24;g100;-0.27;-0.01;-0.07;-0.16;0.12;0.23;0.32;-0.36
g111;-1.22;0.1;-1.26;0.2;-0.01;-0.05;0.26;0.31;g111;-0.13;-0.31;0.6;0;-0.26;0.27;0.19;0.08;g111;0.08;0.13;0.58;-0.15;-0.35;-0.17;-0.41;0;g111;-0.33;-0.35;0.02;-0.47;0.2;0.29;0.21;0.22
g180;0.09;-0.1;-0.02;-0.02;-0.07;-0.17;-0.08;-0.29;g180;0;0;0;-0.23;0.39;-0.19;0.24;-0.34;g180;-0.18;-0.08;0.35;0;-0.15;0.06;-0.12;0;g180;0.16;0.06;0.15;0.29;-0.13;-0.3;-0.46;-0.23
g193;-0.05;-0.62;-0.23;0.01;-0.09;0.05;-0.02;0.28;g193;0;0;0;0;0;0;0;0;g193;-0.34;0.24;0.17;-0.02;-0.23;-0.11;-0.18;-0.18;g193;-0.54;-0.36;-0.4;-0.11;0.59;0.11;0.48;0.11
g340;-0.2;-0.33;0.09;-0.15;0.06;0.18;0.06;-0.13;g340;0.26;0.49;0.83;-3.01;1.21;0.81;0.74;0.83;g340;0.32;-0.61;-0.09;0.18;0.21;0.12;0.38;0;g340;0.14;-0.36;0.1;-0.02;0.17;0.17;-0.12;0.13
g374;0.32;1.26;-0.44;-0.26;-0.09;0;0.22;0;g374;-0.46;-0.13;-0.36;-0.69;0.67;0;0.52;0;g374;1.04;1.18;0.18;0.52;0.18;-1.28;-0.28;0;g374;0.16;-0.58;0.05;0.08;-0.06;0.41;-1.07;0.12
g422;-0.03;-0.28;-0.38;-0.22;-0.1;0.06;-0.02;0.14;g422;-0.62;-0.39;-0.15;0.01;0.35;0.07;-0.1;-0.01;g422;-0.56;0.03;0.46;-0.13;-0.46;0.4;-0.29;0.47;g422;-1.1;0.06;-0.44;0.14;0.27;0.04;-0.13;0.11
g456;0.81;-0.04;0.28;-0.13;-0.01;0.38;-0.2;-0.2;g456;0.2;0.34;0.2;-0.1;-0.2;0.01;0.05;-0.14;g456;0.1;0.24;-0.31;-0.14;0.21;-0.17;0;-0.85;g456;0.55;-0.17;-0.25;-0.46;0.26;0.35;0.14;0.26
g522;0.08;0.05;-0.19;-0.35;0.26;0.17;0.35;-0.12;g522;0.18;0.37;0.43;0.77;0.09;-0.16;-0.67;-0.59;g522;-0.6;0.11;0.16;0.14;0.12;-0.42;-0.51;0;g522;-0.33;-0.06;-0.12;0.11;0.08;-0.26;-0.24;-0.01
g548;0.06;-0.01;0.11;-0.25;0.06;0.14;0.03;-0.09;g548;0.13;0.37;0.21;0.33;-0.01;-0.58;0.01;0;g548;-0.01;0.25;0.25;0.19;0.12;-0.19;0.17;-0.14;g548;-0.04;-0.35;0;-0.07;0.17;0.17;-0.44;0.33
g592;-0.97;-0.5;0.42;1.27;-0.67;0.85;0.39;0.19;g592;-0.2;1.05;1;-0.28;-0.49;1.39;0.45;0.81;g592;0.06;-0.17;0.96;0.78;-0.22;0.83;0.75;-0.24;g592;-0.6;-0.31;0.41;-0.5;-0.08;-0.37;-0.5;-0.1
g619;0.05;0.08;0;0.05;-0.02;-0.15;0.07;-0.32;g619;0.12;-0.13;-0.04;-0.04;-0.83;0.07;-0.46;0.41;g619;0.17;-0.25;-0.89;-0.37;0;0.16;0.03;0;g619;0.37;-0.39;-0.2;-0.35;-0.23;0.13;0.08;-0.23
g643;0.02;0.02;0.2;0.22;-0.15;0.16;-0.01;-0.31;g643;0.33;0.59;0.54;-0.06;-0.1;-0.26;-0.33;0.11;g643;1.03;0.49;0.39;1.21;-0.22;0.13;0.22;-0.93;g643;0.41;-0.18;0.24;0.1;0.05;-0.12;-0.51;-0.2
g652;-0.31;-0.38;-0.48;-0.12;-0.06;0.01;-0.26;0.05;g652;-0.01;0.05;-0.12;0.09;0.28;-0.12;0.07;-0.11;g652;-0.52;-0.23;-0.2;-0.18;-0.16;-0.21;0.09;0.22;g652;0.52;-0.41;-0.37;0.1;0.11;0.25;0.18;-0.06
g655;0.19;0.26;0.17;-0.01;-0.09;0;-0.33;-0.32;g655;-0.04;-0.17;0.38;0.27;-0.3;0.22;-0.19;0.13;g655;0.39;-0.54;-0.42;-0.05;-0.1;0.16;-0.21;0;g655;0.04;0.41;0.16;-0.09;-0.11;-0.15;-0.05;0
g700;0.19;-0.1;0.04;-0.31;0.26;0.02;0.04;-0.27;g700;0.05;-0.18;-0.02;-0.33;-0.28;-0.21;-0.23;-0.26;g700;0.34;0.36;0.04;-0.04;0.02;0.1;-0.38;-0.19;g700;0.65;0.24;0.06;-0.04;-0.28;0.1;0.01;-0.14
g741;0.17;0.07;0.18;0;-0.04;0.07;0.14;-0.04;g741;-0.58;0;0;0;0;-0.04;0;0;g741;0.13;-0.48;0.13;0.34;0.05;0.4;0.58;-0.95;g741;0.58;-0.08;-0.11;-0.41;0.09;0.31;-0.3;0.29
g872;-0.27;0.71;0.95;0.73;0.02;-0.25;-0.1;-0.63;g872;-0.31;-0.55;-0.66;-0.1;-0.25;-0.03;-0.14;0.22;g872;1.13;0.69;-0.29;-0.48;-0.23;0.12;-0.05;-0.38;g872;1.07;0.19;0.95;0;0.16;0.73;0.75;0.5
g879;-0.29;-0.05;-0.33;-0.22;0.1;0.26;0.16;0.02;g879;0.07;0.2;0.22;0.42;-0.13;0.04;-0.41;-0.1;g879;-0.31;-0.29;-0.08;0.01;-0.2;-0.04;0;0.03;g879;-0.85;0.17;-0.21;0.47;-0.09;-0.29;-0.35;-0.02
g928;-0.99;-0.24;-0.74;-0.44;-0.44;0.87;0.36;0.28;g928;0;0;0;0;0;0;0.38;0;g928;-0.69;-0.96;-1.16;-0.66;0.82;0.71;0.68;0.11;g928;0.17;-0.57;-0.36;0.06;-0.09;0.29;0.61;0.69
g946;-0.86;-0.29;0.42;0.46;-0.31;0.39;0.12;0.14;g946;0;0;0;0;0;0;0;0;g946;0.11;-0.18;0.94;0.73;-0.49;0.47;0.06;0;g946;-0.24;-0.42;-0.36;0.25;-0.15;-0.21;0.01;0.08
g1071;0.31;0.81;0.37;0.37;0.14;-0.25;-0.29;-0.57;g1071;-0.45;-0.72;-0.63;-0.15;0.2;-0.07;0.07;-0.1;g1071;0.82;-0.73;-0.72;-0.25;0.06;0.19;0.29;0;g1071;0.61;0.26;0.01;-0.33;-0.1;0.18;0.15;-0.01
g1078;0.3;-0.33;-0.05;-0.22;0.13;-0.01;0.03;0;g1078;-0.29;0.31;0.13;-0.18;-0.44;0.91;0.01;-0.23;g1078;-0.32;0.14;0.04;-0.16;0.06;-0.19;-0.03;0;g1078;0.05;-0.01;-0.12;0.05;0;0.15;-0.07;0.09
g1090;-0.26;-0.1;-0.03;-0.07;-0.07;0.12;-0.04;0.13;g1090;-0.07;-0.29;0.01;-0.35;0.23;-0.09;0.41;0.15;g1090;-0.62;-0.04;0.2;0.15;0.15;-0.34;-0.04;-0.1;g1090;-0.23;0.41;-0.18;0.28;-0.01;0.71;-0.98;-0.18
g1284;-0.5;0.26;-0.07;0.23;-0.01;-0.12;0.02;-0.36;g1284;-0.33;-0.08;-0.22;-0.26;-0.12;0.15;0.12;0.07;g1284;0.7;0.43;-0.36;-0.42;0.22;-0.09;-0.37;-0.02;g1284;0.38;0.26;0.07;-0.76;-0.07;-0.11;0.05;0.21
g1310;-0.13;-0.79;-0.73;-0.04;0.57;0.08;0.08;0.03;g1310;0.96;1.06;0.4;-0.01;-0.37;0.22;-0.55;0.17;g1310;-0.69;0.38;0.34;-0.13;-0.14;-0.2;-0.24;0;g1310;-1.22;-0.01;0.23;0.16;-0.16;-0.27;-0.45;-0.09
g1386;-0.33;0.2;0.12;0.4;0.04;-0.06;-0.17;-0.27;g1386;0.29;0.02;-0.01;-0.03;-0.63;0.15;0.04;0.1;g1386;-0.1;0.11;-0.17;-0.17;-0.11;0.26;-0.18;0;g1386;0.9;0.38;-0.36;-0.48;-0.08;0.1;0.27;0.44
g1400;0;0.06;0.11;-0.02;0.2;0.11;0.12;0;g1400;0.1;0.1;-0.18;-0.35;0;-0.01;0.1;0.03;g1400;1.04;1.31;0.72;0.75;0.39;-0.49;-0.34;-0.83;g1400;-0.22;-0.24;-0.09;0.04;0.08;-0.05;-1.07;0.33
g1484;0.4;-0.1;0;-0.03;0.11;-0.19;0.14;-0.32;g1484;0.12;0.32;0.29;0.11;-0.85;-0.08;-0.57;0.15;g1484;-0.02;0.1;-0.22;-0.14;-0.09;-0.01;-0.19;0.13;g1484;0.44;-0.02;-0.21;-0.28;0.19;0.25;0.15;0.31
g1497;-0.16;0;-0.01;0.07;0.17;0.11;0.19;-0.11;g1497;-0.71;-0.06;-0.31;-0.17;0.1;0.48;0.26;0.17;g1497;-0.08;-0.02;0.01;0.39;-0.02;0.19;0.29;0.16;g1497;-0.18;-0.08;-0.05;0.23;-0.06;-0.05;-0.16;0.09
g1537;0.33;0.05;0.25;0.46;-0.08;0.14;0.32;-0.3;g1537;-0.14;0.07;0.04;-0.59;0.12;0.46;0.34;0.26;g1537;-0.42;0.07;-0.31;-0.32;0.15;0.33;0.08;0.49;g1537;-0.13;-0.41;-0.13;-0.44;0.06;0.38;0.24;0.33
g1538;0.08;0.39;0.18;-0.02;-0.02;0.2;0.12;-0.04;g1538;-0.15;0.27;-0.48;-0.33;0.83;0.9;0.65;-0.24;g1538;0.31;-0.09;-1.5;-0.9;0.36;0.13;-0.01;0.43;g1538;-0.09;-0.46;-0.13;-0.15;0.14;-0.07;-0.01;0.32
g1547;0.1;0.2;0.25;0.21;0.13;0.04;0.11;-0.12;g1547;0.12;0.01;0.06;-0.31;0.12;0.15;0.24;-0.13;g1547;1.08;0.67;0.2;-0.35;-0.11;0.12;0.45;0.15;g1547;0.66;0.39;0.5;0.03;-0.38;-0.36;-0.38;-0.27
g1575;-0.21;-0.35;-0.11;-0.26;0.2;-0.1;-0.1;0;g1575;0.06;-0.06;0.03;0.11;-0.17;0.04;-0.81;0.07;g1575;-0.31;0.05;0.34;0.32;-0.35;0.03;0.1;-0.03;g1575;-0.19;-0.19;-0.47;0.22;0.16;0.05;0.01;0.06
g1580;0.06;-0.21;-0.36;0.13;-0.11;-0.23;-0.11;0.14;g1580;0.74;0.15;0.28;0.75;-0.42;0.19;-0.64;0.16;g1580;-0.34;-0.18;0.04;0.32;-0.09;-0.35;0.09;0;g1580;-0.48;-0.39;-0.24;-0.14;0.11;-0.13;-0.07;0.12
g1586;-0.36;-0.67;-0.48;0.05;0.05;-0.17;0.18;0.04;g1586;0.42;0.3;0.51;0.8;-0.28;0.21;0.23;0.26;g1586;-0.83;0.24;0.31;0.07;-0.11;0.12;0.14;0;g1586;-1.23;-0.7;-0.51;-0.29;0.44;0.06;-0.28;0.02
g1629;-0.04;-0.23;-0.11;0;0.1;-0.11;0.18;-0.09;g1629;0.25;0;-0.26;0.11;0.03;-0.05;-0.06;-0.16;g1629;-0.1;0.44;-0.03;0.09;-0.25;-0.26;-0.08;-0.07;g1629;0;0.27;0.01;-0.36;-0.17;-0.14;-0.53;0.04
g1630;0.17;-0.63;-0.65;-0.31;0.42;-0.01;-0.01;0.12;g1630;1.17;1.1;0.76;0.49;-0.27;-0.08;-0.59;-0.19;g1630;-0.44;0.21;0.37;0.4;-0.23;-0.62;-0.16;-0.08;g1630;-0.76;-0.34;0.06;0.66;-0.5;-0.74;-0.69;-0.15
g1721;-0.08;-0.25;-0.1;-0.08;0.25;-0.07;0.07;-0.04;g1721;0;-0.51;0;0;0;0;0;0.45;g1721;-0.39;-0.14;0.07;0;-0.15;-0.26;0.17;0;g1721;-0.64;0;0.19;0.06;-0.08;0.15;-0.08;0.15
g1729;-0.23;0.07;0.15;0.22;0.09;0.05;0.09;-0.01;g1729;-0.28;-0.11;-0.22;-0.14;-0.59;-0.16;0.55;-0.12;g1729;-0.66;0.22;0.46;0.34;-0.07;0.08;-0.24;0.46;g1729;0.65;0.03;0.61;-0.06;-0.45;-0.32;-0.49;-0.08
g1823;-0.47;-0.24;1.07;0.73;-0.01;0.71;0.13;-0.04;g1823;0.33;0.71;-0.03;-0.33;0.15;0.88;0.59;0.26;g1823;-0.22;-0.13;0.53;0.2;-0.18;0.11;0;-0.41;g1823;-0.88;-0.53;-0.01;0.06;0.18;-0.17;0.12;0.28
g1858;0.11;-0.07;0.07;-0.09;-0.02;-0.11;-0.03;-0.13;g1858;-0.05;0.05;0.09;0.22;0.38;0.13;0.18;-0.15;g1858;0.57;0.4;0.73;0.77;-0.43;-0.83;-0.24;-0.55;g1858;0.51;-0.17;-0.04;-0.29;0.14;0.19;0.06;-0.03
g1959;0.17;0.25;0.25;0.16;0.04;-0.01;0.11;-0.1;g1959;-0.16;0.23;-0.1;0;0.18;-0.07;0.47;0.64;g1959;0.75;-0.02;0;0.08;0.2;-0.16;0.09;-0.02;g1959;0.42;0;-0.07;-0.29;0.19;0.1;0.28;0.38
g1980;0.03;-0.2;-0.06;-0.08;0.02;-0.03;0.03;-0.11;g1980;0.28;0.13;0.37;0.07;-0.25;0.13;-0.12;0.01;g1980;0.29;-0.17;0.21;1.06;-0.7;-0.47;-1.01;-0.64;g1980;0.25;0.06;-0.25;-0.03;0.15;0.06;0.23;-0.03
g1984;0.45;-0.5;-0.44;-0.14;0.33;-0.07;-0.03;0.02;g1984;1.36;1.24;0.83;0.06;-0.89;-0.23;-0.56;-0.2;g1984;-0.1;0.13;0.54;0.3;-0.17;-0.51;-0.39;-0.35;g1984;-0.29;-0.09;-0.09;0.5;-0.45;-0.55;-0.4;-0.45
g2000;0.18;-0.02;0.27;-0.11;0;-0.02;-0.09;-0.24;g2000;-0.13;-0.22;0.1;0.2;0.1;0.01;0.23;0.2;g2000;0.54;0.3;0.23;0.37;-0.35;-0.04;0;-0.04;g2000;0.74;0.04;-0.08;-0.2;-0.14;0.04;-0.1;0.04
g2016;-0.17;-0.17;0.47;0.12;0.12;0.06;0.12;-0.16;g2016;-0.31;0.25;0.6;-0.2;0.31;0.34;0.28;0.24;g2016;-0.64;-0.02;0.73;0.87;-0.67;0.21;0.21;0.22;g2016;-0.2;-0.25;0.06;0.41;-0.09;-0.64;-0.52;0.01
g2509;0.29;0.05;-0.16;0.02;-0.09;0.27;-0.06;0.04;g2509;0.33;0.13;-0.44;-0.89;0.42;-0.13;0.01;-0.77;g2509;-0.83;-0.25;1.17;-0.25;0.75;0.75;-0.83;0;g2509;0.97;-0.27;-0.06;0.1;-0.13;0.15;-0.06;0.03
g2555;-0.67;-1.16;-0.42;-0.52;0.6;0.37;0.23;-0.15;g2555;-0.34;-0.47;-0.33;-0.63;0.68;-0.02;0.36;-0.51;g2555;0.48;0.14;-0.36;-0.19;0.3;-0.13;-0.01;0.09;g2555;-0.21;1.23;0.37;0.16;-0.23;-0.11;-0.98;-0.49
g2671;-0.01;-0.06;-0.13;-0.08;0.18;-0.05;0.12;0.05;g2671;-0.11;-0.08;-0.03;0.24;0;0.13;0;0.28;g2671;0.36;0.44;0.39;0.24;-0.06;-0.36;-0.06;-0.06;g2671;-0.64;-0.19;0.14;0.03;-0.14;-0.06;-0.28;0.06
g2687;0.1;-0.26;0.32;0.06;0.02;-0.19;-0.14;-0.07;g2687;-0.49;-0.47;-0.57;-0.79;-0.12;0.13;-0.36;-0.24;g2687;0.73;0.23;-0.31;-0.53;-0.05;0.09;0.14;0;g2687;-0.41;-0.21;-0.06;-0.3;0.26;0.21;0.07;0.03
g2750;-0.09;-0.48;0.2;-0.13;-0.17;-0.21;-0.18;0.01;g2750;-0.02;0.12;0.14;0.4;-0.5;0.14;-0.01;-0.11;g2750;0.14;-0.09;-0.64;0.73;0.53;-0.6;0.11;0.42;g2750;0.05;-0.07;0.1;-0.11;0.29;0.16;-0.09;0.01
g2765;-0.32;-0.03;0.09;-0.01;0.28;0.13;0.09;0;g2765;-0.18;-0.04;0.13;-0.19;-0.24;0.13;-0.02;0.24;g2765;0.36;-0.01;0.37;-0.29;-0.11;0.05;0.23;0.21;g2765;-0.12;0.08;-0.07;0.19;-0.17;0.08;-0.02;0.16
g2814;-0.17;-0.52;-0.77;-0.43;0.36;0.02;0.04;0.1;g2814;0.93;1.12;0.73;0.01;0.05;-0.13;-0.18;0.21;g2814;-0.77;0.36;0.05;0.32;0.25;-0.5;-0.36;-0.26;g2814;-0.34;0.37;0.02;0.24;-0.5;-0.69;-0.69;0
g2857;0.16;-0.05;0.44;0.17;0.06;-0.22;0.03;-0.36;g2857;-0.29;-0.37;-0.11;0.12;-0.36;0.3;-0.46;0.03;g2857;0.06;-0.57;-0.54;-0.74;0.14;0.53;0.19;-0.11;g2857;1.19;-0.02;-0.24;-0.32;0.19;0.15;0.15;-0.07
g2905;0.16;-0.72;-0.32;-0.19;0.16;-0.07;0.23;-0.3;g2905;0.76;0.58;0.49;0.34;-0.42;0.27;-0.06;-0.1;g2905;-0.55;0.26;0;0.25;0.26;-0.08;-0.18;-0.06;g2905;0.06;-0.23;-0.04;-0.01;-0.21;-0.15;-0.43;-0.06
g2907;-0.02;-0.13;-0.19;-0.32;0.25;-0.02;0.15;-0.26;g2907;0.17;0.19;0.31;0.37;-0.6;0;0.21;0.02;g2907;0.17;-0.29;-0.38;-0.55;0.06;0.16;0.13;0.15;g2907;0.2;-0.19;-0.14;-0.12;0.26;0.26;0.19;0.17
g2922;0;-0.84;-0.23;-0.42;0.33;-0.17;0.01;0.24;g2922;1.08;0.39;0.62;0.39;-0.7;0.26;-0.63;0.3;g2922;-0.11;0.27;0.31;0.08;-0.05;-0.19;-0.03;0;g2922;-0.39;0;0.02;0.39;-0.16;-0.5;-0.5;-0.3
g3039;-0.13;0.37;0.15;0.15;0.02;0.12;-0.1;0;g3039;0.37;0.48;0.32;0.12;0.03;-0.37;-0.37;-0.09;g3039;0.54;0.75;-0.9;-0.27;0.48;0.26;-0.68;-0.36;g3039;0.91;0.27;0.2;-0.33;-0.37;-0.2;-0.27;0.04
g3053;-0.08;0.25;0;0.08;0.14;0.06;0.03;0;g3053;0.17;0.06;-0.27;0.03;0.58;-0.59;0.88;0.72;g3053;1.56;1.44;0.58;0.75;-0.21;-0.23;-0.72;-0.72;g3053;0.48;-0.05;0.21;-0.17;-0.36;-0.11;-0.24;0.12
g3072;0.19;0.37;0.42;-0.01;0.04;-0.18;-0.07;-0.28;g3072;-0.57;-0.17;0.07;-0.12;-0.17;0;-0.3;-1.79;g3072;0.79;-0.21;-0.36;-0.18;0.07;0.15;0.15;0;g3072;1.61;0.13;0.37;0.05;-0.12;0.13;0.01;-0.05
g3076;-0.2;-0.5;0.06;0.12;-0.02;0.11;-0.02;0;g3076;0.19;0.06;0.04;-0.16;-0.27;0.92;-0.2;0.09;g3076;-0.17;-0.44;-0.41;-0.17;-0.09;-0.02;0.19;0;g3076;0.85;0.07;0.07;0.14;-0.29;-0.18;-0.36;-0.29
g3119;0.01;-0.1;0.06;-0.29;0.21;0.11;-0.05;-0.35;g3119;0.41;0.24;0.08;-0.26;-0.98;0.36;-0.66;0.5;g3119;-0.31;0.13;-0.25;-0.41;0.16;0.02;-0.02;0.27;g3119;-0.52;-0.93;-0.09;0.2;0.21;-0.06;-0.16;-0.12
g3141;-0.05;0;0.15;-0.24;0.2;0;-0.12;-0.3;g3141;0.72;0.64;0.44;0.22;-0.73;-0.01;-0.35;0.01;g3141;0.21;0.4;0.46;0.07;0.43;-0.01;-0.11;0.04;g3141;-0.06;-0.3;-0.14;-0.02;0.03;-0.16;-0.2;0.17
g3151;0.12;-0.29;0.05;0.03;0.2;-0.04;0.16;-0.27;g3151;-0.31;0.02;0.28;0.21;0.04;0.26;-0.15;0.05;g3151;-0.13;-0.43;0.44;0.15;-0.24;0.02;-0.43;0.7;g3151;-0.84;-0.57;0.01;0.09;0.16;0.09;-0.02;-0.11
g3154;0.3;0.05;-0.03;0.08;0.17;-0.15;0.14;-0.32;g3154;0.07;0.12;0.24;0.12;0.15;-0.05;-0.26;-0.08;g3154;0.3;0.48;-0.07;-0.14;0.08;-0.04;-0.13;0;g3154;0.56;-0.11;0.16;0.16;0.1;0.06;0.05;0.03
g3202;-0.89;-0.59;0.01;0.56;-0.4;0.65;0.63;0.26;g3202;-0.74;0.72;1.08;0.01;-0.24;0.35;0.52;0.48;g3202;-1.04;-0.28;1.22;1.05;-0.88;0.81;0.41;-0.05;g3202;-0.51;-0.4;-0.29;-0.12;-0.01;0.14;-0.31;-0.14
g3213;0.16;-0.58;-0.55;-0.63;0.2;-0.11;0.01;0.01;g3213;0.6;0.64;-0.02;0.39;-0.02;0.13;0.05;0.4;g3213;-0.67;0.13;0.22;0.4;0.33;-0.32;-0.08;-0.03;g3213;-0.63;-0.65;-0.53;-0.13;0.26;0.25;-0.33;0.1
g3237;0.25;-0.23;0.05;0.02;0.06;0.06;0.09;-0.3;g3237;0.07;-0.04;0.17;-0.02;0.27;-0.15;0.03;0.14;g3237;-0.24;-0.44;-0.46;-0.41;0.25;0.18;-0.03;-0.05;g3237;0.19;-0.24;-0.22;0.02;0.21;-0.32;-0.07;0.19
g3260;0.14;0.11;0.34;-0.06;-0.03;-0.24;-0.2;0;g3260;-0.29;-0.24;-0.29;-0.04;0.33;0.18;0.29;-0.21;g3260;0.51;0.42;0.33;0.16;0.18;0.08;0.01;-0.06;g3260;0.62;0.29;0.12;-0.24;-0.06;0.12;-0.22;0.05
g3331;-0.74;-0.48;-1.1;-0.83;0.75;-0.12;-0.61;-0.22;g3331;0.99;-1.2;-0.8;0.2;0.48;-0.37;0.12;-0.22;g3331;-1.89;-0.92;-1.05;-1.11;1.19;-0.15;0.33;0.34;g3331;-0.5;-0.77;-0.66;-0.31;0.69;0.48;-0.45;0.18
g3366;-0.14;0.33;0.07;-0.07;0.05;0.19;0;-0.08;g3366;0.18;0.36;0.05;0.02;-0.12;0.3;-0.3;0.18;g3366;-0.04;0;-0.27;-0.16;0.43;0.37;0.28;-0.55;g3366;0.02;-0.03;0.54;-0.08;-0.05;0.2;0.4;0
g3373;-0.01;-0.24;0.16;0.31;0.18;-0.09;0.09;-0.19;g3373;0.18;0.04;0.23;-0.07;-0.14;0.26;-0.24;0.19;g3373;0.36;0.05;-0.18;-0.24;0.27;0.16;0.44;0.02;g3373;-0.4;-0.33;0.05;0.19;0.02;0.1;-0.33;0.09
g3412;0.42;-1.07;-0.69;-0.47;0.35;-0.15;0.45;-0.15;g3412;1.03;1.25;0.89;0.44;-1.21;0.26;-0.99;0.06;g3412;-0.46;-0.27;0.29;-0.07;-0.22;0;-0.31;0.34;g3412;-0.93;-0.13;-0.3;0.53;-0.03;-0.58;-0.67;-0.19
g3431;-0.15;0.43;-0.03;-0.22;0.09;-0.34;-0.22;-0.38;g3431;0.1;0.15;0.07;0.19;-0.37;-0.1;-0.47;-0.01;g3431;-0.2;-0.15;0.03;0.06;0.03;-0.12;-0.15;0;g3431;0.36;-0.11;-0.28;-0.07;0.08;0.12;0.29;-0.05
g3445;-0.33;-0.27;0.24;0.18;-0.39;0.24;0.19;-0.2;g3445;-0.26;0.61;0.69;-0.11;-0.06;0.09;0.42;0.39;g3445;-1.31;-0.3;1;0.38;-0.81;0.69;0.33;0.27;g3445;-0.29;-0.59;-0.29;-0.13;0.06;0.2;0.16;-0.15
g3480;0.16;0.18;0.31;0.21;0.12;-0.14;-0.18;-0.23;g3480;0.28;0.06;0.28;0.55;-0.69;0.12;-0.33;0.37;g3480;-0.46;0.04;0.08;0.1;0.08;-0.07;0.07;-0.04;g3480;-0.12;-0.24;-0.08;0.15;-0.15;-0.15;-0.24;-0.2
g3530;-0.19;-0.05;0.24;0.28;0;-0.26;-0.13;-0.06;g3530;0.09;-0.01;0.43;0.53;0;0;0;0.15;g3530;-0.42;-0.74;-0.51;0.19;0.13;0.19;0.27;0;g3530;0.37;-0.54;-0.42;-0.56;0.35;0.48;0.05;-0.04
g3564;-0.11;-0.07;-0.18;-0.2;0.32;0.12;0.01;-0.35;g3564;0.06;0.15;0.23;0.23;-0.37;-0.02;-0.46;0.16;g3564;-0.55;-0.44;-0.1;-0.25;-0.11;0;-0.22;0.13;g3564;0.14;0.1;-0.53;-0.37;0;0.02;-0.02;0.05
g3605;-0.24;0.03;0.38;0;-0.06;-0.45;-0.41;-0.2;g3605;-0.2;-0.06;-0.02;-0.02;0.16;-0.86;-0.02;-0.08;g3605;0.47;0.27;-0.61;0.26;0.12;0.17;0.44;-0.13;g3605;0.22;0.45;0.13;0.07;-0.13;-0.07;-0.03;-0.33
g3611;-0.33;-0.39;-0.06;-0.07;0.29;-0.09;0.19;-0.02;g3611;-0.47;-0.43;-0.53;0.15;0.25;0.19;0.33;0.05;g3611;-0.18;-0.38;0.05;-0.13;0.13;0.3;0.3;0;g3611;0.21;-0.37;-0.37;0.21;-0.06;-0.02;-0.1;0.13
g3669;-0.17;0.12;-0.46;-0.06;0;-0.21;0;-0.48;g3669;-0.25;0.33;-0.06;0.41;0.3;-0.17;-0.19;0.24;g3669;-0.5;-0.56;-0.87;0.47;-0.43;0.09;-0.37;0;g3669;0.64;0.04;0.4;-0.32;0.02;-0.49;0.19;-0.43
g3694;0.24;0.16;0.22;-0.32;0.12;-0.21;0.14;-0.32;g3694;-0.07;-0.53;-0.57;-0.43;0.24;0.32;0.12;-0.06;g3694;0.11;-0.02;-0.27;-0.3;-0.11;0.27;0.04;0.07;g3694;-0.09;-0.51;-0.6;-0.32;0.32;0.2;0.38;0.23
g3704;0.14;0.14;0.96;-0.09;0.24;-0.11;0.14;-0.12;g3704;-0.78;0.18;-0.38;0.2;-0.16;0.01;-0.78;-0.12;g3704;-0.64;-0.49;0.61;1.47;0.66;-0.95;-0.69;-0.62;g3704;0.28;0.33;-0.53;-0.01;-0.12;-0.17;0.29;0.15
g3730;-0.64;0;-0.1;0.2;-0.02;0.04;0.39;0.25;g3730;-0.34;0.38;-0.14;-0.03;1.06;0;0.05;0.1;g3730;-0.04;-0.22;0.42;0.14;-0.25;0.02;0.03;0;g3730;0.08;0.41;0.33;0.12;-0.13;-0.09;-0.71;0
g3814;0.18;0.2;0.38;-0.35;0.24;-0.04;0.18;-0.11;g3814;-0.27;0.1;-0.09;-0.15;-0.13;-0.19;-0.07;0.18;g3814;0.41;0.9;0.02;-0.08;0.26;0.02;-0.23;0.47;g3814;0.65;0.08;-0.05;-0.1;0.29;-0.47;-0.35;0
g3853;0.21;0;-0.38;0.22;0.11;0.09;0.11;-0.45;g3853;0.74;1.11;0.47;0.09;-0.59;0.11;-0.42;0.14;g3853;-0.2;0.53;0.13;-0.46;-0.01;0.01;-0.19;-0.1;g3853;-0.09;-0.04;0.11;0.63;-0.47;-0.59;-0.32;-0.26
g3876;0.31;-0.41;-0.48;0;0.49;0;0.07;-0.36;g3876;1.39;1.06;0.44;0.22;-0.76;0.17;-0.91;-0.21;g3876;-0.2;0.53;0.3;-0.12;-0.12;-0.38;0;-0.05;g3876;-0.81;-0.3;-0.27;0.52;0.03;0.16;-0.24;0.12
g3922;1.13;0.66;0.54;0.66;-0.45;0.06;-0.02;-0.48;g3922;-0.14;-0.59;0.25;0.38;-0.13;0.42;0.43;0;g3922;0.04;-0.11;-0.09;0.26;0.22;0.08;-0.16;0;g3922;0.93;0.03;-0.22;-0.19;-0.16;0.06;-0.25;-0.03
g3932;0.28;0.27;0.23;-0.21;0.12;-0.07;0.23;-0.29;g3932;0.28;0.04;-0.32;-0.07;0.64;0.26;-0.27;-0.23;g3932;0.08;-0.1;-0.2;-0.13;-0.15;-0.06;0.15;0.22;g3932;0.01;-0.29;0.01;-0.13;0.16;0.01;0.01;0.08
g3962;0.17;0.06;0.22;-0.01;-0.07;-0.26;0.33;-0.22;g3962;-0.29;-0.58;-0.21;0.27;0.16;0.36;0.05;-0.06;g3962;0.32;0.25;-0.14;-0.07;-0.08;-0.03;0.05;0;g3962;0.42;-0.25;-0.16;-0.56;0.28;0.08;-0.02;0.07
g4068;0.43;0.28;0.02;-0.04;0.17;0;0.25;-0.09;g4068;-0.82;-0.17;-0.32;0.27;0.21;-0.05;0.37;0.13;g4068;0.52;0.96;0.33;-0.13;0.04;0.1;0.39;0.06;g4068;-0.12;-0.42;0;0.08;0.15;0.01;0.12;0.11
g4088;1.18;0.92;0.5;-0.17;-2.17;1.4;1.88;1.31;g4088;-2.61;1.04;0.11;-1.94;-1.77;2.16;2.32;1.08;g4088;-0.06;0.91;-0.37;-1.16;-1.41;1.03;0;0.76;g4088;2.49;1.05;0.32;-1.36;-1.19;1.12;1.91;2.25
g4111;0.12;0.39;0.22;0.06;-0.22;-0.22;-0.13;-0.03;g4111;-1.17;-0.12;-0.49;-0.09;0.87;1.19;0.62;0.46;g4111;2.26;1.09;1.48;-0.32;0;0;-0.74;-1.1;g4111;0.38;-0.02;0.19;0.29;0.09;-0.66;-1.02;0.05
g4247;0.22;0.01;0.21;-0.54;-0.11;-0.13;0.12;-0.14;g4247;0.35;0.17;0.76;0.44;-0.19;0.4;-0.01;0.3;g4247;-0.32;-0.22;0.25;-0.23;0.09;0.26;0.06;-0.3;g4247;-0.02;-0.58;-0.2;-0.51;0.19;0.07;0.04;0.12
g4266;-0.74;-0.3;1.41;0.89;-0.24;0.94;0.08;-0.16;g4266;0.37;0.78;-0.17;-0.34;0.32;0.98;-0.09;0.27;g4266;-0.08;0.56;0;0.34;0;-0.44;0.34;-1.25;g4266;-1.04;-0.37;-0.11;0.02;0.09;0.2;-0.22;0.38
g4300;-0.05;0.13;0.03;-0.07;0.25;-0.01;-0.02;-0.41;g4300;-0.37;0.25;-0.29;0.15;0.3;0.56;0.25;0;g4300;-0.44;-0.31;-0.31;0.26;0;0.08;0.14;0;g4300;-0.14;-0.36;-0.22;-0.3;0.42;0.45;0.03;0.2
g4312;0.34;0.16;-0.16;0.09;0.03;-0.03;-0.2;-0.16;g4312;0.03;0.07;-0.06;0.49;-0.41;0.28;-0.49;0.41;g4312;0;0.07;0.08;0.22;-0.36;0.18;-0.2;0.31;g4312;0.62;0.23;-0.82;0.65;-0.16;-0.08;-0.33;0.03
g4322;0.12;-0.04;0.2;0.46;0.01;-0.42;-0.04;-0.29;g4322;-0.04;-0.17;-0.17;0.06;-0.15;0.19;-0.11;-0.04;g4322;-0.38;0.65;0.09;0.08;0.07;0.01;0.05;-0.66;g4322;0.07;0.16;-0.06;0.04;0.02;-0.16;-0.02;-0.38
g4339;0;0;0;0;0;0;0;0;g4339;-0.47;-0.08;-0.1;0.93;-0.11;0.11;-0.2;0.09;g4339;-0.32;-0.42;0.36;-0.09;-0.38;0;-0.28;0.25;g4339;0;0;0;0;0;0;0;0
g4357;-0.49;0.31;0.45;0.04;-0.32;0.01;-0.11;-0.26;g4357;-1.19;-0.39;-0.21;0.35;-0.57;-0.23;-0.16;0.17;g4357;-0.63;-1.1;-1.05;-0.05;0.75;0.09;0.09;0;g4357;-0.03;-0.44;-0.13;0.1;0.18;-0.03;0.05;-0.33
g4362;-0.16;-0.12;0.02;0.13;0.07;0.4;0.14;-0.03;g4362;0.46;0.44;0.28;0.19;-0.34;0.09;-0.16;-0.06;g4362;-0.04;-0.06;0.41;-0.08;0.2;0.1;0.24;-0.04;g4362;-0.67;0.18;0.21;0.14;0.08;-0.09;0.11;0.1
g4373;0.27;0;0.02;-0.09;0.18;-0.15;0.07;-0.36;g4373;-0.06;-0.11;0;-0.02;0.77;-0.54;-0.66;-0.34;g4373;0.38;-0.13;-0.02;-0.21;0.1;-0.2;-0.1;0.16;g4373;0.4;0.09;0.16;0.09;-0.23;-0.14;-0.06;-0.29
g4380;0.08;-0.32;0.05;-0.21;0.02;0.14;-0.14;0.03;g4380;0.13;0.18;0.16;0.43;0.14;-0.04;-0.59;0.02;g4380;0.21;0.16;0.19;-0.03;-0.2;-0.3;-0.63;0.43;g4380;0.43;-0.33;-0.45;0.19;0.25;0.16;0.06;-0.06
g4405;0;0;0;0;0;0;0;0;g4405;0;0.36;-0.18;-0.31;0;0;0.25;0.05;g4405;0;-0.08;0.62;1.23;-0.76;-0.51;-0.17;-0.48;g4405;0;0;0;0;0;0;0;0
g4409;-0.21;-0.12;0.35;-0.26;0.04;-0.15;0.07;-0.12;g4409;0.51;0.03;0.25;0.32;-0.16;0.3;-0.11;0.27;g4409;-0.61;-0.24;-0.53;-0.2;0.07;0;-0.2;-0.35;g4409;-0.68;-0.66;-0.58;-0.37;0.34;0.05;0.18;-0.25
g4593;-1.56;-0.93;1.29;0;-1.11;1.14;0.99;0.3;g4593;-1.34;1.21;0.83;0.17;-1.19;0.99;0.93;0.86;g4593;0;0.21;0.57;0.53;-1.49;0.62;0;0.25;g4593;-0.51;-2.07;-0.96;-0.29;0.59;0.27;-0.03;0.3
g4613;-0.07;-0.38;0.07;0.02;0;-0.12;0.18;-0.27;g4613;0;0;0;-0.37;-0.17;1.44;-0.38;0;g4613;-0.44;-0.22;-0.47;-0.5;0.24;0.28;0.24;0;g4613;0.06;-0.03;0.11;0.02;-0.01;0.14;0.02;-0.17
g4645;-0.01;0.14;-0.25;0.25;-0.04;-0.15;-0.19;-0.23;g4645;-0.14;-0.12;0.12;-0.1;0;0.12;0;-0.06;g4645;-0.43;0.01;-0.3;-0.43;-0.02;0.27;-0.23;0.14;g4645;1.38;-0.05;0.2;-0.06;-0.32;-0.23;0.16;-0.5
g4697;0.46;0;0;0.05;-0.01;0.27;0.21;-0.28;g4697;0.23;0.51;0.18;-0.07;0.39;-0.12;-0.02;-0.55;g4697;-0.26;0.28;0.14;0.01;-0.07;0.03;0;0;g4697;-0.97;-0.36;-0.38;0.46;0.06;0.08;-0.06;0.15
g4704;0;0.69;1.08;0.73;0.05;-0.53;-0.22;-0.58;g4704;-0.01;-0.65;-0.42;-0.17;-0.1;0.38;0.21;0.42;g4704;0.29;-0.21;-0.74;-0.38;0.19;0.33;0.38;0.08;g4704;0.38;0.05;0.14;0.05;0.01;0.58;0.21;0.25
g4705;1.74;0.45;0.26;0.01;0.01;-0.07;-0.15;0;g4705;0.14;0.36;1.36;0.48;-0.29;0.09;-0.15;0.63;g4705;0.98;-0.05;-0.46;0.68;-0.06;-0.52;-0.49;-0.43;g4705;2.5;0.04;0.09;0.02;-0.56;-0.21;-0.58;-0.41
g4723;-0.11;0.16;-0.02;0.05;0.1;0.01;-0.25;-0.23;g4723;-1.21;0.49;0.06;0;0.41;0;0.41;0;g4723;0.86;-0.08;-0.49;0.24;0.37;-0.61;0.35;0.06;g4723;0.14;0.58;-0.11;0.2;0.25;0.07;0.28;0.28
g4820;0.57;0.15;0.01;-0.01;-0.1;-0.1;-0.06;-0.03;g4820;0.14;0.25;0.16;-0.12;-0.42;-0.11;0.04;-0.52;g4820;0;0.02;-0.07;-0.05;-0.01;0.46;0.1;-0.01;g4820;0.13;0.24;-0.16;0.01;-0.23;0.08;-0.12;0.04
g4821;-0.07;-0.17;0;0.08;0.15;-0.3;0.11;-0.28;g4821;0.02;0.08;0.21;0.36;-0.41;0.38;-0.53;0.3;g4821;0.09;0.41;0.08;-0.19;-0.06;0.54;0.08;0.08;g4821;-0.01;-0.16;0.02;-0.08;0.02;-0.05;0.15;-0.1
g4850;0.05;-0.14;0.35;0.15;-0.09;0.02;0.13;-0.23;g4850;-0.13;-0.43;-0.43;-0.41;-0.43;0.41;-0.16;0.53;g4850;-0.15;-0.14;-0.38;-0.46;0.03;0.59;0.25;0;g4850;-0.06;-0.5;-0.46;0.17;0.16;0.26;-0.2;-0.09
g5084;0.45;0.26;-0.05;0.06;-0.07;0.04;0.23;-0.07;g5084;-0.75;-0.41;-0.17;-0.17;0.05;0.4;0.1;-0.06;g5084;-0.07;-0.07;-0.07;-0.18;0;-0.62;0.39;0.51;g5084;0.27;-0.36;0.26;-0.34;0.08;0.06;0.11;0.19
g5122;-0.2;-0.2;0.06;-0.24;0.09;-0.25;-0.37;-0.08;g5122;-0.78;-0.7;-0.47;-0.27;0.41;0.8;-0.1;-0.25;g5122;0.91;0.48;-0.64;-0.09;-0.03;0.08;-0.15;0.13;g5122;1.1;0.08;0.05;0.15;-0.3;-0.23;-0.33;-0.05
g5128;0.13;0.18;0.1;0.15;-0.03;0.04;0.23;0.15;g5128;0.96;0.58;0.03;-0.28;-0.17;0.12;0.11;-0.01;g5128;0.21;0.49;0.56;0.6;-0.48;0.05;-0.46;0;g5128;-0.11;-0.01;-0.13;-0.1;0.05;0.06;0.03;0.13
g5187;-0.48;0.63;0.91;0.56;-0.32;-0.4;-0.12;-0.16;g5187;-1.31;-1.08;-0.37;0.75;-0.83;0.09;-0.46;0.44;g5187;-0.75;-0.18;0.11;0.05;-0.18;-0.15;0.38;0;g5187;-0.91;-0.51;-0.17;0.08;0.04;0.26;0;0.58
g5239;0.01;-0.58;0.31;-0.16;0.05;-0.3;-0.11;-0.32;g5239;-0.46;-0.38;0.08;0.21;-0.44;0.11;-0.25;0.32;g5239;-0.14;-0.47;-0.2;0.12;-0.1;0.1;0.09;0.2;g5239;0.59;-0.11;-0.06;-0.25;0.09;0.2;0.13;-0.04
g5246;0.15;0.45;0.14;0;0.21;0;-0.2;0.05;g5246;-0.31;-0.52;-0.56;-0.52;0.54;0;0.51;0.33;g5246;0.06;0.96;-0.2;-0.13;0.02;-0.6;-0.56;0.47;g5246;0.03;0.27;-0.28;0.41;0.06;-0.02;-0.22;0.14
g5316;-0.04;-0.65;-0.41;-0.55;0.28;-0.18;0.06;-0.11;g5316;0.9;1.04;0.18;-0.17;-0.2;0.26;-0.55;-0.09;g5316;-0.76;-0.07;-0.22;-0.01;0.1;-0.2;0.04;0.29;g5316;-0.67;-0.34;-0.27;-0.16;-0.06;0.27;-0.08;-0.03
g5349;0.21;0.24;-0.4;-0.12;-0.05;0.23;0.12;-0.03;g5349;-0.41;0.23;-0.51;0;0.03;0;0.09;0;g5349;0.72;-0.11;-0.27;-0.1;-0.36;0.49;-0.14;-0.17;g5349;0.64;0.15;0.03;-0.09;-0.08;-0.02;-0.27;0.21
g5353;-0.72;0.43;0.11;0.48;1.1;-0.26;-0.11;-0.53;g5353;0;-0.57;-0.75;0.33;-0.02;-0.85;-0.85;-0.14;g5353;-0.09;0.06;-1.06;-0.17;0.73;-1.25;-0.09;-0.1;g5353;0.42;0;-0.02;0.42;-0.02;-0.48;-0.51;-0.26
g5376;0.12;-0.04;-0.1;0.15;-0.1;0.02;0.09;-0.03;g5376;-0.38;-0.1;0.13;0.28;-0.22;0.45;0.22;0.18;g5376;-0.44;-0.21;-0.02;0.21;-0.32;0.06;0.09;0.15;g5376;-0.34;-0.36;-0.25;-0.08;0.38;0.21;-0.17;0.07
g5460;-0.14;-0.46;-0.15;-0.21;0.02;-0.15;-0.07;-0.12;g5460;-0.25;-0.15;0.12;0.33;-0.06;-0.03;-0.35;0.13;g5460;-0.55;-0.11;-0.3;-0.25;0.03;-0.19;-0.03;0.17;g5460;-0.14;-0.41;-0.22;-0.03;0.29;0.23;0.17;-0.05
g5473;-0.11;0;-0.27;-0.08;-0.04;0.24;-0.02;-0.13;g5473;0.12;-0.01;-0.55;-0.67;0.71;0.19;0.4;-0.24;g5473;0.47;-0.15;-0.2;0.28;-0.08;-0.27;-0.06;0.02;g5473;1.06;0.11;0.47;-0.43;-0.17;0.02;-0.31;-0.23
g5489;-0.21;0.11;-0.1;0.3;-0.06;0.27;0.08;-0.29;g5489;0.21;0.4;0.26;-0.21;-0.7;1;-0.19;0.17;g5489;-0.56;0.08;0.09;-0.27;0.01;0.23;-0.07;0;g5489;0.61;0.1;-0.21;-0.2;-0.08;-0.08;-0.05;-0.04
g5577;0.15;0.01;0.11;-0.07;-0.09;-0.09;0.07;-0.3;g5577;0.17;-0.05;-0.34;-0.11;-0.38;-0.26;-0.03;-0.08;g5577;-0.43;0.14;-0.52;-0.46;0.62;-0.86;0.22;0.37;g5577;0.09;-0.1;0.13;-0.16;0.11;-0.14;-0.18;-0.2
g5627;0.06;-0.22;0.11;-0.12;0.06;-0.24;0.06;-0.28;g5627;-0.42;-0.52;0.3;0.67;-0.82;-0.21;-0.66;0.26;g5627;-0.43;-0.54;0.05;0.01;0.18;-0.54;0;0;g5627;0.06;-0.21;-0.24;-0.15;0.43;0.39;0.35;0.07
g5628;0.11;-0.21;0.13;-0.08;0.13;-0.04;0.05;-0.25;g5628;0.06;-0.09;0.64;0.97;-0.83;0.19;-0.5;0.5;g5628;-0.2;-0.53;0.21;-0.03;-0.13;0.02;0;0.07;g5628;0.15;-0.18;-0.49;-0.32;0.31;0.03;0.35;0.13
g5685;0.08;-0.03;0.05;-0.05;0.14;-0.15;0.04;-0.23;g5685;0.27;-0.5;-0.89;-0.65;0;0.19;0;0.09;g5685;0.43;0.85;0.09;-0.19;-0.35;-0.01;-0.45;-0.33;g5685;-0.07;-0.36;-0.02;0;-0.02;0.02;0.07;0.12
g5725;0.25;0.11;0.36;0.29;-0.04;-0.28;-0.23;-0.3;g5725;0.3;0.13;0.06;-0.05;0.06;0.35;-0.47;-0.1;g5725;0;0.06;0.28;0.31;-0.02;-0.69;0.28;0.6;g5725;0.79;-0.34;0.02;0.11;0.06;-0.21;-0.09;-0.19
g5766;0;0;-0.03;-0.1;-0.02;-0.1;0.07;-0.33;g5766;0.32;-0.03;-0.12;-0.1;0.22;-0.05;0.24;-0.23;g5766;0.83;0.21;-0.39;-0.1;0.21;-0.76;0.13;0.15;g5766;0.46;-0.16;-0.07;0.68;-0.37;-0.33;-0.35;-0.01
g5825;0.03;0.67;0.4;0.57;-0.06;-0.66;-0.13;-0.3;g5825;0;-0.89;-0.81;-0.06;0.66;-0.18;0.08;-0.38;g5825;-0.01;-0.68;-0.71;-0.41;0.05;0.36;0.19;0.3;g5825;-0.71;0.15;0.27;0.23;0.04;0.01;0.39;0.16
g5848;-1.16;-1.38;-1.65;0;0.23;1.65;0.92;0.3;g5848;0.96;1.73;-0.97;-0.94;0.47;-0.09;-0.19;0.46;g5848;0.21;-0.34;-0.78;-0.49;0.66;0.06;0.07;-0.36;g5848;-0.96;-0.79;1.02;-1.03;-0.39;1.14;1.21;0.76
g5857;0.06;0.19;0.02;0.53;0.07;-0.01;-0.17;-0.29;g5857;0.05;-0.06;-0.08;0.26;-0.09;-0.17;0.04;0.2;g5857;0.25;0.24;0.07;-0.1;0.26;0.01;-0.08;-0.21;g5857;0.38;0.1;0.22;0.08;-0.16;-0.1;-0.38;-0.08
g5901;0.19;-0.68;-0.49;-0.38;0.45;-0.17;0.11;-0.05;g5901;0.44;0.68;0.59;-0.06;0.57;0.03;0;-0.36;g5901;-0.57;-0.22;0.23;0.23;-0.03;-0.9;-0.03;0.38;g5901;-0.82;-0.46;-0.03;0.58;-0.24;-0.44;-0.51;-0.2
g5963;0.17;-0.25;0.03;-0.21;0.08;-0.08;0.35;-0.19;g5963;0.36;0.62;0.64;0.2;-0.29;0.28;-0.43;0.16;g5963;-0.58;-0.08;0.18;-0.04;0;-0.08;0;0.05;g5963;-0.97;-0.65;-0.33;0.01;0.3;0.14;-0.08;0.01
g6075;0;-0.32;-0.11;-0.06;0.27;-0.26;-0.03;-0.41;g6075;-0.31;0.09;0.41;0.24;-0.16;0.32;-0.46;0.35;g6075;-0.38;-0.08;0.33;-0.21;-0.57;0;-0.37;0.15;g6075;-0.57;-0.13;0.02;0.57;0;-0.04;-0.51;-0.44
g6096;-0.46;-0.73;-0.31;-0.29;0.17;0.19;0.14;0;g6096;-0.4;-0.76;-1.03;-0.4;-0.26;-0.32;-0.08;0.16;g6096;1.49;0.36;-0.19;-0.02;0.03;-0.11;-0.09;-0.19;g6096;-0.32;-0.09;0.16;-0.21;-0.08;0.07;-0.69;0.31
g6106;0.1;-0.25;-0.15;-0.23;0.15;-0.07;0.16;-0.27;g6106;0.44;0.39;0.05;0.01;-0.74;-0.11;0.13;0.18;g6106;-0.24;-0.27;-0.01;-0.12;-0.03;0.18;-0.22;0.02;g6106;0.37;-0.21;-0.28;0.02;0.08;0.15;0.12;0.08
g6128;0.09;-0.27;0.35;0.09;0.11;-0.5;-0.05;-0.22;g6128;-0.87;-0.59;0.1;0.41;-0.24;0.09;-0.38;0.15;g6128;-0.18;-0.69;-0.36;0.22;0.19;-0.49;0.18;0.08;g6128;1.02;0.1;-0.1;-0.44;0.24;0.29;0.04;-0.08
