;t6;t6;t6;t6;;t7;t7;t7;t7;;t8;t8;t8;t8;;t9;t9;t9;t9;;t10;t10;t10;t10;;t11;t11;t11;t11;;t13;t13;t13;t13;;
;c0;c1;c2;c3;;c0;c1;c2;c3;;c0;c1;c2;c3;;c0;c1;c2;c3;;c0;c1;c2;c3;;c0;c1;c2;c3;;c0;c1;c2;c3;;
g19;0.08;0.16;0.35;0.37;g19;0.13;-0.12;0;-0.1;g19;-0.17;0.25;0;0.15;g19;-0.12;-0.05;0.18;0.29;g19;-0.06;-0.14;0.1;-0.39;g19;0.17;-0.42;0.22;0.04;g19;0.02;-0.03;0;-0.2
g20;0.04;0.49;0.57;-0.42;g20;0.04;0.32;0.64;-0.01;g20;0.37;1.15;0.54;0.53;g20;0.24;0.2;0.66;0.58;g20;0.13;0.31;0.28;1.49;g20;0.22;-0.28;-0.01;0.72;g20;-0.24;-0.48;0.11;0.29
g40;0.05;-0.08;0.34;-0.27;g40;0.25;0.34;0.28;-0.01;g40;-0.11;0.05;0.02;-0.03;g40;-0.01;0.22;0.55;0.05;g40;-0.06;-0.28;-0.09;-0.21;g40;0.15;0.09;-0.13;0.01;g40;-0.11;-0.12;0;0.01
g142;0.45;1.08;0;0.19;g142;0.04;0.27;-0.09;0.26;g142;0.07;1.03;-0.23;0.18;g142;-0.07;0.15;1.15;0.23;g142;-0.08;-0.58;0.23;-0.08;g142;-0.28;0.11;0.13;0.45;g142;-0.08;-0.25;0;0.04
g178;0.04;0.32;0.87;-0.7;g178;0.01;0.36;0.87;0.11;g178;0.07;-0.04;0.39;0.08;g178;-0.37;0.39;-1.54;0.05;g178;-0.23;-0.1;0;-0.09;g178;-0.35;0.12;-0.95;0.07;g178;-0.3;0.17;0.31;-0.01
g190;-0.07;0.12;-0.21;-0.57;g190;0;-0.35;-0.06;-0.26;g190;-0.05;-0.35;0.11;-0.06;g190;0.14;-0.08;0.8;-0.68;g190;-0.43;-0.41;0.66;-0.32;g190;-0.04;-0.08;0.88;0.14;g190;-0.22;-0.65;0.65;0.06
g277;0.33;0;0.54;-0.01;g277;0.26;0;0.39;0.16;g277;-0.05;0;0.16;0.54;g277;-0.03;0;-0.35;0.27;g277;-0.43;0;-0.15;-0.13;g277;-0.08;0;0.08;0.59;g277;0.25;0;0.22;0.2
g283;-0.07;0.04;0.28;0;g283;0.38;0.29;0.36;-0.32;g283;0.06;0.09;0.12;0.21;g283;-0.07;0.18;0.29;0.18;g283;0.14;0.12;-0.23;-0.1;g283;0.28;0.08;-0.14;0.13;g283;0.18;-0.16;0;-0.1
g292;0.02;0.02;0.64;-0.1;g292;-0.1;-0.15;0.72;-0.04;g292;0.05;0.12;0.59;-0.01;g292;0.02;-0.11;-0.9;-0.19;g292;-0.21;0.02;-0.24;0.12;g292;0.14;0;0.1;-0.21;g292;-0.08;-0.42;-0.3;0.03
g299;-0.64;-1.5;-0.75;0.06;g299;-0.64;-1.53;-1.33;0.03;g299;-1.21;0.29;-0.64;0.08;g299;0.24;1.69;1.17;0.08;g299;1.27;2.08;1.1;-0.03;g299;1.13;1.33;0.52;0.52;g299;-0.06;0.32;0;0.4
g347;0.06;0;-0.72;-0.66;g347;0.17;-0.07;0.28;-0.45;g347;0;0;-0.48;-0.03;g347;-0.29;0.1;-0.18;-0.66;g347;0.01;0;0.14;-1.82;g347;0;0.12;-0.27;-0.04;g347;0.01;-0.16;0.07;1.08
g374;-0.11;0.36;-0.11;0.72;g374;0;-0.17;0.04;0.03;g374;-0.09;0.67;0.18;-0.06;g374;0;-0.61;-1.7;-0.15;g374;-0.47;0.58;-0.28;0.15;g374;0;0;-1.28;0.41;g374;0;0;0;0.12
g380;-0.06;0;0.37;-0.01;g380;-0.15;0.01;0.13;-0.07;g380;-0.13;0;0.04;0.2;g380;-0.17;-0.28;-0.3;-0.01;g380;-0.15;0;-0.15;-0.08;g380;-0.12;0.53;-0.28;0.07;g380;-0.33;0.39;0.02;-0.14
g495;-0.38;0.2;0;0.14;g495;0.24;-0.04;0.23;0.15;g495;0.13;-0.04;0.2;0.03;g495;-0.13;0.09;0.01;0.13;g495;-0.1;0.06;0.24;0.13;g495;0.03;0.03;0.26;-0.03;g495;-0.1;0.02;-0.15;-0.02
g538;0.06;0.61;0.12;0.17;g538;0.01;-0.5;-0.1;-0.06;g538;0.03;0.63;-0.17;-0.06;g538;0.21;-0.35;-0.06;0.05;g538;0.18;-0.01;-0.03;0.15;g538;-0.15;-0.15;0.05;0;g538;-0.19;-0.32;0.04;0.13
g540;-0.27;0.62;0.05;0.39;g540;0.28;-0.37;-0.16;0.04;g540;-0.03;0.58;-0.38;-0.07;g540;0.23;-0.37;0.56;0.08;g540;0.06;0.18;0;0.23;g540;-0.08;-0.29;0;-0.24;g540;-0.08;-0.84;0.22;-0.21
g554;-0.1;-0.71;-0.5;0.26;g554;-0.46;-1.41;-1.03;0.41;g554;-0.67;-0.17;-0.62;-0.02;g554;0.06;1.14;1.32;-0.05;g554;0.26;0.71;1.55;0.04;g554;0.56;1.16;1.3;-0.34;g554;-0.13;0.38;-0.3;0.07
g591;-0.3;0.07;0.37;0.33;g591;-0.01;0.23;0.18;0.31;g591;0.41;-0.27;-0.04;-0.4;g591;-0.04;0.4;-0.04;-0.03;g591;0.61;-0.22;-0.08;0.13;g591;0.14;0.07;0.17;-0.67;g591;0.15;-0.01;0.05;-0.17
g641;0.16;-0.04;0.15;-0.17;g641;0.01;0.44;0.08;0.12;g641;0.04;-0.3;0.39;0.33;g641;0.14;0.22;-0.36;0.33;g641;-0.39;-0.16;0.03;0.27;g641;-0.02;-0.07;0.17;0.15;g641;-0.39;0.1;-0.12;0.26
g645;0;-0.03;-0.12;-0.29;g645;-0.01;0.18;0.25;0.13;g645;-0.08;-0.3;0.15;-0.1;g645;0.29;-0.03;0.55;0.03;g645;-0.1;0.08;0.29;-0.07;g645;0.06;0.09;0.36;-0.24;g645;-0.41;0.12;-0.21;-0.13
g654;0.32;0.11;0.51;-0.04;g654;0.29;0.05;0.2;-0.34;g654;0.04;-0.24;0.19;-0.17;g654;-0.09;0.2;-0.42;0.13;g654;-0.22;-0.48;-0.26;-0.02;g654;-0.14;0.03;0.11;-0.34;g654;-0.03;0.03;0.03;-0.19
g680;0.11;-0.41;-0.23;-0.39;g680;0.17;-0.1;-0.33;0.05;g680;0.15;-0.08;-0.01;-0.09;g680;-0.41;-0.2;0.28;-0.1;g680;-0.33;0.08;0.36;-0.52;g680;-0.34;-0.03;0.41;0.1;g680;-0.57;0.26;0.42;0.47
g682;-0.32;0.15;0.37;0.19;g682;0.24;0.19;0.21;0.14;g682;0.45;0.27;0.19;-0.3;g682;-0.03;-0.05;-0.06;0.14;g682;0.12;0.05;-0.01;0.01;g682;0.1;-0.13;0.06;-0.17;g682;-0.16;0;0.13;0.05
g684;-0.66;-0.38;-0.35;0.67;g684;-0.44;-0.61;-0.12;0.66;g684;-0.4;-0.31;-0.48;0.06;g684;-0.57;0.03;0.08;0.32;g684;0.21;0.87;0.5;0.15;g684;0.81;0.61;0.55;0.14;g684;0.41;0.54;-0.07;0.08
g794;0.34;-0.15;-0.25;-0.39;g794;-0.33;0.23;0.06;0.2;g794;0.22;0.16;0.15;0.28;g794;0.34;0.14;0.65;0.45;g794;0.1;0.15;0.41;0.07;g794;-0.01;0.11;0.39;0.46;g794;-0.42;-0.28;0.22;0.36
g823;-0.45;0;-0.12;0.39;g823;-0.03;0;-0.09;0.22;g823;0.47;0;-0.49;-0.15;g823;-0.11;0;-1.75;0.08;g823;0.43;0;0.61;0.1;g823;-0.1;0;0.17;-0.23;g823;-0.09;0;0.28;-0.31
g926;0.11;0.33;0.03;0.09;g926;0.76;0.09;0.21;-0.05;g926;0.02;-0.41;0.2;-0.38;g926;-0.04;-0.17;-0.13;-0.35;g926;-0.4;-0.33;-0.25;0.24;g926;-0.15;0.45;-0.74;-0.4;g926;-0.06;0.2;0.15;-0.33
g931;0.02;0;-0.05;-0.21;g931;-0.32;0.17;-0.17;0.03;g931;0.17;0;-0.34;0.08;g931;0.09;0;0.79;0.35;g931;0.37;0;0.1;-0.06;g931;0.32;0;0;-0.06;g931;0.3;0;0.3;-0.05
g963;0.1;-0.08;-0.49;-0.51;g963;0;0.3;0.09;-0.32;g963;-0.16;0.31;0.4;-0.18;g963;-0.06;0.11;0;-0.23;g963;-0.22;0.53;0;-0.23;g963;0.14;-1.08;-1.98;0.13;g963;0.02;0.04;-1.13;0.25
g1075;-0.03;0;-0.46;0.15;g1075;0.05;0;-0.07;-0.49;g1075;0.06;0;-0.11;0;g1075;-0.01;0;-0.31;-0.23;g1075;0.02;0;-0.06;0.05;g1075;-0.04;0;0.12;0.01;g1075;-0.64;-0.59;-0.15;0.12
g1100;0.14;0.32;-0.47;-0.29;g1100;-0.07;0.24;0;-0.24;g1100;0.13;0.15;0.3;-0.02;g1100;-0.1;0.16;0.31;-0.06;g1100;0.3;0.04;0.21;0;g1100;0.14;0.12;0.15;0.22;g1100;-0.27;-0.24;0;0
g1161;-0.48;0.52;-0.47;-0.05;g1161;-0.25;-0.01;0.1;0.17;g1161;0.4;-0.15;0.17;-0.07;g1161;0.31;0.07;0.37;0.05;g1161;0.75;-0.37;-0.02;-0.04;g1161;-0.14;-0.17;0.3;0.05;g1161;-0.14;0.02;0;0.05
g1292;0.44;0.11;-0.61;-0.46;g1292;-0.2;0.13;-0.07;0.08;g1292;0.06;-0.14;0.12;0.45;g1292;-0.07;0.03;0.23;0.32;g1292;-0.17;0.01;0.12;-0.06;g1292;-0.12;0.36;0.23;0.46;g1292;0.07;0.42;0.07;0.48
g1293;0.16;0.32;-0.55;0.13;g1293;-0.04;0.03;0.01;0.1;g1293;0.15;0.6;0.49;-0.15;g1293;-0.11;-0.16;-0.2;-0.32;g1293;-0.15;-0.24;-0.2;0.06;g1293;0.02;0.06;-0.01;-0.2;g1293;-0.51;0.05;-0.11;-0.18
g1294;0.05;0.48;-0.41;-0.2;g1294;0.02;-0.51;-0.15;0.14;g1294;-0.12;0.43;0;0.1;g1294;0.24;0.1;0.24;-0.19;g1294;-0.18;0.48;0.4;0.07;g1294;0.16;0.43;0.31;0.05;g1294;-0.07;0.29;0.31;0.14
g1295;0.33;-0.23;0.07;0.6;g1295;-0.16;-0.46;0;0.46;g1295;-0.11;-0.32;-0.11;0.31;g1295;-0.51;0.35;-0.59;0.22;g1295;0.38;0.36;0.35;0.43;g1295;0.24;0.82;0.26;0.27;g1295;0.05;0.4;0.08;0.05
g1296;0.28;0.34;-0.08;-0.74;g1296;0.16;0.21;-0.33;0.21;g1296;0.01;-0.23;0.12;0.01;g1296;-0.06;0.46;0.12;0.21;g1296;-0.13;0.34;0.08;0.13;g1296;-0.2;0.38;0.08;0.36;g1296;-0.23;0.18;0;0.03
g1297;0.27;0.15;0.16;0.27;g1297;0;0.2;-0.04;-0.04;g1297;0.26;-0.07;0.09;-0.02;g1297;-0.03;0.2;-0.47;-0.04;g1297;0.45;0;-0.18;-0.12;g1297;-0.03;0.45;-0.19;-0.52;g1297;-0.11;0.52;0.09;-0.1
g1298;0.43;0;-0.03;-0.28;g1298;-0.11;0;-0.27;-0.02;g1298;0.29;0;0;0.26;g1298;0.19;0;0.15;0.35;g1298;0.15;0;-0.24;0.12;g1298;0;0;-0.34;0.26;g1298;-0.25;0;0;0.51
g1299;0.17;0.38;-0.05;-0.16;g1299;-0.18;-0.14;-0.14;-0.06;g1299;-0.04;0.25;0.29;0.08;g1299;-0.15;0.04;0.34;0.13;g1299;0.61;-0.35;0.07;-0.06;g1299;-0.17;1.01;-0.04;0.35;g1299;-0.23;-0.15;0.53;0.21
g1300;0.47;0.29;0.46;-0.01;g1300;0.71;0.06;-0.53;0.32;g1300;-0.06;-0.36;-0.18;0.05;g1300;-0.33;-0.04;-0.53;-0.03;g1300;-0.44;0.1;-0.51;0.45;g1300;-0.26;0.17;-0.18;0;g1300;-0.24;0.22;0.49;-0.05
g1301;0.22;0.89;0.23;-0.02;g1301;-0.07;-0.43;-0.14;0.14;g1301;0;-0.17;-0.01;0.14;g1301;-0.21;-0.09;0.03;0.08;g1301;0.52;-0.41;-0.08;0.06;g1301;-0.13;1.34;0.08;0.1;g1301;-0.06;0.19;0.41;0.02
g1302;0.42;-0.19;-0.17;-0.48;g1302;-0.24;0.16;-0.27;0.15;g1302;0.1;-0.4;-0.28;0.35;g1302;-0.12;0.24;0.63;0.17;g1302;-0.17;-0.07;0.41;0.07;g1302;-0.17;0.38;0;0.42;g1302;-0.44;0.34;0.12;0.46
g1303;0.18;0.13;0;-0.06;g1303;0.14;0.03;-0.14;0;g1303;0.02;-0.09;0.57;-0.02;g1303;-0.35;0.05;-0.68;-0.25;g1303;-0.02;-0.41;-0.11;0.18;g1303;-0.45;0.82;-0.12;0.11;g1303;-0.17;0.09;-0.33;0.04
g1304;-0.05;0.63;-0.25;-0.14;g1304;-0.05;0.12;0.14;0.06;g1304;0.26;0.03;0.24;-0.12;g1304;0.37;0;-0.02;-0.09;g1304;0.4;0.09;0.16;-0.33;g1304;-0.16;-0.08;0.17;0.23;g1304;-0.07;0.09;0.29;0.22
g1305;-0.35;-0.31;-0.28;0.18;g1305;-0.56;-0.45;-0.31;0.31;g1305;0.08;0;0.22;-0.03;g1305;-0.13;0.2;-0.31;-0.03;g1305;1.13;0.39;0.36;0.03;g1305;0.01;0.95;0.64;0.03;g1305;-0.21;0.27;0.09;0
g1306;-0.35;0.87;-0.16;0.11;g1306;-0.17;0.12;0.18;0.07;g1306;0.36;-0.14;0.32;0.08;g1306;-0.02;0.07;0.01;0.14;g1306;0.18;0.21;0.07;-0.2;g1306;-0.26;0.25;0.02;0.09;g1306;0.03;0.14;0;0.11
g1307;-1.02;-1.03;-0.54;0.63;g1307;-0.98;-0.54;-0.65;0.43;g1307;-0.4;0;-0.32;-0.25;g1307;-0.23;0.23;0.45;0.6;g1307;1.59;0;1.13;0.1;g1307;0.67;1.25;0.64;-0.25;g1307;-0.23;0.2;0.36;0.2
g2042;0.04;0.28;0.28;-0.22;g2042;0.3;-0.11;0.05;0.06;g2042;0.25;0.31;-0.3;-0.17;g2042;-0.28;-0.29;-0.09;-0.36;g2042;-0.04;-0.18;-0.6;0.06;g2042;-0.21;-0.56;-0.61;-0.23;g2042;-0.42;0.12;0;0.1
g2068;0.22;-0.01;0.4;0.11;g2068;0.28;-0.01;0.32;0.03;g2068;0.05;0.09;-0.13;-0.28;g2068;0.22;0.09;-0.25;0.13;g2068;-0.11;0.04;-0.4;0.13;g2068;0.12;0.09;-0.42;0.11;g2068;-0.07;0.18;-0.28;0.27
g2098;0.21;-0.21;-0.02;0.09;g2098;0.12;0.29;-0.02;0.1;g2098;0;-0.18;-0.02;-0.12;g2098;0.03;0.41;-0.13;-0.02;g2098;-0.21;-0.25;0.17;0.24;g2098;-0.05;0.38;-0.07;0.2;g2098;-0.29;0.13;0.17;0.04
g2130;0.14;-0.26;-1.07;0.55;g2130;0.18;-0.13;-0.65;0.13;g2130;-0.17;-0.55;-0.33;-0.04;g2130;-0.26;-0.37;-0.65;-0.33;g2130;-0.11;0.31;0.15;0.32;g2130;0.36;0.04;0.67;-0.08;g2130;-0.11;-0.15;0.35;-0.02
g2163;-0.3;0.12;-0.14;0.05;g2163;0.21;0.02;0.26;0.05;g2163;0.04;-0.73;0.11;0.07;g2163;0.35;-0.2;-0.14;0.06;g2163;0;-0.13;-0.19;0.24;g2163;0.27;-0.2;-0.08;0.27;g2163;-0.06;0.74;-0.16;0.31
g2175;0.27;-0.05;0.06;-0.21;g2175;-0.02;0.14;0.09;0.16;g2175;0.14;-0.45;0.03;-0.23;g2175;-0.07;0.03;0.4;0.02;g2175;-0.02;-0.34;0.08;-0.08;g2175;-0.17;0.2;0;0.13;g2175;-0.28;0.28;-0.04;0.34
g2214;-0.49;0.51;0.43;0.11;g2214;-0.01;-0.35;0.32;0.01;g2214;0.07;0.16;0.13;-0.01;g2214;0.31;-0.53;0;-0.24;g2214;-0.16;-0.23;-0.1;-0.01;g2214;0.34;0.03;-0.36;-0.19;g2214;-0.56;-0.08;-0.81;0.14
g2245;0.25;-0.14;-0.08;0.07;g2245;-0.06;-0.17;-0.52;-0.03;g2245;-0.08;0.01;-0.16;-0.01;g2245;-0.25;-0.06;-0.17;-0.22;g2245;-0.31;-0.02;0.19;0.27;g2245;-0.29;0.31;0.55;-0.03;g2245;-0.15;0.1;0.38;0.03
g2259;-0.28;-0.17;-0.05;0.16;g2259;-0.1;-0.13;-0.15;0.08;g2259;-0.07;0.02;0.04;-0.52;g2259;-0.34;-0.02;-0.84;0.03;g2259;0.14;-0.1;-0.04;0.36;g2259;0.22;0.03;0.23;0.03;g2259;0.38;0.02;-0.17;0.3
g2272;-0.08;0.59;-0.63;-0.42;g2272;-0.19;0;-0.7;-0.25;g2272;-0.14;0.08;0.1;-0.16;g2272;0.28;-0.32;0.18;-0.47;g2272;-0.14;-0.13;0.48;0.35;g2272;0;1.13;0.78;-0.22;g2272;0.12;-0.11;0.41;0.24
g2292;0.34;0.28;0.22;-0.12;g2292;0.04;0.02;0.26;-0.12;g2292;0.1;-0.24;0.18;-0.08;g2292;-0.06;-0.02;0.01;-0.01;g2292;-0.34;-0.29;-0.06;0.22;g2292;0.04;0.25;-0.25;0.02;g2292;-0.19;0.2;0.27;-0.1
g2369;0.01;0.14;-0.38;1.09;g2369;-0.03;0.04;-0.28;-0.39;g2369;0.11;0.08;0.11;-0.16;g2369;0.28;0.23;-0.06;-0.39;g2369;0.62;-0.01;0;-0.2;g2369;0;0.05;0.18;-0.49;g2369;-0.17;-0.05;0.04;-0.33
g2434;0.19;0.09;0.03;-0.12;g2434;-0.03;0.19;-0.1;0.24;g2434;0.1;-0.05;0.17;0.17;g2434;0.18;0.29;0.18;0.17;g2434;-0.34;-0.15;0.09;0.35;g2434;0.07;0.04;0.15;-0.12;g2434;-0.15;0.51;0.39;0.18
g2446;0.15;0.53;-0.25;-0.07;g2446;-0.21;-0.35;-0.33;-0.07;g2446;0.16;1.18;0.23;0.03;g2446;-0.06;0;0.33;-0.03;g2446;0.21;0.73;0.46;0.13;g2446;0.03;0;0.29;0.08;g2446;-0.13;0;0.16;0.16
g2474;-0.18;0.02;-0.33;-0.2;g2474;-0.17;-0.33;-0.36;0.1;g2474;-0.29;0.3;-0.19;-0.15;g2474;0.03;-0.2;-0.03;-0.21;g2474;-0.09;0.15;0.17;0.23;g2474;0.02;0.07;0.2;0.06;g2474;-0.32;0.32;-0.11;0.19
g2601;-0.34;-0.12;0;-0.15;g2601;-0.04;0.3;0.01;0.42;g2601;0.05;0.15;0.43;-0.24;g2601;0.48;0.38;-0.28;-0.22;g2601;0.08;-0.41;-0.54;-0.39;g2601;-0.25;0.02;-0.4;-0.32;g2601;-0.12;-0.09;-0.27;0.07
g2617;0.15;0.3;0.1;0.43;g2617;0.01;0.02;-0.16;-0.09;g2617;0.15;0.18;-0.12;0;g2617;-0.06;0.26;-0.37;-0.2;g2617;-0.05;-0.07;-0.57;-0.15;g2617;-0.08;0.15;-0.37;-0.02;g2617;0.15;-0.21;-0.2;0.14
g2641;0.15;-0.02;-0.15;0.04;g2641;0.07;-0.37;-0.25;-0.25;g2641;0.08;-0.16;-0.46;-0.33;g2641;-0.56;-0.25;0.25;-0.37;g2641;-0.22;-0.47;-0.37;-0.29;g2641;-0.45;-0.11;-0.27;-0.06;g2641;-0.32;0.6;0.35;0.05
g2701;0.16;0.03;-0.15;0.08;g2701;0.21;-0.05;-0.27;-0.25;g2701;-0.24;0.03;0.2;0.05;g2701;-0.06;0.03;-0.13;-0.25;g2701;-0.19;0.01;0.13;0.17;g2701;-0.19;-0.38;0.18;-0.15;g2701;-0.06;-0.14;0.08;-0.3
g2722;-0.3;-0.29;0.17;0.8;g2722;-0.47;0.01;0.27;0.5;g2722;-0.24;-0.05;0.11;0.02;g2722;-0.24;0.4;0.06;0.41;g2722;0.88;0.27;0.26;0.02;g2722;0.6;0.41;-0.01;-0.25;g2722;-0.06;0.43;-0.29;0.14
g2741;-0.5;0.02;-0.18;-0.25;g2741;0.07;-0.09;-0.32;0.27;g2741;0.28;0.4;-0.01;0.17;g2741;0.48;0.01;0.22;0.21;g2741;0.29;0.33;0.26;-0.16;g2741;0.21;0.24;0.08;-0.07;g2741;-0.38;0.91;0.14;0
g2764;-0.18;0;0.19;-0.09;g2764;0.19;0;0.38;-0.27;g2764;0.07;0;0.38;-0.25;g2764;-0.2;0;-0.05;-0.23;g2764;-0.01;0;0.41;0.22;g2764;0.09;0;0.15;-0.11;g2764;-0.11;0;-0.11;0
g2774;0.33;-0.24;0.21;-0.23;g2774;0.07;0.1;0.28;0.13;g2774;0.06;-0.69;0.15;0.17;g2774;0.01;0.27;-0.15;0.11;g2774;-0.16;-0.66;0.28;0.05;g2774;-0.1;0.33;0.13;0.14;g2774;-0.28;0.09;0;-0.01
g2803;-0.23;-0.67;-1.02;-0.34;g2803;-0.65;0.2;-0.98;0.23;g2803;-0.06;-0.22;0.28;0.1;g2803;0.53;1.31;0.96;0.33;g2803;0.98;0.38;1;-0.07;g2803;1.05;0.66;0.75;0.27;g2803;0.14;-0.17;0.05;0.42
g2900;0.15;0.72;0.11;-0.14;g2900;0.01;0.21;-0.02;-0.13;g2900;-0.1;-0.66;0.56;0.23;g2900;0.08;0.3;-0.46;0.06;g2900;0.4;-0.31;0.06;-0.24;g2900;-0.17;0.05;0.26;0.34;g2900;-0.01;0.36;0.34;-0.18
g2921;-0.39;0.24;0.27;0.37;g2921;-0.23;0.12;0.27;-0.35;g2921;-0.05;-0.37;0.34;0.11;g2921;-0.14;-0.51;-0.1;-0.75;g2921;-0.26;0.52;-0.21;0.24;g2921;-0.52;0.14;0.13;-0.78;g2921;-0.64;0.16;0.09;-0.82
g2986;-0.04;-0.01;-0.28;-0.45;g2986;0.17;-0.22;-0.22;-0.22;g2986;0.06;0.2;0.32;-0.04;g2986;-0.09;-0.17;0.57;-0.35;g2986;-0.13;-0.19;-0.07;0.05;g2986;-0.2;-0.28;0.12;0.34;g2986;-0.07;-0.3;0.43;0.31
g3054;0.02;0.38;-0.05;0.31;g3054;0.08;-0.24;-0.12;-0.19;g3054;0.06;0.56;-0.37;-0.06;g3054;-0.12;-0.5;-0.65;-0.36;g3054;-0.14;-0.11;-0.77;0.16;g3054;-0.21;-0.33;-0.5;-0.48;g3054;0.03;-0.79;-0.55;-0.19
g3155;-0.11;-0.13;-0.26;-0.24;g3155;-0.05;-0.13;0.32;-0.02;g3155;0.19;-0.21;0.17;-0.18;g3155;0.58;-0.01;-0.23;-0.19;g3155;0.06;0.03;-0.35;-0.15;g3155;0.01;0.01;0.04;0.06;g3155;-0.28;1.01;0;0.09
g3238;0.18;0.4;-0.19;0.01;g3238;0.01;-0.34;-0.08;0.19;g3238;-0.13;0.27;-0.36;0.07;g3238;-0.29;0.01;0.54;-0.33;g3238;-0.03;0.2;0.23;-0.07;g3238;-0.16;-0.1;-0.22;0.08;g3238;-0.16;-0.23;0.25;-0.03
g3266;-0.32;0.16;-0.28;-0.18;g3266;0.43;0.47;0.02;-0.37;g3266;0;-0.09;-0.23;-0.25;g3266;0.11;0.48;-0.04;-0.23;g3266;0.38;-0.25;0.23;-0.48;g3266;-0.12;0.3;0;0.07;g3266;0.28;0.31;0.37;-0.13
g3278;-0.4;0.1;0;-0.25;g3278;0.03;0.42;0;-0.06;g3278;-0.01;0.26;0;-0.2;g3278;0.06;0.01;0;-0.22;g3278;-0.18;0.24;0.27;0.12;g3278;-0.07;-0.1;-1.05;0.01;g3278;-0.17;-0.2;0.27;0.28
g3320;0.06;-0.53;0.14;-0.16;g3320;-0.06;-0.07;0.18;0.01;g3320;0.15;2.13;-0.27;0.14;g3320;-0.13;0.02;0.07;0.21;g3320;0.1;-0.56;-0.37;-0.03;g3320;0.07;0.26;-0.16;0.58;g3320;-0.25;0.01;0.5;0.02
g3324;0.2;-0.05;-0.44;-0.37;g3324;-0.17;-0.2;-0.14;-0.08;g3324;0.11;0.29;-0.05;0.36;g3324;-0.21;0.02;0.92;0.03;g3324;-0.01;0.21;0.2;-0.24;g3324;-0.25;0.29;0.08;0.46;g3324;-0.29;0.28;0;0.38
g3330;0.17;0.07;-0.11;-0.21;g3330;0.26;0.11;0.53;0.03;g3330;-0.02;0.09;0.1;0.46;g3330;0.1;0.21;0.12;-0.08;g3330;-0.12;0.06;0.5;-0.03;g3330;0.11;-0.03;-0.07;0.32;g3330;-0.18;0.51;0;-0.07
g3348;-0.19;0.42;0.19;0.19;g3348;0.08;-0.57;0.17;-0.33;g3348;0.02;0.48;0.14;-0.29;g3348;0.18;-0.19;0;-0.27;g3348;-0.42;-0.13;0;0.14;g3348;0.21;0.14;-0.58;-0.16;g3348;0;0.31;-0.3;0.13
g3381;0.32;0.52;-0.23;-0.07;g3381;0;-0.28;0.26;0;g3381;0.07;-0.09;0.24;0.11;g3381;-0.14;-0.54;-0.55;-0.02;g3381;-0.26;0.26;-0.21;-0.18;g3381;0.03;0;-0.21;0.06;g3381;-0.16;0;0.1;-0.02
g3447;-0.31;0.33;0.16;-0.3;g3447;-0.24;0.64;0.8;-0.13;g3447;-0.4;0.6;0.47;-0.84;g3447;-0.03;0.54;-0.18;-0.5;g3447;-0.18;-0.12;0.38;-0.04;g3447;0.04;-0.01;-0.08;0.22;g3447;-0.03;-0.01;0.38;0.36
g3460;0.27;0.2;-0.16;-0.05;g3460;0.18;0.28;0.47;0.41;g3460;-0.05;0.2;0.23;0.25;g3460;0.27;0.25;-0.13;0.24;g3460;-0.05;0.23;0.04;-0.07;g3460;0.13;0.09;-0.07;0;g3460;-0.14;0.15;0;-0.09
g3475;0.35;-0.19;0.34;0.18;g3475;0;0.11;0.1;0.01;g3475;0.06;-0.25;0.08;0.33;g3475;-0.05;-0.02;0;0.34;g3475;-0.17;-0.69;0;-0.1;g3475;-0.12;-0.07;-0.52;0.18;g3475;0.11;0.02;-0.29;-0.1
g3530;0.23;0;0.04;-0.24;g3530;-0.14;0;-0.23;0.36;g3530;0;0;0.13;0.35;g3530;-0.13;0;0.18;0.22;g3530;-0.24;0;-0.34;0.11;g3530;-0.26;0;0.19;0.48;g3530;-0.06;0.15;0;-0.04
g3557;0.22;0.02;-0.49;-0.34;g3557;0.05;0.28;0.05;-0.36;g3557;-0.01;0.25;-0.47;-0.48;g3557;-0.16;0.37;1.64;-0.57;g3557;-0.01;-0.07;0.28;-0.52;g3557;-0.42;0.31;0;0.09;g3557;-0.3;0.21;0.49;0.3
g3645;0.23;-0.42;0.13;-0.3;g3645;-0.08;0.3;-0.02;-0.08;g3645;-0.06;-0.74;0.17;0.01;g3645;-0.01;0.43;0.23;0;g3645;-0.08;-0.55;0.22;0.16;g3645;0.04;-0.04;0.07;0.29;g3645;-0.33;0.25;-0.04;-0.13
g3699;0.34;-0.19;-0.45;-0.22;g3699;-0.11;0.06;0.07;-0.08;g3699;0.05;-0.32;-0.15;0.14;g3699;-0.23;0.18;-0.05;-0.04;g3699;-0.02;0;0.09;0.25;g3699;-0.07;0.69;0.12;0.44;g3699;-0.23;0.09;0.04;0.09
g3709;0.17;-0.2;-0.28;-0.33;g3709;0.07;0.3;-0.72;-0.16;g3709;0.48;0.01;-0.01;-0.14;g3709;-0.44;0.05;0.23;-0.1;g3709;0.08;-0.45;-0.28;0.1;g3709;-0.31;0.06;-0.06;0.21;g3709;-0.37;0.42;0;0.2
g3715;0.13;-0.14;0.84;-0.33;g3715;-0.11;-0.23;0.45;-0.3;g3715;0.05;-0.46;1.07;0.12;g3715;-0.19;-0.01;-2.89;-0.18;g3715;0.16;-0.6;-3.89;-0.22;g3715;0.13;0.54;0.56;0.72;g3715;-0.27;0.03;0.06;0.26
g3719;0.18;-0.17;0.3;0.2;g3719;-0.18;-0.41;-0.4;0.28;g3719;-0.34;-0.27;-0.14;0.3;g3719;-0.07;0.1;-0.06;0.08;g3719;0.12;-0.07;0.33;-0.34;g3719;0.44;0.79;-0.01;0.4;g3719;-0.07;0.42;-0.29;0.03
g3769;0.57;-0.17;0.24;0.16;g3769;-0.18;0.52;-0.1;0.09;g3769;0.55;-1.03;0.12;0.29;g3769;-0.05;0.52;-0.16;0.26;g3769;0.23;-0.31;-0.39;-0.2;g3769;-0.4;0.12;-0.06;-0.12;g3769;-0.18;0.12;-0.41;-0.25
g3829;0.36;0.12;-0.6;-0.05;g3829;0.18;0.51;0.05;-0.09;g3829;0.45;0.49;-0.09;0.18;g3829;0.04;0.31;1.04;0.16;g3829;0.16;0.03;-0.03;-0.01;g3829;0.02;0.31;0.17;0.45;g3829;-0.29;0.1;0.4;0.32
g3852;0.14;-0.36;-0.57;0.07;g3852;-0.18;-0.33;-0.27;0.03;g3852;-0.24;-0.92;-0.62;-0.06;g3852;-0.26;0.03;0.6;-0.05;g3852;-0.42;0.18;0.62;0.2;g3852;-0.01;0.54;0.39;0.04;g3852;-0.09;0.34;0.31;0.36
g3873;0.13;-0.93;0.17;0.12;g3873;-0.09;0.5;-0.16;0.02;g3873;0.17;1.36;0.29;-0.07;g3873;-0.19;0.33;0.24;-0.04;g3873;0.29;-0.45;0.01;-0.01;g3873;-0.07;0.14;-0.12;0.12;g3873;-0.19;0.29;0;0
g3941;0.21;-0.29;0.23;0.27;g3941;-0.1;0.42;0.28;0.18;g3941;0.06;-0.07;-0.07;0.14;g3941;-0.16;0.32;-0.25;0.02;g3941;-0.21;-0.59;0.01;-0.36;g3941;-0.18;0.22;-0.23;0.09;g3941;-0.18;0.06;0;-0.03
g4006;0.14;-0.08;-0.02;-0.3;g4006;-0.05;0.32;-0.36;0.47;g4006;0.06;-0.86;-0.33;0.3;g4006;0.47;-0.88;0.76;0.31;g4006;0.01;-0.04;0.52;0.04;g4006;-0.06;0.52;-0.08;0.11;g4006;-0.06;0.2;0.53;-0.1
g4021;0.12;-0.27;0.32;0;g4021;-0.05;0;0.3;0.04;g4021;0.03;-0.06;-0.3;0.2;g4021;0.01;-0.31;-0.12;-0.02;g4021;-0.14;-0.46;0.29;-0.13;g4021;-0.12;0.02;-0.34;0.27;g4021;-0.05;0.23;0.59;0.08
g4034;0.13;0.53;0.4;-0.12;g4034;-0.08;0.07;-0.18;0.06;g4034;-0.1;0.13;0.28;0.25;g4034;0.16;0.11;0;0.06;g4034;-0.04;0.26;0.25;-0.17;g4034;0.03;-0.16;0.52;0.27;g4034;-0.06;-0.08;0;0.35
g4048;-0.01;-0.05;0.04;-0.19;g4048;-0.14;-0.26;-0.02;0.26;g4048;0.05;-0.32;0.01;0.22;g4048;0.36;-0.08;0.21;-0.05;g4048;-0.22;-0.2;0.16;0.28;g4048;0.1;0.12;0.05;0.12;g4048;0;0.09;0.18;0.04
g4064;0.17;-0.17;0.08;-0.25;g4064;-0.06;0.13;-0.14;0.07;g4064;0.36;-0.69;0.12;0.04;g4064;0.53;0.12;-0.06;-0.1;g4064;0.04;-0.25;-0.18;0.41;g4064;-0.02;0.18;0.09;0.24;g4064;-0.38;0.33;0.05;0.14
g4073;-0.05;-0.04;0.01;-0.09;g4073;-0.1;-0.16;-0.01;-0.09;g4073;0.12;0.16;-0.15;-0.09;g4073;-0.26;-0.22;-0.07;-0.36;g4073;-0.08;-0.07;-0.11;-0.05;g4073;-0.18;-0.18;-0.09;-0.05;g4073;-0.03;0.02;0.34;-0.26
g4138;0.05;0.3;0.16;0.12;g4138;0.22;0.01;-1.43;-0.25;g4138;0.01;-0.25;-0.43;-0.28;g4138;0.04;-0.13;0;-0.39;g4138;-0.01;-0.35;-0.23;0.13;g4138;-0.18;-0.06;-0.78;-0.33;g4138;-0.28;0.15;0.13;-0.04
g4173;0.17;-0.21;0.13;-0.08;g4173;-0.43;0.25;-0.37;0.1;g4173;-0.15;-0.76;-0.09;0.13;g4173;0;0.34;0.42;0.06;g4173;-0.06;-0.11;0.43;0.13;g4173;-0.08;0.43;0.28;-0.08;g4173;-0.27;0.3;0.09;-0.05
g4196;0.29;0.23;-0.5;-0.04;g4196;0.05;0.45;-0.5;0.13;g4196;-0.01;-0.04;0.21;0.4;g4196;0.08;-0.14;0;0.4;g4196;-0.24;-0.64;0.01;0.18;g4196;-0.27;0;-0.5;0.35;g4196;-0.22;-0.34;1.08;0.08
g4231;-0.03;-0.03;0.28;0.04;g4231;0.06;-0.17;0.73;-0.15;g4231;-0.06;-0.49;-0.22;-0.08;g4231;0.22;0.01;-0.81;-0.02;g4231;-0.14;-0.1;0.13;0.28;g4231;0.14;0.01;0.36;0.12;g4231;-0.14;0.04;-0.13;0.19
g4253;0.11;0.22;-0.38;-0.12;g4253;-0.37;-0.31;-0.43;0.13;g4253;0;0.44;0.13;0.13;g4253;0.08;-0.24;0.51;-0.21;g4253;-0.16;-0.05;0.19;0.2;g4253;-0.07;-0.26;-0.1;0.07;g4253;-0.21;-0.22;0;0.11
g4271;0.2;-0.12;-0.29;-0.36;g4271;-0.31;-0.51;-0.35;-0.08;g4271;-0.03;-0.36;-0.08;0.18;g4271;-0.03;0;0.19;0.08;g4271;0.04;0.19;0.07;-0.04;g4271;0.04;0.43;0.21;0.17;g4271;-0.11;0.37;-0.28;-0.02
g4287;0.17;0.14;0.19;0.26;g4287;0.02;-0.17;-0.21;-0.14;g4287;-0.01;0.22;0.28;-0.21;g4287;-0.34;-0.24;-0.03;-0.18;g4287;-0.29;0.01;-0.05;0.38;g4287;-0.29;-0.16;0.22;0.27;g4287;0.01;-0.34;0;-0.22
g4333;0.09;0.62;-0.28;0.31;g4333;-0.13;0.34;0.15;0.12;g4333;0;0.19;0.01;-0.41;g4333;-0.32;-0.33;-0.39;-0.11;g4333;-0.1;-0.65;-0.18;-0.08;g4333;-0.22;-0.59;-0.18;-0.08;g4333;-0.06;-0.53;-0.02;-0.1
g4392;0.22;0.04;-0.6;-0.17;g4392;0.07;0.22;-0.46;-0.06;g4392;0.15;0.34;-0.19;0.01;g4392;-0.13;0.36;1.16;-0.01;g4392;0.07;0.24;0.37;0.08;g4392;0.11;0.42;-0.02;0.25;g4392;-0.07;0.24;0.18;0.12
g4433;0.37;0.42;-0.32;-0.09;g4433;0.02;-0.07;0.16;0.03;g4433;0.21;0.03;0.07;0.3;g4433;-0.08;-0.22;0.47;0.36;g4433;-0.03;-0.33;-0.13;0.16;g4433;-0.08;-0.16;-0.59;0.3;g4433;-0.24;-0.29;-0.05;-0.01
g4458;0.05;-0.22;0.24;-0.24;g4458;-0.28;0.17;-0.21;-0.11;g4458;-0.02;-0.66;0.07;0.01;g4458;0.14;0.25;0.28;-0.09;g4458;0.31;0.88;0.28;0.01;g4458;0.05;0.23;0.1;0.18;g4458;-0.18;-0.13;0;-0.19
g4466;-0.04;0.38;0.2;-0.11;g4466;0.27;-0.12;0.65;-0.16;g4466;-0.18;0.1;-0.15;-0.26;g4466;-0.07;-0.27;-0.25;-0.13;g4466;-0.36;0.14;-0.21;0.26;g4466;0.21;0;0.01;-0.24;g4466;-0.27;0;-0.02;0.05
g4534;0.16;0.36;0.36;0.15;g4534;0.05;0.14;0.15;-0.03;g4534;0.06;0.19;0.09;-0.54;g4534;-0.42;0.05;0.04;-0.16;g4534;-0.17;-0.24;-0.22;0.02;g4534;-0.05;0;-0.08;-0.22;g4534;-0.46;-0.02;-0.14;0.03
g4568;0.09;0.06;0.51;-0.58;g4568;0.3;-0.61;0.75;-0.66;g4568;-0.42;-0.36;-0.66;-0.43;g4568;-0.24;-0.33;-1.12;-0.99;g4568;-0.84;-0.18;-0.78;-0.55;g4568;-0.92;-0.28;-0.48;-0.2;g4568;0.28;0.76;-0.34;0.15
g4569;0;0.13;-0.6;0;g4569;0;-0.5;-0.09;0;g4569;0;-0.65;-0.64;0;g4569;0;-0.2;0.16;0;g4569;0;0.06;-0.42;0;g4569;0;-0.2;-0.25;0;g4569;0;0.14;0;0
g4577;0.18;-0.34;0.24;-0.07;g4577;0.03;-0.2;0.18;-0.15;g4577;-0.05;0.36;0.1;-0.03;g4577;-0.22;-0.06;0.01;-0.1;g4577;-0.46;-0.11;0.13;0;g4577;-0.11;0.53;-0.42;0.09;g4577;-0.12;0.09;0;0.16
g4593;0.07;-0.93;-0.34;0.48;g4593;-0.54;-1.31;-0.66;0.54;g4593;-1.11;-1.19;-1.49;0.59;g4593;-0.77;0.2;0.35;0.53;g4593;0.66;1.08;1.05;0.24;g4593;1.14;0.99;0.62;0.27;g4593;0.3;0.86;0.25;0.3
g4597;0.27;0;0.47;0.04;g4597;0.29;0;0.18;-0.01;g4597;0.05;0;0.17;-0.19;g4597;-0.24;0;0.04;-0.07;g4597;-0.24;0;-0.17;0.18;g4597;0.03;0;-0.18;-0.01;g4597;-0.22;0;0.44;-0.01
g4604;0.12;0.58;0.19;-0.12;g4604;0.11;0.4;0.61;-0.24;g4604;-0.14;-0.19;-0.03;-0.32;g4604;0.09;0.14;-0.19;-0.09;g4604;-0.24;0.02;-0.08;0.01;g4604;0.06;0.29;-0.23;0;g4604;-0.41;0.21;0.06;0.06
g4609;0.39;0;0.27;-0.11;g4609;0.04;0;-0.62;-0.07;g4609;-0.17;0;0.06;0.33;g4609;-0.23;0;0.1;0;g4609;-0.14;0;0.23;-0.04;g4609;-0.12;0;0.01;0.22;g4609;-0.19;0;0.13;-0.22
g4620;-0.02;0;0.23;-0.03;g4620;0.33;0.07;-0.04;0.09;g4620;0.03;0;-0.11;-0.17;g4620;-0.2;0;0.01;-0.07;g4620;-0.09;0;-0.04;-0.06;g4620;-0.06;0;-0.24;-0.06;g4620;-0.18;0;-0.02;-0.09
g4633;0.38;0;-0.25;0.16;g4633;0.02;0;-0.19;0.71;g4633;0.05;0;0.27;0.48;g4633;-0.15;0;0.66;0.44;g4633;0.05;0;0.37;0.03;g4633;-0.17;0;0.49;0.25;g4633;-0.14;0.6;0.09;-0.19
g4686;0.35;0;-0.59;-0.38;g4686;-0.18;0;-0.62;0.1;g4686;-0.06;0;-0.2;0.25;g4686;-0.18;0;0.6;-0.09;g4686;0.07;0;0.52;-0.74;g4686;-0.05;0;0.34;0.37;g4686;-0.21;0;0;0.55
g4723;0.16;0.46;0.09;-0.34;g4723;-0.15;0;-0.57;0.25;g4723;0.1;0.41;0.37;0.25;g4723;0.2;0;-0.08;0.03;g4723;-0.25;0.08;-0.11;-0.36;g4723;0.01;0;-0.61;0.07;g4723;-0.23;0;0.06;0.28
g4800;0.27;0.33;0.52;0.33;g4800;0.05;-0.11;0.04;0.35;g4800;0.18;0.11;-0.15;0.27;g4800;0.15;-0.39;-0.21;0.42;g4800;-0.11;0.09;-0.22;0.08;g4800;0.08;-0.23;-0.26;0.2;g4800;0.08;0.33;0.22;-0.18
g4819;-0.05;0.78;-0.11;0;g4819;-0.26;0.56;-0.58;0.31;g4819;-0.14;0.48;0.32;0.19;g4819;0.16;-0.35;-0.12;0.33;g4819;0.29;-0.3;-0.19;-0.22;g4819;0.16;-0.33;-0.07;0.3;g4819;-0.01;0.69;0.08;0.2
g4828;0.13;-0.18;-0.15;-0.33;g4828;-0.37;-0.38;0.06;-0.06;g4828;-0.44;-0.44;0.2;0.02;g4828;-0.24;0.32;0.05;-0.32;g4828;0;0.1;0.51;-0.14;g4828;-0.08;0.22;0.49;0.18;g4828;-0.31;0.53;0.36;-0.03
g4852;0.11;0.36;0.52;0.04;g4852;-0.11;0.25;0.34;-0.01;g4852;-0.08;0.12;0.08;0.41;g4852;0.15;-0.01;-0.56;0.46;g4852;-0.11;0.07;-0.02;-0.09;g4852;0.14;-0.19;-0.06;0.15;g4852;-0.13;0.85;0;0.11
g4987;-0.2;0;-0.98;-0.14;g4987;-0.15;0;-0.86;-0.02;g4987;-0.39;0;-0.04;0.19;g4987;-0.13;0;0.35;-0.46;g4987;-0.13;0;0.56;-0.24;g4987;-0.05;0;0.1;0.28;g4987;-0.31;0;0.42;0.28
g5040;-1.88;-2.54;-0.76;-0.83;g5040;-1.46;-0.4;-1.03;-1.06;g5040;-2.14;1.17;-0.1;0.15;g5040;1.6;1.42;1.63;0.92;g5040;2.71;1.94;1.31;0.83;g5040;2.71;0.8;1.23;2.16;g5040;0;-0.27;-0.03;1.9
g5165;0.31;-0.16;0.2;-0.33;g5165;0;0.03;0.24;-0.09;g5165;-0.13;-0.25;-0.16;-0.14;g5165;-0.22;-0.04;-0.44;0.02;g5165;-0.12;-0.37;-0.28;-0.35;g5165;-0.22;-0.02;0.22;0.13;g5165;-0.32;0;-0.09;-0.2
g5208;0.3;0.28;0.18;0.17;g5208;-0.06;0.42;0.15;-0.25;g5208;0.14;-0.28;0.06;0.15;g5208;0.18;0.19;-0.21;0.37;g5208;-0.16;-0.65;-0.35;-0.04;g5208;-0.03;-0.28;-0.37;-0.2;g5208;-0.05;-0.11;0.17;-0.06
g5209;0.19;0.23;0.14;0.63;g5209;0.04;0.15;0.14;-0.35;g5209;0.16;0.1;0.28;0.12;g5209;-0.06;-0.06;-0.26;0.32;g5209;0.04;-0.3;-0.2;-0.05;g5209;-0.31;-0.09;-0.51;0.28;g5209;-0.35;-0.16;0;-0.22
g5232;-0.03;-0.25;-0.23;-0.21;g5232;-0.1;0.18;-0.4;-0.15;g5232;-0.2;0.07;-0.27;-0.4;g5232;-0.46;-0.3;-0.36;-0.33;g5232;-0.38;-0.11;-0.54;0.21;g5232;-0.17;-1.13;-0.4;-0.01;g5232;-0.49;-0.33;-0.27;0.19
g5241;0.23;-0.41;0.44;0.26;g5241;0.36;-0.08;0.35;0.52;g5241;0.28;-0.41;0.35;0.17;g5241;0.1;-0.18;0.52;0.19;g5241;0.17;-0.06;0.14;0.14;g5241;0.13;0.23;0.11;0.63;g5241;-0.28;0.23;0.35;0.12
g5258;0.19;0.05;0.33;-0.05;g5258;0;0.25;0.33;0.28;g5258;-0.12;-0.09;0.21;0.12;g5258;0.02;-0.25;-0.21;0.16;g5258;-0.03;0.49;0.09;-0.29;g5258;0.13;0.03;-0.42;-0.05;g5258;0.09;0.72;-0.14;-0.14
g5279;0.23;0.52;-0.26;-0.64;g5279;-0.4;0.34;-0.11;-0.37;g5279;0.08;0.22;0.44;-0.11;g5279;-0.45;-0.07;0.39;-0.2;g5279;-0.22;-0.46;0.46;-0.56;g5279;-0.37;-0.02;0.14;0.16;g5279;-0.3;0.04;0.55;0.55
g5289;0.17;0.1;-0.35;-0.21;g5289;-0.44;-0.01;-0.36;0.03;g5289;-0.1;-0.06;-0.35;0.36;g5289;-0.37;-0.3;0.25;-0.07;g5289;-0.07;0.03;-0.56;-0.07;g5289;-0.18;0;-0.72;0.33;g5289;-0.08;-0.12;-0.36;0.07
g5294;0.06;0.48;-0.42;0.32;g5294;-0.3;-0.06;0.03;-0.37;g5294;-0.06;0.38;-0.22;-0.33;g5294;0.1;-0.42;-0.05;-0.56;g5294;-0.4;0.61;-0.22;0.4;g5294;0.21;0.8;0.17;-0.4;g5294;-0.04;-0.24;0.24;0.26
g5321;0.27;-0.01;-0.01;0.14;g5321;0.08;-0.08;0.03;0.38;g5321;0.42;-0.46;-0.18;0.06;g5321;0.35;0.06;0;0.24;g5321;-0.04;-0.24;0.32;0.4;g5321;0.11;0.35;0.58;0.16;g5321;-0.02;0.79;0;0.16
g5331;0.04;0.01;0.08;-0.39;g5331;-0.08;-0.08;0.07;-0.05;g5331;0;-0.43;0;0;g5331;0.05;0.05;0.18;-0.26;g5331;-0.34;-0.15;0.23;-0.11;g5331;-0.01;-0.06;0.31;0.32;g5331;-0.47;0.26;0;-0.09
g5342;-0.07;-0.33;0.19;0.18;g5342;0.12;0.24;0.42;-0.14;g5342;-0.21;-0.37;0.11;-0.04;g5342;-0.21;0.15;-0.04;-0.11;g5342;-0.09;-0.12;0.01;-0.05;g5342;0.02;0.54;-0.2;-0.31;g5342;-0.06;0.1;0;-0.11
g5344;0.09;-0.01;0.16;0.01;g5344;-0.03;0.23;0.31;-0.28;g5344;0.14;0.49;0.78;0.05;g5344;-0.02;-0.47;0.11;-0.01;g5344;0.04;-0.22;-0.09;-0.12;g5344;0;-0.65;-0.29;0.11;g5344;0;-0.22;0.2;0.18
g5382;0.29;-0.04;-0.07;-0.13;g5382;0.14;0.05;-0.35;0.3;g5382;-0.08;-0.06;0.96;0.12;g5382;-0.05;-0.02;-0.79;0.14;g5382;-0.1;-0.24;0.44;0.11;g5382;-0.23;0.32;0.71;0.3;g5382;-0.32;0.1;0.17;0.17
g5438;0.11;-0.1;0.29;0.17;g5438;0.17;0.35;0.34;-0.05;g5438;0.11;-0.22;0.2;-0.42;g5438;-0.17;0.29;-0.23;-0.27;g5438;-0.19;-0.39;-0.17;0.13;g5438;-0.1;-0.14;-0.43;-0.23;g5438;-0.26;0.18;0;-0.25
g5445;0.24;-0.06;-0.02;-0.1;g5445;0.05;0.03;-0.08;0.09;g5445;-0.02;-0.12;-0.22;0.13;g5445;0.17;0.05;0.29;0.08;g5445;-0.4;-0.19;0.37;0.33;g5445;0;0.55;0.17;-0.09;g5445;0;0.69;0.21;0.11
g5451;-0.06;0;-0.01;0.07;g5451;0.05;0.07;-0.17;0.25;g5451;-0.22;0.51;-0.27;0.2;g5451;-0.26;-0.38;-0.2;0.17;g5451;-0.1;0.78;-0.33;-0.12;g5451;0.38;0.38;-0.01;0;g5451;0;0;-0.16;-0.03
g5498;0.1;0.4;-0.4;0.11;g5498;0.13;-0.21;-0.58;0.02;g5498;-0.2;0.34;-0.04;0.11;g5498;-0.3;-0.43;0.06;-0.1;g5498;-0.19;-0.46;0.1;0.31;g5498;-0.46;0;-0.07;-0.14;g5498;-0.3;-0.17;0.87;-0.1
g5545;0.22;-0.13;0.23;-0.26;g5545;0;-0.5;0.42;0.17;g5545;-0.01;-0.66;0.14;0.1;g5545;-0.18;0.07;0.16;0.06;g5545;0;0.22;0.02;0.17;g5545;-0.18;0.96;0.16;0.26;g5545;-0.22;0.67;-0.32;0.16
g5546;0.22;-0.24;0.04;-0.03;g5546;-0.33;-0.32;0.1;0.19;g5546;0.1;-0.3;0.09;0.21;g5546;-0.25;-0.24;-0.11;-0.07;g5546;0.06;-0.22;-0.17;-0.39;g5546;-0.23;0.04;0.08;0.19;g5546;-0.25;0.21;0.13;-0.07
g5555;0.17;0.31;0.05;-0.34;g5555;0;0.2;0.12;-0.08;g5555;0.15;0.06;0.17;0.06;g5555;0.02;0;0.3;0.27;g5555;0.17;-0.28;0.05;0.16;g5555;-0.03;0.18;-0.12;-0.12;g5555;-0.28;0.18;0;0.15
g5593;0.2;1.68;0.33;-0.34;g5593;0.18;1.28;0.33;-0.23;g5593;-0.16;1.14;0.03;0.06;g5593;-0.26;0.26;-0.5;-0.38;g5593;-0.5;-0.62;-0.8;0.32;g5593;-0.28;-0.65;-0.49;0.14;g5593;-0.16;-0.49;0.01;-0.05
g5630;0.06;0;0.12;-0.1;g5630;0.09;-0.14;0.21;-0.03;g5630;0.09;-0.02;0.33;-0.03;g5630;0.06;-0.24;-0.32;-0.01;g5630;-0.05;0.14;-0.14;-0.01;g5630;-0.05;-0.07;-0.08;-0.36;g5630;-0.18;-0.19;-0.37;-0.12
g5672;0.04;0.36;-0.05;-0.01;g5672;0.14;0.22;0.24;-0.13;g5672;-0.02;-0.41;-0.42;0.23;g5672;0.06;-0.07;0;-0.65;g5672;-0.15;-0.17;0.48;0.24;g5672;-0.02;-0.69;0.58;0.03;g5672;-0.09;-0.55;-0.42;0.09
g5704;-0.23;0.3;-0.7;0.09;g5704;-0.4;-0.01;-0.95;0.28;g5704;-0.19;0.07;-0.12;-0.13;g5704;0.28;-0.07;0.54;0.18;g5704;0.34;0.12;1.17;0.28;g5704;0.76;-0.01;0.55;0.5;g5704;-0.01;-0.13;-0.03;0.38
g5724;0.13;0.12;-0.4;0.18;g5724;0.14;0.21;-0.19;0.04;g5724;-0.13;-0.18;-0.34;0.04;g5724;-0.18;0.18;-0.1;0.06;g5724;-0.36;-0.07;-0.07;0.28;g5724;-0.13;0;0.19;-0.3;g5724;-0.4;0.03;0.2;-0.09
g5730;0.1;0.68;-0.24;0.42;g5730;-0.14;-0.22;0.08;0.09;g5730;0.1;0.29;0.05;0.28;g5730;0.19;-0.01;0.11;0.37;g5730;0.1;-0.13;0.04;0.32;g5730;0.19;-0.23;-0.22;0.33;g5730;-0.25;-0.03;-0.13;0.4
g5764;0.11;0.74;-0.15;-0.15;g5764;0.04;-0.31;0.47;0.1;g5764;0.74;-0.15;0.38;-0.24;g5764;0.14;-0.26;-0.29;0.32;g5764;-0.06;0.2;-0.21;0.03;g5764;-0.16;0.03;-0.35;0.16;g5764;0.09;-0.37;0.29;-0.02
g5825;0.3;0.67;-0.03;-0.07;g5825;0.01;0.19;0.07;-0.14;g5825;-0.06;0.66;0.05;0.04;g5825;-0.36;-0.28;0.09;-0.1;g5825;-0.47;-0.11;-0.06;-0.32;g5825;-0.66;-0.18;0.36;0.01;g5825;-0.3;-0.38;0.3;0.16
g5827;0.12;0.19;0.09;0.03;g5827;-0.05;0.15;0.39;-0.16;g5827;-0.03;0.09;0.55;0.3;g5827;-0.25;-0.14;-0.15;0.17;g5827;0.03;-0.07;-0.25;-0.58;g5827;-0.27;0.16;0.02;-0.12;g5827;-0.53;0.07;0.07;0.09
g5836;0.3;-0.02;-0.07;0.2;g5836;0.11;0.14;0.18;-0.02;g5836;0.2;-1.48;-0.05;-0.16;g5836;-0.01;0.23;0.55;0.02;g5836;-0.1;-0.39;-0.13;0.23;g5836;0.04;-0.11;-1.3;-0.79;g5836;-0.2;0.08;0.48;-0.42
g5861;0.13;0.21;0.05;-0.67;g5861;0.1;0.13;0;-0.12;g5861;-0.19;-0.1;-0.46;0.41;g5861;0.02;-0.22;0.73;0.26;g5861;-0.11;-0.29;0.32;-0.41;g5861;-0.42;0.23;0;0.49;g5861;-0.26;0.13;0.19;-0.27
g5864;0.07;0.64;0.39;0.28;g5864;-0.11;-0.04;0.55;0;g5864;0;0.07;0.25;0.14;g5864;-0.03;-0.11;-0.28;0.3;g5864;-0.11;0.8;-0.12;-0.08;g5864;0.07;0.09;-0.32;-0.27;g5864;-0.31;-0.04;-0.01;0.02
g5932;0.36;0.66;0.63;-0.02;g5932;0.56;-0.08;0.79;0.37;g5932;1.16;0.43;0.36;0.72;g5932;0.78;-0.14;0;0.85;g5932;0.43;0.05;-0.11;0.8;g5932;0.14;0.12;-0.23;0.54;g5932;-0.42;0.76;-0.07;0.14
g5986;0.2;0;0.35;0;g5986;-0.08;0.56;0.78;0.12;g5986;0.07;0;0.55;0.15;g5986;-0.04;-0.3;-0.19;0.12;g5986;-0.28;0;-0.57;-0.16;g5986;-0.12;-0.11;-0.07;-0.05;g5986;-0.02;-0.18;-0.12;-0.14
g5987;0.08;0;0.16;0.26;g5987;-0.07;0;0.22;0.04;g5987;-0.07;0.52;0.31;0.13;g5987;-0.04;0;-0.13;-0.04;g5987;-0.39;-0.69;-0.4;-0.04;g5987;-0.05;0;-0.55;-0.29;g5987;-0.07;0;0.55;-0.04




;c0;c0;c0;c0;c0;c0;c0;;c1;c1;c1;c1;c1;c1;c1;;c2;c2;c2;c2;c2;c2;c2;;c3;c3;c3;c3;c3;c3;c3;;
;t6;t7;t8;t9;t10;t11;t13;;t6;t7;t8;t9;t10;t11;t13;;t6;t7;t8;t9;t10;t11;t13;;t6;t7;t8;t9;t10;t11;t13;;
g19;0.08;0.13;-0.17;-0.12;-0.06;0.17;0.02;g19;0.16;-0.12;0.25;-0.05;-0.14;-0.42;-0.03;g19;0.35;0;0;0.18;0.1;0.22;0;g19;0.37;-0.1;0.15;0.29;-0.39;0.04;-0.2
g20;0.04;0.04;0.37;0.24;0.13;0.22;-0.24;g20;0.49;0.32;1.15;0.2;0.31;-0.28;-0.48;g20;0.57;0.64;0.54;0.66;0.28;-0.01;0.11;g20;-0.42;-0.01;0.53;0.58;1.49;0.72;0.29
g40;0.05;0.25;-0.11;-0.01;-0.06;0.15;-0.11;g40;-0.08;0.34;0.05;0.22;-0.28;0.09;-0.12;g40;0.34;0.28;0.02;0.55;-0.09;-0.13;0;g40;-0.27;-0.01;-0.03;0.05;-0.21;0.01;0.01
g142;0.45;0.04;0.07;-0.07;-0.08;-0.28;-0.08;g142;1.08;0.27;1.03;0.15;-0.58;0.11;-0.25;g142;0;-0.09;-0.23;1.15;0.23;0.13;0;g142;0.19;0.26;0.18;0.23;-0.08;0.45;0.04
g178;0.04;0.01;0.07;-0.37;-0.23;-0.35;-0.3;g178;0.32;0.36;-0.04;0.39;-0.1;0.12;0.17;g178;0.87;0.87;0.39;-1.54;0;-0.95;0.31;g178;-0.7;0.11;0.08;0.05;-0.09;0.07;-0.01
g190;-0.07;0;-0.05;0.14;-0.43;-0.04;-0.22;g190;0.12;-0.35;-0.35;-0.08;-0.41;-0.08;-0.65;g190;-0.21;-0.06;0.11;0.8;0.66;0.88;0.65;g190;-0.57;-0.26;-0.06;-0.68;-0.32;0.14;0.06
g277;0.33;0.26;-0.05;-0.03;-0.43;-0.08;0.25;g277;0;0;0;0;0;0;0;g277;0.54;0.39;0.16;-0.35;-0.15;0.08;0.22;g277;-0.01;0.16;0.54;0.27;-0.13;0.59;0.2
g283;-0.07;0.38;0.06;-0.07;0.14;0.28;0.18;g283;0.04;0.29;0.09;0.18;0.12;0.08;-0.16;g283;0.28;0.36;0.12;0.29;-0.23;-0.14;0;g283;0;-0.32;0.21;0.18;-0.1;0.13;-0.1
g292;0.02;-0.1;0.05;0.02;-0.21;0.14;-0.08;g292;0.02;-0.15;0.12;-0.11;0.02;0;-0.42;g292;0.64;0.72;0.59;-0.9;-0.24;0.1;-0.3;g292;-0.1;-0.04;-0.01;-0.19;0.12;-0.21;0.03
g299;-0.64;-0.64;-1.21;0.24;1.27;1.13;-0.06;g299;-1.5;-1.53;0.29;1.69;2.08;1.33;0.32;g299;-0.75;-1.33;-0.64;1.17;1.1;0.52;0;g299;0.06;0.03;0.08;0.08;-0.03;0.52;0.4
g347;0.06;0.17;0;-0.29;0.01;0;0.01;g347;0;-0.07;0;0.1;0;0.12;-0.16;g347;-0.72;0.28;-0.48;-0.18;0.14;-0.27;0.07;g347;-0.66;-0.45;-0.03;-0.66;-1.82;-0.04;1.08
g374;-0.11;0;-0.09;0;-0.47;0;0;g374;0.36;-0.17;0.67;-0.61;0.58;0;0;g374;-0.11;0.04;0.18;-1.7;-0.28;-1.28;0;g374;0.72;0.03;-0.06;-0.15;0.15;0.41;0.12
g380;-0.06;-0.15;-0.13;-0.17;-0.15;-0.12;-0.33;g380;0;0.01;0;-0.28;0;0.53;0.39;g380;0.37;0.13;0.04;-0.3;-0.15;-0.28;0.02;g380;-0.01;-0.07;0.2;-0.01;-0.08;0.07;-0.14
g495;-0.38;0.24;0.13;-0.13;-0.1;0.03;-0.1;g495;0.2;-0.04;-0.04;0.09;0.06;0.03;0.02;g495;0;0.23;0.2;0.01;0.24;0.26;-0.15;g495;0.14;0.15;0.03;0.13;0.13;-0.03;-0.02
g538;0.06;0.01;0.03;0.21;0.18;-0.15;-0.19;g538;0.61;-0.5;0.63;-0.35;-0.01;-0.15;-0.32;g538;0.12;-0.1;-0.17;-0.06;-0.03;0.05;0.04;g538;0.17;-0.06;-0.06;0.05;0.15;0;0.13
g540;-0.27;0.28;-0.03;0.23;0.06;-0.08;-0.08;g540;0.62;-0.37;0.58;-0.37;0.18;-0.29;-0.84;g540;0.05;-0.16;-0.38;0.56;0;0;0.22;g540;0.39;0.04;-0.07;0.08;0.23;-0.24;-0.21
g554;-0.1;-0.46;-0.67;0.06;0.26;0.56;-0.13;g554;-0.71;-1.41;-0.17;1.14;0.71;1.16;0.38;g554;-0.5;-1.03;-0.62;1.32;1.55;1.3;-0.3;g554;0.26;0.41;-0.02;-0.05;0.04;-0.34;0.07
g591;-0.3;-0.01;0.41;-0.04;0.61;0.14;0.15;g591;0.07;0.23;-0.27;0.4;-0.22;0.07;-0.01;g591;0.37;0.18;-0.04;-0.04;-0.08;0.17;0.05;g591;0.33;0.31;-0.4;-0.03;0.13;-0.67;-0.17
g641;0.16;0.01;0.04;0.14;-0.39;-0.02;-0.39;g641;-0.04;0.44;-0.3;0.22;-0.16;-0.07;0.1;g641;0.15;0.08;0.39;-0.36;0.03;0.17;-0.12;g641;-0.17;0.12;0.33;0.33;0.27;0.15;0.26
g645;0;-0.01;-0.08;0.29;-0.1;0.06;-0.41;g645;-0.03;0.18;-0.3;-0.03;0.08;0.09;0.12;g645;-0.12;0.25;0.15;0.55;0.29;0.36;-0.21;g645;-0.29;0.13;-0.1;0.03;-0.07;-0.24;-0.13
g654;0.32;0.29;0.04;-0.09;-0.22;-0.14;-0.03;g654;0.11;0.05;-0.24;0.2;-0.48;0.03;0.03;g654;0.51;0.2;0.19;-0.42;-0.26;0.11;0.03;g654;-0.04;-0.34;-0.17;0.13;-0.02;-0.34;-0.19
g680;0.11;0.17;0.15;-0.41;-0.33;-0.34;-0.57;g680;-0.41;-0.1;-0.08;-0.2;0.08;-0.03;0.26;g680;-0.23;-0.33;-0.01;0.28;0.36;0.41;0.42;g680;-0.39;0.05;-0.09;-0.1;-0.52;0.1;0.47
g682;-0.32;0.24;0.45;-0.03;0.12;0.1;-0.16;g682;0.15;0.19;0.27;-0.05;0.05;-0.13;0;g682;0.37;0.21;0.19;-0.06;-0.01;0.06;0.13;g682;0.19;0.14;-0.3;0.14;0.01;-0.17;0.05
g684;-0.66;-0.44;-0.4;-0.57;0.21;0.81;0.41;g684;-0.38;-0.61;-0.31;0.03;0.87;0.61;0.54;g684;-0.35;-0.12;-0.48;0.08;0.5;0.55;-0.07;g684;0.67;0.66;0.06;0.32;0.15;0.14;0.08
g794;0.34;-0.33;0.22;0.34;0.1;-0.01;-0.42;g794;-0.15;0.23;0.16;0.14;0.15;0.11;-0.28;g794;-0.25;0.06;0.15;0.65;0.41;0.39;0.22;g794;-0.39;0.2;0.28;0.45;0.07;0.46;0.36
g823;-0.45;-0.03;0.47;-0.11;0.43;-0.1;-0.09;g823;0;0;0;0;0;0;0;g823;-0.12;-0.09;-0.49;-1.75;0.61;0.17;0.28;g823;0.39;0.22;-0.15;0.08;0.1;-0.23;-0.31
g926;0.11;0.76;0.02;-0.04;-0.4;-0.15;-0.06;g926;0.33;0.09;-0.41;-0.17;-0.33;0.45;0.2;g926;0.03;0.21;0.2;-0.13;-0.25;-0.74;0.15;g926;0.09;-0.05;-0.38;-0.35;0.24;-0.4;-0.33
g931;0.02;-0.32;0.17;0.09;0.37;0.32;0.3;g931;0;0.17;0;0;0;0;0;g931;-0.05;-0.17;-0.34;0.79;0.1;0;0.3;g931;-0.21;0.03;0.08;0.35;-0.06;-0.06;-0.05
g963;0.1;0;-0.16;-0.06;-0.22;0.14;0.02;g963;-0.08;0.3;0.31;0.11;0.53;-1.08;0.04;g963;-0.49;0.09;0.4;0;0;-1.98;-1.13;g963;-0.51;-0.32;-0.18;-0.23;-0.23;0.13;0.25
g1075;-0.03;0.05;0.06;-0.01;0.02;-0.04;-0.64;g1075;0;0;0;0;0;0;-0.59;g1075;-0.46;-0.07;-0.11;-0.31;-0.06;0.12;-0.15;g1075;0.15;-0.49;0;-0.23;0.05;0.01;0.12
g1100;0.14;-0.07;0.13;-0.1;0.3;0.14;-0.27;g1100;0.32;0.24;0.15;0.16;0.04;0.12;-0.24;g1100;-0.47;0;0.3;0.31;0.21;0.15;0;g1100;-0.29;-0.24;-0.02;-0.06;0;0.22;0
g1161;-0.48;-0.25;0.4;0.31;0.75;-0.14;-0.14;g1161;0.52;-0.01;-0.15;0.07;-0.37;-0.17;0.02;g1161;-0.47;0.1;0.17;0.37;-0.02;0.3;0;g1161;-0.05;0.17;-0.07;0.05;-0.04;0.05;0.05
g1292;0.44;-0.2;0.06;-0.07;-0.17;-0.12;0.07;g1292;0.11;0.13;-0.14;0.03;0.01;0.36;0.42;g1292;-0.61;-0.07;0.12;0.23;0.12;0.23;0.07;g1292;-0.46;0.08;0.45;0.32;-0.06;0.46;0.48
g1293;0.16;-0.04;0.15;-0.11;-0.15;0.02;-0.51;g1293;0.32;0.03;0.6;-0.16;-0.24;0.06;0.05;g1293;-0.55;0.01;0.49;-0.2;-0.2;-0.01;-0.11;g1293;0.13;0.1;-0.15;-0.32;0.06;-0.2;-0.18
g1294;0.05;0.02;-0.12;0.24;-0.18;0.16;-0.07;g1294;0.48;-0.51;0.43;0.1;0.48;0.43;0.29;g1294;-0.41;-0.15;0;0.24;0.4;0.31;0.31;g1294;-0.2;0.14;0.1;-0.19;0.07;0.05;0.14
g1295;0.33;-0.16;-0.11;-0.51;0.38;0.24;0.05;g1295;-0.23;-0.46;-0.32;0.35;0.36;0.82;0.4;g1295;0.07;0;-0.11;-0.59;0.35;0.26;0.08;g1295;0.6;0.46;0.31;0.22;0.43;0.27;0.05
g1296;0.28;0.16;0.01;-0.06;-0.13;-0.2;-0.23;g1296;0.34;0.21;-0.23;0.46;0.34;0.38;0.18;g1296;-0.08;-0.33;0.12;0.12;0.08;0.08;0;g1296;-0.74;0.21;0.01;0.21;0.13;0.36;0.03
g1297;0.27;0;0.26;-0.03;0.45;-0.03;-0.11;g1297;0.15;0.2;-0.07;0.2;0;0.45;0.52;g1297;0.16;-0.04;0.09;-0.47;-0.18;-0.19;0.09;g1297;0.27;-0.04;-0.02;-0.04;-0.12;-0.52;-0.1
g1298;0.43;-0.11;0.29;0.19;0.15;0;-0.25;g1298;0;0;0;0;0;0;0;g1298;-0.03;-0.27;0;0.15;-0.24;-0.34;0;g1298;-0.28;-0.02;0.26;0.35;0.12;0.26;0.51
g1299;0.17;-0.18;-0.04;-0.15;0.61;-0.17;-0.23;g1299;0.38;-0.14;0.25;0.04;-0.35;1.01;-0.15;g1299;-0.05;-0.14;0.29;0.34;0.07;-0.04;0.53;g1299;-0.16;-0.06;0.08;0.13;-0.06;0.35;0.21
g1300;0.47;0.71;-0.06;-0.33;-0.44;-0.26;-0.24;g1300;0.29;0.06;-0.36;-0.04;0.1;0.17;0.22;g1300;0.46;-0.53;-0.18;-0.53;-0.51;-0.18;0.49;g1300;-0.01;0.32;0.05;-0.03;0.45;0;-0.05
g1301;0.22;-0.07;0;-0.21;0.52;-0.13;-0.06;g1301;0.89;-0.43;-0.17;-0.09;-0.41;1.34;0.19;g1301;0.23;-0.14;-0.01;0.03;-0.08;0.08;0.41;g1301;-0.02;0.14;0.14;0.08;0.06;0.1;0.02
g1302;0.42;-0.24;0.1;-0.12;-0.17;-0.17;-0.44;g1302;-0.19;0.16;-0.4;0.24;-0.07;0.38;0.34;g1302;-0.17;-0.27;-0.28;0.63;0.41;0;0.12;g1302;-0.48;0.15;0.35;0.17;0.07;0.42;0.46
g1303;0.18;0.14;0.02;-0.35;-0.02;-0.45;-0.17;g1303;0.13;0.03;-0.09;0.05;-0.41;0.82;0.09;g1303;0;-0.14;0.57;-0.68;-0.11;-0.12;-0.33;g1303;-0.06;0;-0.02;-0.25;0.18;0.11;0.04
g1304;-0.05;-0.05;0.26;0.37;0.4;-0.16;-0.07;g1304;0.63;0.12;0.03;0;0.09;-0.08;0.09;g1304;-0.25;0.14;0.24;-0.02;0.16;0.17;0.29;g1304;-0.14;0.06;-0.12;-0.09;-0.33;0.23;0.22
g1305;-0.35;-0.56;0.08;-0.13;1.13;0.01;-0.21;g1305;-0.31;-0.45;0;0.2;0.39;0.95;0.27;g1305;-0.28;-0.31;0.22;-0.31;0.36;0.64;0.09;g1305;0.18;0.31;-0.03;-0.03;0.03;0.03;0
g1306;-0.35;-0.17;0.36;-0.02;0.18;-0.26;0.03;g1306;0.87;0.12;-0.14;0.07;0.21;0.25;0.14;g1306;-0.16;0.18;0.32;0.01;0.07;0.02;0;g1306;0.11;0.07;0.08;0.14;-0.2;0.09;0.11
g1307;-1.02;-0.98;-0.4;-0.23;1.59;0.67;-0.23;g1307;-1.03;-0.54;0;0.23;0;1.25;0.2;g1307;-0.54;-0.65;-0.32;0.45;1.13;0.64;0.36;g1307;0.63;0.43;-0.25;0.6;0.1;-0.25;0.2
g2042;0.04;0.3;0.25;-0.28;-0.04;-0.21;-0.42;g2042;0.28;-0.11;0.31;-0.29;-0.18;-0.56;0.12;g2042;0.28;0.05;-0.3;-0.09;-0.6;-0.61;0;g2042;-0.22;0.06;-0.17;-0.36;0.06;-0.23;0.1
g2068;0.22;0.28;0.05;0.22;-0.11;0.12;-0.07;g2068;-0.01;-0.01;0.09;0.09;0.04;0.09;0.18;g2068;0.4;0.32;-0.13;-0.25;-0.4;-0.42;-0.28;g2068;0.11;0.03;-0.28;0.13;0.13;0.11;0.27
g2098;0.21;0.12;0;0.03;-0.21;-0.05;-0.29;g2098;-0.21;0.29;-0.18;0.41;-0.25;0.38;0.13;g2098;-0.02;-0.02;-0.02;-0.13;0.17;-0.07;0.17;g2098;0.09;0.1;-0.12;-0.02;0.24;0.2;0.04
g2130;0.14;0.18;-0.17;-0.26;-0.11;0.36;-0.11;g2130;-0.26;-0.13;-0.55;-0.37;0.31;0.04;-0.15;g2130;-1.07;-0.65;-0.33;-0.65;0.15;0.67;0.35;g2130;0.55;0.13;-0.04;-0.33;0.32;-0.08;-0.02
g2163;-0.3;0.21;0.04;0.35;0;0.27;-0.06;g2163;0.12;0.02;-0.73;-0.2;-0.13;-0.2;0.74;g2163;-0.14;0.26;0.11;-0.14;-0.19;-0.08;-0.16;g2163;0.05;0.05;0.07;0.06;0.24;0.27;0.31
g2175;0.27;-0.02;0.14;-0.07;-0.02;-0.17;-0.28;g2175;-0.05;0.14;-0.45;0.03;-0.34;0.2;0.28;g2175;0.06;0.09;0.03;0.4;0.08;0;-0.04;g2175;-0.21;0.16;-0.23;0.02;-0.08;0.13;0.34
g2214;-0.49;-0.01;0.07;0.31;-0.16;0.34;-0.56;g2214;0.51;-0.35;0.16;-0.53;-0.23;0.03;-0.08;g2214;0.43;0.32;0.13;0;-0.1;-0.36;-0.81;g2214;0.11;0.01;-0.01;-0.24;-0.01;-0.19;0.14
g2245;0.25;-0.06;-0.08;-0.25;-0.31;-0.29;-0.15;g2245;-0.14;-0.17;0.01;-0.06;-0.02;0.31;0.1;g2245;-0.08;-0.52;-0.16;-0.17;0.19;0.55;0.38;g2245;0.07;-0.03;-0.01;-0.22;0.27;-0.03;0.03
g2259;-0.28;-0.1;-0.07;-0.34;0.14;0.22;0.38;g2259;-0.17;-0.13;0.02;-0.02;-0.1;0.03;0.02;g2259;-0.05;-0.15;0.04;-0.84;-0.04;0.23;-0.17;g2259;0.16;0.08;-0.52;0.03;0.36;0.03;0.3
g2272;-0.08;-0.19;-0.14;0.28;-0.14;0;0.12;g2272;0.59;0;0.08;-0.32;-0.13;1.13;-0.11;g2272;-0.63;-0.7;0.1;0.18;0.48;0.78;0.41;g2272;-0.42;-0.25;-0.16;-0.47;0.35;-0.22;0.24
g2292;0.34;0.04;0.1;-0.06;-0.34;0.04;-0.19;g2292;0.28;0.02;-0.24;-0.02;-0.29;0.25;0.2;g2292;0.22;0.26;0.18;0.01;-0.06;-0.25;0.27;g2292;-0.12;-0.12;-0.08;-0.01;0.22;0.02;-0.1
g2369;0.01;-0.03;0.11;0.28;0.62;0;-0.17;g2369;0.14;0.04;0.08;0.23;-0.01;0.05;-0.05;g2369;-0.38;-0.28;0.11;-0.06;0;0.18;0.04;g2369;1.09;-0.39;-0.16;-0.39;-0.2;-0.49;-0.33
g2434;0.19;-0.03;0.1;0.18;-0.34;0.07;-0.15;g2434;0.09;0.19;-0.05;0.29;-0.15;0.04;0.51;g2434;0.03;-0.1;0.17;0.18;0.09;0.15;0.39;g2434;-0.12;0.24;0.17;0.17;0.35;-0.12;0.18
g2446;0.15;-0.21;0.16;-0.06;0.21;0.03;-0.13;g2446;0.53;-0.35;1.18;0;0.73;0;0;g2446;-0.25;-0.33;0.23;0.33;0.46;0.29;0.16;g2446;-0.07;-0.07;0.03;-0.03;0.13;0.08;0.16
g2474;-0.18;-0.17;-0.29;0.03;-0.09;0.02;-0.32;g2474;0.02;-0.33;0.3;-0.2;0.15;0.07;0.32;g2474;-0.33;-0.36;-0.19;-0.03;0.17;0.2;-0.11;g2474;-0.2;0.1;-0.15;-0.21;0.23;0.06;0.19
g2601;-0.34;-0.04;0.05;0.48;0.08;-0.25;-0.12;g2601;-0.12;0.3;0.15;0.38;-0.41;0.02;-0.09;g2601;0;0.01;0.43;-0.28;-0.54;-0.4;-0.27;g2601;-0.15;0.42;-0.24;-0.22;-0.39;-0.32;0.07
g2617;0.15;0.01;0.15;-0.06;-0.05;-0.08;0.15;g2617;0.3;0.02;0.18;0.26;-0.07;0.15;-0.21;g2617;0.1;-0.16;-0.12;-0.37;-0.57;-0.37;-0.2;g2617;0.43;-0.09;0;-0.2;-0.15;-0.02;0.14
g2641;0.15;0.07;0.08;-0.56;-0.22;-0.45;-0.32;g2641;-0.02;-0.37;-0.16;-0.25;-0.47;-0.11;0.6;g2641;-0.15;-0.25;-0.46;0.25;-0.37;-0.27;0.35;g2641;0.04;-0.25;-0.33;-0.37;-0.29;-0.06;0.05
g2701;0.16;0.21;-0.24;-0.06;-0.19;-0.19;-0.06;g2701;0.03;-0.05;0.03;0.03;0.01;-0.38;-0.14;g2701;-0.15;-0.27;0.2;-0.13;0.13;0.18;0.08;g2701;0.08;-0.25;0.05;-0.25;0.17;-0.15;-0.3
g2722;-0.3;-0.47;-0.24;-0.24;0.88;0.6;-0.06;g2722;-0.29;0.01;-0.05;0.4;0.27;0.41;0.43;g2722;0.17;0.27;0.11;0.06;0.26;-0.01;-0.29;g2722;0.8;0.5;0.02;0.41;0.02;-0.25;0.14
g2741;-0.5;0.07;0.28;0.48;0.29;0.21;-0.38;g2741;0.02;-0.09;0.4;0.01;0.33;0.24;0.91;g2741;-0.18;-0.32;-0.01;0.22;0.26;0.08;0.14;g2741;-0.25;0.27;0.17;0.21;-0.16;-0.07;0
g2764;-0.18;0.19;0.07;-0.2;-0.01;0.09;-0.11;g2764;0;0;0;0;0;0;0;g2764;0.19;0.38;0.38;-0.05;0.41;0.15;-0.11;g2764;-0.09;-0.27;-0.25;-0.23;0.22;-0.11;0
g2774;0.33;0.07;0.06;0.01;-0.16;-0.1;-0.28;g2774;-0.24;0.1;-0.69;0.27;-0.66;0.33;0.09;g2774;0.21;0.28;0.15;-0.15;0.28;0.13;0;g2774;-0.23;0.13;0.17;0.11;0.05;0.14;-0.01
g2803;-0.23;-0.65;-0.06;0.53;0.98;1.05;0.14;g2803;-0.67;0.2;-0.22;1.31;0.38;0.66;-0.17;g2803;-1.02;-0.98;0.28;0.96;1;0.75;0.05;g2803;-0.34;0.23;0.1;0.33;-0.07;0.27;0.42
g2900;0.15;0.01;-0.1;0.08;0.4;-0.17;-0.01;g2900;0.72;0.21;-0.66;0.3;-0.31;0.05;0.36;g2900;0.11;-0.02;0.56;-0.46;0.06;0.26;0.34;g2900;-0.14;-0.13;0.23;0.06;-0.24;0.34;-0.18
g2921;-0.39;-0.23;-0.05;-0.14;-0.26;-0.52;-0.64;g2921;0.24;0.12;-0.37;-0.51;0.52;0.14;0.16;g2921;0.27;0.27;0.34;-0.1;-0.21;0.13;0.09;g2921;0.37;-0.35;0.11;-0.75;0.24;-0.78;-0.82
g2986;-0.04;0.17;0.06;-0.09;-0.13;-0.2;-0.07;g2986;-0.01;-0.22;0.2;-0.17;-0.19;-0.28;-0.3;g2986;-0.28;-0.22;0.32;0.57;-0.07;0.12;0.43;g2986;-0.45;-0.22;-0.04;-0.35;0.05;0.34;0.31
g3054;0.02;0.08;0.06;-0.12;-0.14;-0.21;0.03;g3054;0.38;-0.24;0.56;-0.5;-0.11;-0.33;-0.79;g3054;-0.05;-0.12;-0.37;-0.65;-0.77;-0.5;-0.55;g3054;0.31;-0.19;-0.06;-0.36;0.16;-0.48;-0.19
g3155;-0.11;-0.05;0.19;0.58;0.06;0.01;-0.28;g3155;-0.13;-0.13;-0.21;-0.01;0.03;0.01;1.01;g3155;-0.26;0.32;0.17;-0.23;-0.35;0.04;0;g3155;-0.24;-0.02;-0.18;-0.19;-0.15;0.06;0.09
g3238;0.18;0.01;-0.13;-0.29;-0.03;-0.16;-0.16;g3238;0.4;-0.34;0.27;0.01;0.2;-0.1;-0.23;g3238;-0.19;-0.08;-0.36;0.54;0.23;-0.22;0.25;g3238;0.01;0.19;0.07;-0.33;-0.07;0.08;-0.03
g3266;-0.32;0.43;0;0.11;0.38;-0.12;0.28;g3266;0.16;0.47;-0.09;0.48;-0.25;0.3;0.31;g3266;-0.28;0.02;-0.23;-0.04;0.23;0;0.37;g3266;-0.18;-0.37;-0.25;-0.23;-0.48;0.07;-0.13
g3278;-0.4;0.03;-0.01;0.06;-0.18;-0.07;-0.17;g3278;0.1;0.42;0.26;0.01;0.24;-0.1;-0.2;g3278;0;0;0;0;0.27;-1.05;0.27;g3278;-0.25;-0.06;-0.2;-0.22;0.12;0.01;0.28
g3320;0.06;-0.06;0.15;-0.13;0.1;0.07;-0.25;g3320;-0.53;-0.07;2.13;0.02;-0.56;0.26;0.01;g3320;0.14;0.18;-0.27;0.07;-0.37;-0.16;0.5;g3320;-0.16;0.01;0.14;0.21;-0.03;0.58;0.02
g3324;0.2;-0.17;0.11;-0.21;-0.01;-0.25;-0.29;g3324;-0.05;-0.2;0.29;0.02;0.21;0.29;0.28;g3324;-0.44;-0.14;-0.05;0.92;0.2;0.08;0;g3324;-0.37;-0.08;0.36;0.03;-0.24;0.46;0.38
g3330;0.17;0.26;-0.02;0.1;-0.12;0.11;-0.18;g3330;0.07;0.11;0.09;0.21;0.06;-0.03;0.51;g3330;-0.11;0.53;0.1;0.12;0.5;-0.07;0;g3330;-0.21;0.03;0.46;-0.08;-0.03;0.32;-0.07
g3348;-0.19;0.08;0.02;0.18;-0.42;0.21;0;g3348;0.42;-0.57;0.48;-0.19;-0.13;0.14;0.31;g3348;0.19;0.17;0.14;0;0;-0.58;-0.3;g3348;0.19;-0.33;-0.29;-0.27;0.14;-0.16;0.13
g3381;0.32;0;0.07;-0.14;-0.26;0.03;-0.16;g3381;0.52;-0.28;-0.09;-0.54;0.26;0;0;g3381;-0.23;0.26;0.24;-0.55;-0.21;-0.21;0.1;g3381;-0.07;0;0.11;-0.02;-0.18;0.06;-0.02
g3447;-0.31;-0.24;-0.4;-0.03;-0.18;0.04;-0.03;g3447;0.33;0.64;0.6;0.54;-0.12;-0.01;-0.01;g3447;0.16;0.8;0.47;-0.18;0.38;-0.08;0.38;g3447;-0.3;-0.13;-0.84;-0.5;-0.04;0.22;0.36
g3460;0.27;0.18;-0.05;0.27;-0.05;0.13;-0.14;g3460;0.2;0.28;0.2;0.25;0.23;0.09;0.15;g3460;-0.16;0.47;0.23;-0.13;0.04;-0.07;0;g3460;-0.05;0.41;0.25;0.24;-0.07;0;-0.09
g3475;0.35;0;0.06;-0.05;-0.17;-0.12;0.11;g3475;-0.19;0.11;-0.25;-0.02;-0.69;-0.07;0.02;g3475;0.34;0.1;0.08;0;0;-0.52;-0.29;g3475;0.18;0.01;0.33;0.34;-0.1;0.18;-0.1
g3530;0.23;-0.14;0;-0.13;-0.24;-0.26;-0.06;g3530;0;0;0;0;0;0;0.15;g3530;0.04;-0.23;0.13;0.18;-0.34;0.19;0;g3530;-0.24;0.36;0.35;0.22;0.11;0.48;-0.04
g3557;0.22;0.05;-0.01;-0.16;-0.01;-0.42;-0.3;g3557;0.02;0.28;0.25;0.37;-0.07;0.31;0.21;g3557;-0.49;0.05;-0.47;1.64;0.28;0;0.49;g3557;-0.34;-0.36;-0.48;-0.57;-0.52;0.09;0.3
g3645;0.23;-0.08;-0.06;-0.01;-0.08;0.04;-0.33;g3645;-0.42;0.3;-0.74;0.43;-0.55;-0.04;0.25;g3645;0.13;-0.02;0.17;0.23;0.22;0.07;-0.04;g3645;-0.3;-0.08;0.01;0;0.16;0.29;-0.13
g3699;0.34;-0.11;0.05;-0.23;-0.02;-0.07;-0.23;g3699;-0.19;0.06;-0.32;0.18;0;0.69;0.09;g3699;-0.45;0.07;-0.15;-0.05;0.09;0.12;0.04;g3699;-0.22;-0.08;0.14;-0.04;0.25;0.44;0.09
g3709;0.17;0.07;0.48;-0.44;0.08;-0.31;-0.37;g3709;-0.2;0.3;0.01;0.05;-0.45;0.06;0.42;g3709;-0.28;-0.72;-0.01;0.23;-0.28;-0.06;0;g3709;-0.33;-0.16;-0.14;-0.1;0.1;0.21;0.2
g3715;0.13;-0.11;0.05;-0.19;0.16;0.13;-0.27;g3715;-0.14;-0.23;-0.46;-0.01;-0.6;0.54;0.03;g3715;0.84;0.45;1.07;-2.89;-3.89;0.56;0.06;g3715;-0.33;-0.3;0.12;-0.18;-0.22;0.72;0.26
g3719;0.18;-0.18;-0.34;-0.07;0.12;0.44;-0.07;g3719;-0.17;-0.41;-0.27;0.1;-0.07;0.79;0.42;g3719;0.3;-0.4;-0.14;-0.06;0.33;-0.01;-0.29;g3719;0.2;0.28;0.3;0.08;-0.34;0.4;0.03
g3769;0.57;-0.18;0.55;-0.05;0.23;-0.4;-0.18;g3769;-0.17;0.52;-1.03;0.52;-0.31;0.12;0.12;g3769;0.24;-0.1;0.12;-0.16;-0.39;-0.06;-0.41;g3769;0.16;0.09;0.29;0.26;-0.2;-0.12;-0.25
g3829;0.36;0.18;0.45;0.04;0.16;0.02;-0.29;g3829;0.12;0.51;0.49;0.31;0.03;0.31;0.1;g3829;-0.6;0.05;-0.09;1.04;-0.03;0.17;0.4;g3829;-0.05;-0.09;0.18;0.16;-0.01;0.45;0.32
g3852;0.14;-0.18;-0.24;-0.26;-0.42;-0.01;-0.09;g3852;-0.36;-0.33;-0.92;0.03;0.18;0.54;0.34;g3852;-0.57;-0.27;-0.62;0.6;0.62;0.39;0.31;g3852;0.07;0.03;-0.06;-0.05;0.2;0.04;0.36
g3873;0.13;-0.09;0.17;-0.19;0.29;-0.07;-0.19;g3873;-0.93;0.5;1.36;0.33;-0.45;0.14;0.29;g3873;0.17;-0.16;0.29;0.24;0.01;-0.12;0;g3873;0.12;0.02;-0.07;-0.04;-0.01;0.12;0
g3941;0.21;-0.1;0.06;-0.16;-0.21;-0.18;-0.18;g3941;-0.29;0.42;-0.07;0.32;-0.59;0.22;0.06;g3941;0.23;0.28;-0.07;-0.25;0.01;-0.23;0;g3941;0.27;0.18;0.14;0.02;-0.36;0.09;-0.03
g4006;0.14;-0.05;0.06;0.47;0.01;-0.06;-0.06;g4006;-0.08;0.32;-0.86;-0.88;-0.04;0.52;0.2;g4006;-0.02;-0.36;-0.33;0.76;0.52;-0.08;0.53;g4006;-0.3;0.47;0.3;0.31;0.04;0.11;-0.1
g4021;0.12;-0.05;0.03;0.01;-0.14;-0.12;-0.05;g4021;-0.27;0;-0.06;-0.31;-0.46;0.02;0.23;g4021;0.32;0.3;-0.3;-0.12;0.29;-0.34;0.59;g4021;0;0.04;0.2;-0.02;-0.13;0.27;0.08
g4034;0.13;-0.08;-0.1;0.16;-0.04;0.03;-0.06;g4034;0.53;0.07;0.13;0.11;0.26;-0.16;-0.08;g4034;0.4;-0.18;0.28;0;0.25;0.52;0;g4034;-0.12;0.06;0.25;0.06;-0.17;0.27;0.35
g4048;-0.01;-0.14;0.05;0.36;-0.22;0.1;0;g4048;-0.05;-0.26;-0.32;-0.08;-0.2;0.12;0.09;g4048;0.04;-0.02;0.01;0.21;0.16;0.05;0.18;g4048;-0.19;0.26;0.22;-0.05;0.28;0.12;0.04
g4064;0.17;-0.06;0.36;0.53;0.04;-0.02;-0.38;g4064;-0.17;0.13;-0.69;0.12;-0.25;0.18;0.33;g4064;0.08;-0.14;0.12;-0.06;-0.18;0.09;0.05;g4064;-0.25;0.07;0.04;-0.1;0.41;0.24;0.14
g4073;-0.05;-0.1;0.12;-0.26;-0.08;-0.18;-0.03;g4073;-0.04;-0.16;0.16;-0.22;-0.07;-0.18;0.02;g4073;0.01;-0.01;-0.15;-0.07;-0.11;-0.09;0.34;g4073;-0.09;-0.09;-0.09;-0.36;-0.05;-0.05;-0.26
g4138;0.05;0.22;0.01;0.04;-0.01;-0.18;-0.28;g4138;0.3;0.01;-0.25;-0.13;-0.35;-0.06;0.15;g4138;0.16;-1.43;-0.43;0;-0.23;-0.78;0.13;g4138;0.12;-0.25;-0.28;-0.39;0.13;-0.33;-0.04
g4173;0.17;-0.43;-0.15;0;-0.06;-0.08;-0.27;g4173;-0.21;0.25;-0.76;0.34;-0.11;0.43;0.3;g4173;0.13;-0.37;-0.09;0.42;0.43;0.28;0.09;g4173;-0.08;0.1;0.13;0.06;0.13;-0.08;-0.05
g4196;0.29;0.05;-0.01;0.08;-0.24;-0.27;-0.22;g4196;0.23;0.45;-0.04;-0.14;-0.64;0;-0.34;g4196;-0.5;-0.5;0.21;0;0.01;-0.5;1.08;g4196;-0.04;0.13;0.4;0.4;0.18;0.35;0.08
g4231;-0.03;0.06;-0.06;0.22;-0.14;0.14;-0.14;g4231;-0.03;-0.17;-0.49;0.01;-0.1;0.01;0.04;g4231;0.28;0.73;-0.22;-0.81;0.13;0.36;-0.13;g4231;0.04;-0.15;-0.08;-0.02;0.28;0.12;0.19
g4253;0.11;-0.37;0;0.08;-0.16;-0.07;-0.21;g4253;0.22;-0.31;0.44;-0.24;-0.05;-0.26;-0.22;g4253;-0.38;-0.43;0.13;0.51;0.19;-0.1;0;g4253;-0.12;0.13;0.13;-0.21;0.2;0.07;0.11
g4271;0.2;-0.31;-0.03;-0.03;0.04;0.04;-0.11;g4271;-0.12;-0.51;-0.36;0;0.19;0.43;0.37;g4271;-0.29;-0.35;-0.08;0.19;0.07;0.21;-0.28;g4271;-0.36;-0.08;0.18;0.08;-0.04;0.17;-0.02
g4287;0.17;0.02;-0.01;-0.34;-0.29;-0.29;0.01;g4287;0.14;-0.17;0.22;-0.24;0.01;-0.16;-0.34;g4287;0.19;-0.21;0.28;-0.03;-0.05;0.22;0;g4287;0.26;-0.14;-0.21;-0.18;0.38;0.27;-0.22
g4333;0.09;-0.13;0;-0.32;-0.1;-0.22;-0.06;g4333;0.62;0.34;0.19;-0.33;-0.65;-0.59;-0.53;g4333;-0.28;0.15;0.01;-0.39;-0.18;-0.18;-0.02;g4333;0.31;0.12;-0.41;-0.11;-0.08;-0.08;-0.1
g4392;0.22;0.07;0.15;-0.13;0.07;0.11;-0.07;g4392;0.04;0.22;0.34;0.36;0.24;0.42;0.24;g4392;-0.6;-0.46;-0.19;1.16;0.37;-0.02;0.18;g4392;-0.17;-0.06;0.01;-0.01;0.08;0.25;0.12
g4433;0.37;0.02;0.21;-0.08;-0.03;-0.08;-0.24;g4433;0.42;-0.07;0.03;-0.22;-0.33;-0.16;-0.29;g4433;-0.32;0.16;0.07;0.47;-0.13;-0.59;-0.05;g4433;-0.09;0.03;0.3;0.36;0.16;0.3;-0.01
g4458;0.05;-0.28;-0.02;0.14;0.31;0.05;-0.18;g4458;-0.22;0.17;-0.66;0.25;0.88;0.23;-0.13;g4458;0.24;-0.21;0.07;0.28;0.28;0.1;0;g4458;-0.24;-0.11;0.01;-0.09;0.01;0.18;-0.19
g4466;-0.04;0.27;-0.18;-0.07;-0.36;0.21;-0.27;g4466;0.38;-0.12;0.1;-0.27;0.14;0;0;g4466;0.2;0.65;-0.15;-0.25;-0.21;0.01;-0.02;g4466;-0.11;-0.16;-0.26;-0.13;0.26;-0.24;0.05
g4534;0.16;0.05;0.06;-0.42;-0.17;-0.05;-0.46;g4534;0.36;0.14;0.19;0.05;-0.24;0;-0.02;g4534;0.36;0.15;0.09;0.04;-0.22;-0.08;-0.14;g4534;0.15;-0.03;-0.54;-0.16;0.02;-0.22;0.03
g4568;0.09;0.3;-0.42;-0.24;-0.84;-0.92;0.28;g4568;0.06;-0.61;-0.36;-0.33;-0.18;-0.28;0.76;g4568;0.51;0.75;-0.66;-1.12;-0.78;-0.48;-0.34;g4568;-0.58;-0.66;-0.43;-0.99;-0.55;-0.2;0.15
g4569;0;0;0;0;0;0;0;g4569;0.13;-0.5;-0.65;-0.2;0.06;-0.2;0.14;g4569;-0.6;-0.09;-0.64;0.16;-0.42;-0.25;0;g4569;0;0;0;0;0;0;0
g4577;0.18;0.03;-0.05;-0.22;-0.46;-0.11;-0.12;g4577;-0.34;-0.2;0.36;-0.06;-0.11;0.53;0.09;g4577;0.24;0.18;0.1;0.01;0.13;-0.42;0;g4577;-0.07;-0.15;-0.03;-0.1;0;0.09;0.16
g4593;0.07;-0.54;-1.11;-0.77;0.66;1.14;0.3;g4593;-0.93;-1.31;-1.19;0.2;1.08;0.99;0.86;g4593;-0.34;-0.66;-1.49;0.35;1.05;0.62;0.25;g4593;0.48;0.54;0.59;0.53;0.24;0.27;0.3
g4597;0.27;0.29;0.05;-0.24;-0.24;0.03;-0.22;g4597;0;0;0;0;0;0;0;g4597;0.47;0.18;0.17;0.04;-0.17;-0.18;0.44;g4597;0.04;-0.01;-0.19;-0.07;0.18;-0.01;-0.01
g4604;0.12;0.11;-0.14;0.09;-0.24;0.06;-0.41;g4604;0.58;0.4;-0.19;0.14;0.02;0.29;0.21;g4604;0.19;0.61;-0.03;-0.19;-0.08;-0.23;0.06;g4604;-0.12;-0.24;-0.32;-0.09;0.01;0;0.06
g4609;0.39;0.04;-0.17;-0.23;-0.14;-0.12;-0.19;g4609;0;0;0;0;0;0;0;g4609;0.27;-0.62;0.06;0.1;0.23;0.01;0.13;g4609;-0.11;-0.07;0.33;0;-0.04;0.22;-0.22
g4620;-0.02;0.33;0.03;-0.2;-0.09;-0.06;-0.18;g4620;0;0.07;0;0;0;0;0;g4620;0.23;-0.04;-0.11;0.01;-0.04;-0.24;-0.02;g4620;-0.03;0.09;-0.17;-0.07;-0.06;-0.06;-0.09
g4633;0.38;0.02;0.05;-0.15;0.05;-0.17;-0.14;g4633;0;0;0;0;0;0;0.6;g4633;-0.25;-0.19;0.27;0.66;0.37;0.49;0.09;g4633;0.16;0.71;0.48;0.44;0.03;0.25;-0.19
g4686;0.35;-0.18;-0.06;-0.18;0.07;-0.05;-0.21;g4686;0;0;0;0;0;0;0;g4686;-0.59;-0.62;-0.2;0.6;0.52;0.34;0;g4686;-0.38;0.1;0.25;-0.09;-0.74;0.37;0.55
g4723;0.16;-0.15;0.1;0.2;-0.25;0.01;-0.23;g4723;0.46;0;0.41;0;0.08;0;0;g4723;0.09;-0.57;0.37;-0.08;-0.11;-0.61;0.06;g4723;-0.34;0.25;0.25;0.03;-0.36;0.07;0.28
g4800;0.27;0.05;0.18;0.15;-0.11;0.08;0.08;g4800;0.33;-0.11;0.11;-0.39;0.09;-0.23;0.33;g4800;0.52;0.04;-0.15;-0.21;-0.22;-0.26;0.22;g4800;0.33;0.35;0.27;0.42;0.08;0.2;-0.18
g4819;-0.05;-0.26;-0.14;0.16;0.29;0.16;-0.01;g4819;0.78;0.56;0.48;-0.35;-0.3;-0.33;0.69;g4819;-0.11;-0.58;0.32;-0.12;-0.19;-0.07;0.08;g4819;0;0.31;0.19;0.33;-0.22;0.3;0.2
g4828;0.13;-0.37;-0.44;-0.24;0;-0.08;-0.31;g4828;-0.18;-0.38;-0.44;0.32;0.1;0.22;0.53;g4828;-0.15;0.06;0.2;0.05;0.51;0.49;0.36;g4828;-0.33;-0.06;0.02;-0.32;-0.14;0.18;-0.03
g4852;0.11;-0.11;-0.08;0.15;-0.11;0.14;-0.13;g4852;0.36;0.25;0.12;-0.01;0.07;-0.19;0.85;g4852;0.52;0.34;0.08;-0.56;-0.02;-0.06;0;g4852;0.04;-0.01;0.41;0.46;-0.09;0.15;0.11
g4987;-0.2;-0.15;-0.39;-0.13;-0.13;-0.05;-0.31;g4987;0;0;0;0;0;0;0;g4987;-0.98;-0.86;-0.04;0.35;0.56;0.1;0.42;g4987;-0.14;-0.02;0.19;-0.46;-0.24;0.28;0.28
g5040;-1.88;-1.46;-2.14;1.6;2.71;2.71;0;g5040;-2.54;-0.4;1.17;1.42;1.94;0.8;-0.27;g5040;-0.76;-1.03;-0.1;1.63;1.31;1.23;-0.03;g5040;-0.83;-1.06;0.15;0.92;0.83;2.16;1.9
g5165;0.31;0;-0.13;-0.22;-0.12;-0.22;-0.32;g5165;-0.16;0.03;-0.25;-0.04;-0.37;-0.02;0;g5165;0.2;0.24;-0.16;-0.44;-0.28;0.22;-0.09;g5165;-0.33;-0.09;-0.14;0.02;-0.35;0.13;-0.2
g5208;0.3;-0.06;0.14;0.18;-0.16;-0.03;-0.05;g5208;0.28;0.42;-0.28;0.19;-0.65;-0.28;-0.11;g5208;0.18;0.15;0.06;-0.21;-0.35;-0.37;0.17;g5208;0.17;-0.25;0.15;0.37;-0.04;-0.2;-0.06
g5209;0.19;0.04;0.16;-0.06;0.04;-0.31;-0.35;g5209;0.23;0.15;0.1;-0.06;-0.3;-0.09;-0.16;g5209;0.14;0.14;0.28;-0.26;-0.2;-0.51;0;g5209;0.63;-0.35;0.12;0.32;-0.05;0.28;-0.22
g5232;-0.03;-0.1;-0.2;-0.46;-0.38;-0.17;-0.49;g5232;-0.25;0.18;0.07;-0.3;-0.11;-1.13;-0.33;g5232;-0.23;-0.4;-0.27;-0.36;-0.54;-0.4;-0.27;g5232;-0.21;-0.15;-0.4;-0.33;0.21;-0.01;0.19
g5241;0.23;0.36;0.28;0.1;0.17;0.13;-0.28;g5241;-0.41;-0.08;-0.41;-0.18;-0.06;0.23;0.23;g5241;0.44;0.35;0.35;0.52;0.14;0.11;0.35;g5241;0.26;0.52;0.17;0.19;0.14;0.63;0.12
g5258;0.19;0;-0.12;0.02;-0.03;0.13;0.09;g5258;0.05;0.25;-0.09;-0.25;0.49;0.03;0.72;g5258;0.33;0.33;0.21;-0.21;0.09;-0.42;-0.14;g5258;-0.05;0.28;0.12;0.16;-0.29;-0.05;-0.14
g5279;0.23;-0.4;0.08;-0.45;-0.22;-0.37;-0.3;g5279;0.52;0.34;0.22;-0.07;-0.46;-0.02;0.04;g5279;-0.26;-0.11;0.44;0.39;0.46;0.14;0.55;g5279;-0.64;-0.37;-0.11;-0.2;-0.56;0.16;0.55
g5289;0.17;-0.44;-0.1;-0.37;-0.07;-0.18;-0.08;g5289;0.1;-0.01;-0.06;-0.3;0.03;0;-0.12;g5289;-0.35;-0.36;-0.35;0.25;-0.56;-0.72;-0.36;g5289;-0.21;0.03;0.36;-0.07;-0.07;0.33;0.07
g5294;0.06;-0.3;-0.06;0.1;-0.4;0.21;-0.04;g5294;0.48;-0.06;0.38;-0.42;0.61;0.8;-0.24;g5294;-0.42;0.03;-0.22;-0.05;-0.22;0.17;0.24;g5294;0.32;-0.37;-0.33;-0.56;0.4;-0.4;0.26
g5321;0.27;0.08;0.42;0.35;-0.04;0.11;-0.02;g5321;-0.01;-0.08;-0.46;0.06;-0.24;0.35;0.79;g5321;-0.01;0.03;-0.18;0;0.32;0.58;0;g5321;0.14;0.38;0.06;0.24;0.4;0.16;0.16
g5331;0.04;-0.08;0;0.05;-0.34;-0.01;-0.47;g5331;0.01;-0.08;-0.43;0.05;-0.15;-0.06;0.26;g5331;0.08;0.07;0;0.18;0.23;0.31;0;g5331;-0.39;-0.05;0;-0.26;-0.11;0.32;-0.09
g5342;-0.07;0.12;-0.21;-0.21;-0.09;0.02;-0.06;g5342;-0.33;0.24;-0.37;0.15;-0.12;0.54;0.1;g5342;0.19;0.42;0.11;-0.04;0.01;-0.2;0;g5342;0.18;-0.14;-0.04;-0.11;-0.05;-0.31;-0.11
g5344;0.09;-0.03;0.14;-0.02;0.04;0;0;g5344;-0.01;0.23;0.49;-0.47;-0.22;-0.65;-0.22;g5344;0.16;0.31;0.78;0.11;-0.09;-0.29;0.2;g5344;0.01;-0.28;0.05;-0.01;-0.12;0.11;0.18
g5382;0.29;0.14;-0.08;-0.05;-0.1;-0.23;-0.32;g5382;-0.04;0.05;-0.06;-0.02;-0.24;0.32;0.1;g5382;-0.07;-0.35;0.96;-0.79;0.44;0.71;0.17;g5382;-0.13;0.3;0.12;0.14;0.11;0.3;0.17
g5438;0.11;0.17;0.11;-0.17;-0.19;-0.1;-0.26;g5438;-0.1;0.35;-0.22;0.29;-0.39;-0.14;0.18;g5438;0.29;0.34;0.2;-0.23;-0.17;-0.43;0;g5438;0.17;-0.05;-0.42;-0.27;0.13;-0.23;-0.25
g5445;0.24;0.05;-0.02;0.17;-0.4;0;0;g5445;-0.06;0.03;-0.12;0.05;-0.19;0.55;0.69;g5445;-0.02;-0.08;-0.22;0.29;0.37;0.17;0.21;g5445;-0.1;0.09;0.13;0.08;0.33;-0.09;0.11
g5451;-0.06;0.05;-0.22;-0.26;-0.1;0.38;0;g5451;0;0.07;0.51;-0.38;0.78;0.38;0;g5451;-0.01;-0.17;-0.27;-0.2;-0.33;-0.01;-0.16;g5451;0.07;0.25;0.2;0.17;-0.12;0;-0.03
g5498;0.1;0.13;-0.2;-0.3;-0.19;-0.46;-0.3;g5498;0.4;-0.21;0.34;-0.43;-0.46;0;-0.17;g5498;-0.4;-0.58;-0.04;0.06;0.1;-0.07;0.87;g5498;0.11;0.02;0.11;-0.1;0.31;-0.14;-0.1
g5545;0.22;0;-0.01;-0.18;0;-0.18;-0.22;g5545;-0.13;-0.5;-0.66;0.07;0.22;0.96;0.67;g5545;0.23;0.42;0.14;0.16;0.02;0.16;-0.32;g5545;-0.26;0.17;0.1;0.06;0.17;0.26;0.16
g5546;0.22;-0.33;0.1;-0.25;0.06;-0.23;-0.25;g5546;-0.24;-0.32;-0.3;-0.24;-0.22;0.04;0.21;g5546;0.04;0.1;0.09;-0.11;-0.17;0.08;0.13;g5546;-0.03;0.19;0.21;-0.07;-0.39;0.19;-0.07
g5555;0.17;0;0.15;0.02;0.17;-0.03;-0.28;g5555;0.31;0.2;0.06;0;-0.28;0.18;0.18;g5555;0.05;0.12;0.17;0.3;0.05;-0.12;0;g5555;-0.34;-0.08;0.06;0.27;0.16;-0.12;0.15
g5593;0.2;0.18;-0.16;-0.26;-0.5;-0.28;-0.16;g5593;1.68;1.28;1.14;0.26;-0.62;-0.65;-0.49;g5593;0.33;0.33;0.03;-0.5;-0.8;-0.49;0.01;g5593;-0.34;-0.23;0.06;-0.38;0.32;0.14;-0.05
g5630;0.06;0.09;0.09;0.06;-0.05;-0.05;-0.18;g5630;0;-0.14;-0.02;-0.24;0.14;-0.07;-0.19;g5630;0.12;0.21;0.33;-0.32;-0.14;-0.08;-0.37;g5630;-0.1;-0.03;-0.03;-0.01;-0.01;-0.36;-0.12
g5672;0.04;0.14;-0.02;0.06;-0.15;-0.02;-0.09;g5672;0.36;0.22;-0.41;-0.07;-0.17;-0.69;-0.55;g5672;-0.05;0.24;-0.42;0;0.48;0.58;-0.42;g5672;-0.01;-0.13;0.23;-0.65;0.24;0.03;0.09
g5704;-0.23;-0.4;-0.19;0.28;0.34;0.76;-0.01;g5704;0.3;-0.01;0.07;-0.07;0.12;-0.01;-0.13;g5704;-0.7;-0.95;-0.12;0.54;1.17;0.55;-0.03;g5704;0.09;0.28;-0.13;0.18;0.28;0.5;0.38
g5724;0.13;0.14;-0.13;-0.18;-0.36;-0.13;-0.4;g5724;0.12;0.21;-0.18;0.18;-0.07;0;0.03;g5724;-0.4;-0.19;-0.34;-0.1;-0.07;0.19;0.2;g5724;0.18;0.04;0.04;0.06;0.28;-0.3;-0.09
g5730;0.1;-0.14;0.1;0.19;0.1;0.19;-0.25;g5730;0.68;-0.22;0.29;-0.01;-0.13;-0.23;-0.03;g5730;-0.24;0.08;0.05;0.11;0.04;-0.22;-0.13;g5730;0.42;0.09;0.28;0.37;0.32;0.33;0.4
g5764;0.11;0.04;0.74;0.14;-0.06;-0.16;0.09;g5764;0.74;-0.31;-0.15;-0.26;0.2;0.03;-0.37;g5764;-0.15;0.47;0.38;-0.29;-0.21;-0.35;0.29;g5764;-0.15;0.1;-0.24;0.32;0.03;0.16;-0.02
g5825;0.3;0.01;-0.06;-0.36;-0.47;-0.66;-0.3;g5825;0.67;0.19;0.66;-0.28;-0.11;-0.18;-0.38;g5825;-0.03;0.07;0.05;0.09;-0.06;0.36;0.3;g5825;-0.07;-0.14;0.04;-0.1;-0.32;0.01;0.16
g5827;0.12;-0.05;-0.03;-0.25;0.03;-0.27;-0.53;g5827;0.19;0.15;0.09;-0.14;-0.07;0.16;0.07;g5827;0.09;0.39;0.55;-0.15;-0.25;0.02;0.07;g5827;0.03;-0.16;0.3;0.17;-0.58;-0.12;0.09
g5836;0.3;0.11;0.2;-0.01;-0.1;0.04;-0.2;g5836;-0.02;0.14;-1.48;0.23;-0.39;-0.11;0.08;g5836;-0.07;0.18;-0.05;0.55;-0.13;-1.3;0.48;g5836;0.2;-0.02;-0.16;0.02;0.23;-0.79;-0.42
g5861;0.13;0.1;-0.19;0.02;-0.11;-0.42;-0.26;g5861;0.21;0.13;-0.1;-0.22;-0.29;0.23;0.13;g5861;0.05;0;-0.46;0.73;0.32;0;0.19;g5861;-0.67;-0.12;0.41;0.26;-0.41;0.49;-0.27
g5864;0.07;-0.11;0;-0.03;-0.11;0.07;-0.31;g5864;0.64;-0.04;0.07;-0.11;0.8;0.09;-0.04;g5864;0.39;0.55;0.25;-0.28;-0.12;-0.32;-0.01;g5864;0.28;0;0.14;0.3;-0.08;-0.27;0.02
g5932;0.36;0.56;1.16;0.78;0.43;0.14;-0.42;g5932;0.66;-0.08;0.43;-0.14;0.05;0.12;0.76;g5932;0.63;0.79;0.36;0;-0.11;-0.23;-0.07;g5932;-0.02;0.37;0.72;0.85;0.8;0.54;0.14
g5986;0.2;-0.08;0.07;-0.04;-0.28;-0.12;-0.02;g5986;0;0.56;0;-0.3;0;-0.11;-0.18;g5986;0.35;0.78;0.55;-0.19;-0.57;-0.07;-0.12;g5986;0;0.12;0.15;0.12;-0.16;-0.05;-0.14
g5987;0.08;-0.07;-0.07;-0.04;-0.39;-0.05;-0.07;g5987;0;0;0.52;0;-0.69;0;0;g5987;0.16;0.22;0.31;-0.13;-0.4;-0.55;0.55;g5987;0.26;0.04;0.13;-0.04;-0.04;-0.29;-0.04
