t;s;g;el
0;0;3;19630.13
0;0;4;35249
0;0;5;17589.95
0;0;7;49.25
0;0;8;46360.04
0;0;9;8711.36
0;0;11;39886.18
0;0;16;35185.59
0;0;17;6207.01
0;0;18;2406.69
0;0;19;48204.68
0;0;21;18158.25
0;0;22;6321.34
0;0;27;47116.86
0;0;28;37376.78
0;0;29;50000
0;0;30;29814.93
0;0;31;37339.98
0;0;32;22359.76
0;0;34;35789.56
0;0;35;42416.02
0;0;40;12856.43
0;0;41;39869.48
0;0;48;41213.83
0;0;50;17304.23
0;0;55;12251.6
0;0;59;25133.63
0;0;61;22823.39
0;0;62;47094.76
0;0;63;17873.06
0;0;66;29264.51
0;0;68;7230.62
0;0;73;41801.03
0;0;74;1891.85
0;0;75;49208.05
0;0;76;27689.85
0;0;78;26356.47
0;0;79;4445.81
0;0;81;7205.49
0;0;90;40212.34
0;0;95;15884.93
0;0;96;0
0;0;97;32274.39
0;0;99;35774.2
0;0;103;48283.88
0;0;104;32783.43
0;0;108;42247
0;0;109;30425.18
0;0;110;28245.42
0;0;111;35789.56
0;0;112;41213.83
0;0;114;49.25
0;0;115;2347
0;0;117;37551.13
0;0;118;27628.13
0;0;122;7230.62
0;0;124;35594.54
0;0;133;34870.15
0;0;134;49.25
0;0;140;2796.95
0;0;144;9083.39
0;0;145;11874.39
0;0;147;22768.82
0;0;149;10759.99
0;0;152;26120.71
0;0;155;37469.77
0;0;157;43838.56
0;0;159;20334.21
0;0;162;48283.88
0;0;164;33657.43
0;0;167;43229.71
0;0;168;12822.65
0;0;171;29329.42
0;0;174;9719.55
0;0;175;43345.5
0;0;180;41721.25
0;0;182;41213.83
0;0;189;49483.78
0;0;190;15909.6
0;0;191;48374.43
0;0;192;49.25
0;0;195;41213.83
0;0;202;10271.31
0;0;205;13471.34
0;0;208;3561.51
0;0;209;39591.06
0;0;210;12237.05
0;0;216;27602.11
0;0;217;2470.55
0;0;221;36749.85
0;0;222;36408.31
0;0;223;16840.11
0;0;224;50000
0;0;226;43305.28
0;0;227;49763.85
0;0;230;7811.67
0;0;231;6850.09
0;0;235;9619.98
0;0;236;35594.54
0;0;237;26212.8
0;0;239;3151.65
0;0;245;2225.1
0;0;248;45700.95
0;0;259;41213.83
0;0;260;34629.95
0;0;263;21612.87
0;0;264;19341.21
0;0;268;41244.12
0;0;269;28485.05
0;0;270;15089.92
0;0;273;15628
0;0;274;25624.28
0;0;281;28132.33
0;0;285;1868.86
0;0;286;35594.54
0;0;287;11710.48
0;0;288;47792.07
0;0;293;50000
0;0;294;35758.26
0;0;295;17564.71
0;0;297;35594.54
0;0;298;48091.23
0;0;300;48283.88
0;0;303;26911.14
0;0;304;35789.56
0;0;309;30278.38
0;0;310;20424.54
0;0;312;1092.64
0;0;313;22142.18
0;0;316;4993.63
0;0;321;33844.74
0;0;322;35789.56
0;0;333;35203.73
0;0;335;7508.21
0;0;336;38465.31
0;0;337;13218.17
0;0;338;7230.62
0;0;339;48639.91
0;0;341;22808.77
0;0;342;40410.44
0;0;344;12608.93
0;0;347;35789.56
0;0;348;19520.05
0;0;349;27423.68
0;0;351;39408.21
0;0;352;0
0;0;355;45100.13
0;0;357;1530.65
0;0;358;30411.68
0;0;359;50000
0;0;360;38726.53
0;0;363;516.99
0;0;364;47094.76
0;0;365;28746
0;0;369;19916.22
0;0;372;35075.71
0;0;373;10230.86
0;0;375;18329.17
0;0;399;48283.88
0;0;400;41338.2
0;0;402;39330.7
0;0;411;13793.74
0;0;417;35149.05
0;0;419;8757.51
0;0;421;9727.57
0;0;425;6094.36
0;0;426;22451.01
0;0;433;35594.54
0;0;436;25941.5
0;0;437;35789.56
0;0;439;30018.69
0;0;446;35789.56
0;0;450;14939.73
0;0;455;21641.23
0;0;460;7517.82
0;0;463;46585.09
0;0;482;7230.62
0;0;483;32014.13
0;0;484;9035.25
0;0;485;24055.48
0;0;486;19520.05
0;0;487;34927.45
0;0;490;22768.82
0;0;491;9201.92
0;0;492;7230.62
0;0;493;2121.22
0;0;495;33709.62
0;0;496;41479.57
0;0;497;48283.88
0;0;498;45279.31
0;1;3;15211.14
0;1;4;6463.66
0;1;5;10430.52
0;1;7;2530.82
0;1;8;28003.97
0;1;9;29082.18
0;1;11;22419.24
0;1;16;7356.03
0;1;17;10054.57
0;1;18;31609.74
0;1;19;4007.69
0;1;21;10130.62
0;1;22;28857.06
0;1;27;3936.13
0;1;28;8500.98
0;1;29;8500.98
0;1;30;39357.91
0;1;31;39383.97
0;1;32;3379.53
0;1;34;19236.97
0;1;35;34022.43
0;1;40;3171.01
0;1;41;12352.58
0;1;48;16520.6
0;1;50;1972.5
0;1;55;35714.03
0;1;59;35295
0;1;61;7181.44
0;1;62;2921.29
0;1;63;37771.81
0;1;66;22495.52
0;1;68;49599.5
0;1;73;18011.36
0;1;74;10640.34
0;1;75;28342.34
0;1;76;43630.56
0;1;78;21126.13
0;1;79;21546.1
0;1;81;31318.94
0;1;90;46479.74
0;1;95;22253.35
0;1;96;12825.88
0;1;97;21108.64
0;1;99;34027.91
0;1;103;20253.3
0;1;104;19576.03
0;1;108;47219.94
0;1;109;8500.98
0;1;110;46086.2
0;1;111;25336.16
0;1;112;40556.96
0;1;114;47072.84
0;1;115;0
0;1;117;48288.18
0;1;118;18887.58
0;1;122;49605.6
0;1;124;50000
0;1;133;47643.81
0;1;134;12047.46
0;1;140;41624.02
0;1;144;10130.62
0;1;145;34102.13
0;1;147;6037.39
0;1;149;10759.99
0;1;152;18627.14
0;1;155;8087.65
0;1;157;4616.46
0;1;159;20334.21
0;1;162;13866.2
0;1;164;27230.39
0;1;167;12085.55
0;1;168;10016.05
0;1;171;25627.78
0;1;174;32408.84
0;1;175;70.78
0;1;180;154.4
0;1;182;41268.71
0;1;189;33943.19
0;1;190;4433.46
0;1;191;24627.66
0;1;192;43040.73
0;1;195;28165.59
0;1;202;24172.97
0;1;205;21007.62
0;1;208;47354.7
0;1;209;21152.67
0;1;210;36436.68
0;1;216;21635.41
0;1;217;22081.67
0;1;221;0
0;1;222;12585.29
0;1;223;13921.85
0;1;224;19867.7
0;1;226;32373.65
0;1;227;25293.37
0;1;230;48266.13
0;1;231;23416.18
0;1;235;35507.43
0;1;236;3883.29
0;1;237;29896.41
0;1;239;37092.02
0;1;245;37228.24
0;1;248;26734.7
0;1;259;41959.28
0;1;260;44656.44
0;1;263;20814.79
0;1;264;25086.31
0;1;268;37556.2
0;1;269;12842.62
0;1;270;16599.34
0;1;273;22081.67
0;1;274;19643.34
0;1;281;47059.98
0;1;285;0
0;1;286;22670.16
0;1;287;27394.27
0;1;288;50000
0;1;293;37337.86
0;1;294;14255.99
0;1;295;38155.5
0;1;297;23298.41
0;1;298;4094.32
0;1;300;13438.74
0;1;303;15190.16
0;1;304;1076.42
0;1;309;13716.68
0;1;310;0
0;1;312;33487.14
0;1;313;18952.77
0;1;316;37410.09
0;1;321;38015.55
0;1;322;34715.09
0;1;333;45940.93
0;1;335;10130.62
0;1;336;37668.13
0;1;337;30325.25
0;1;338;1070.76
0;1;339;8500.98
0;1;341;7625.13
0;1;342;22393.17
0;1;344;26258.31
0;1;347;11143.28
0;1;348;9938.91
0;1;349;12522.97
0;1;351;21201.42
0;1;352;38726.45
0;1;355;45100.13
0;1;357;29727.11
0;1;358;7560.71
0;1;359;50000
0;1;360;38757.43
0;1;363;10130.62
0;1;364;2921.29
0;1;365;38304.64
0;1;369;44633.19
0;1;372;4009.67
0;1;373;22081.67
0;1;375;18329.17
0;1;399;0
0;1;400;47295.1
0;1;402;28440.14
0;1;411;40240.65
0;1;417;9803.97
0;1;419;12830.31
0;1;421;17987.76
0;1;425;39198.88
0;1;426;40667.25
0;1;433;44624.68
0;1;436;8579.75
0;1;437;9018.46
0;1;439;9417.83
0;1;446;7793.27
0;1;450;4834.47
0;1;455;37036.19
0;1;460;19882.88
0;1;463;10130.62
0;1;482;17227.12
0;1;483;33933.03
0;1;484;38698.31
0;1;485;11975.38
0;1;486;39507.34
0;1;487;2638.65
0;1;490;26201.86
0;1;491;46807.2
0;1;492;4678.66
0;1;493;33984
0;1;495;12907.06
0;1;496;44828.21
0;1;497;41551.31
0;1;498;49706.56
0;2;3;15358.1
0;2;4;45410.19
0;2;5;40899.52
0;2;7;12535.15
0;2;8;25414.95
0;2;9;8711.36
0;2;11;25194.48
0;2;16;40454.46
0;2;17;14300.6
0;2;18;13837.98
0;2;19;6277.29
0;2;21;10130.62
0;2;22;6321.34
0;2;27;1473.38
0;2;28;37674.82
0;2;29;37674.82
0;2;30;31819.9
0;2;31;14048.61
0;2;32;16299.4
0;2;34;7799.36
0;2;35;22996.72
0;2;40;4037.5
0;2;41;2433.61
0;2;48;35137.32
0;2;50;11969.7
0;2;55;21944.26
0;2;59;37289.41
0;2;61;35923.65
0;2;62;48004.14
0;2;63;38200.08
0;2;66;16798.63
0;2;68;22965.48
0;2;73;45461.52
0;2;74;43857.09
0;2;75;44841.93
0;2;76;37433.24
0;2;78;37636.42
0;2;79;42556.56
0;2;81;28327.09
0;2;90;36007.2
0;2;95;42680.44
0;2;96;27335.08
0;2;97;19003.26
0;2;99;35774.2
0;2;103;20688.72
0;2;104;30590.13
0;2;108;0
0;2;109;37674.82
0;2;110;23304.33
0;2;111;15553
0;2;112;35137.32
0;2;114;50000
0;2;115;6536.2
0;2;117;22899.46
0;2;118;30590.13
0;2;122;45384.97
0;2;124;35594.54
0;2;133;49324.59
0;2;134;7942.5
0;2;140;25788.45
0;2;144;49802.8
0;2;145;26329.11
0;2;147;27409.55
0;2;149;43539.47
0;2;152;31828.76
0;2;155;8087.65
0;2;157;499.67
0;2;159;25165.29
0;2;162;18727.68
0;2;164;23566.63
0;2;167;43229.71
0;2;168;43770.89
0;2;171;41884.16
0;2;174;2465.23
0;2;175;43345.5
0;2;180;36168.05
0;2;182;35137.32
0;2;189;31363.08
0;2;190;26561.4
0;2;191;1056.59
0;2;192;15442.15
0;2;195;35137.32
0;2;202;42367.82
0;2;205;36064.32
0;2;208;16863.52
0;2;209;263.55
0;2;210;9399.33
0;2;216;45891.45
0;2;217;3074.37
0;2;221;43625.06
0;2;222;32356.35
0;2;223;43483.3
0;2;224;5590.08
0;2;226;32373.65
0;2;227;8588.47
0;2;230;23986.61
0;2;231;49735.6
0;2;235;40608.27
0;2;236;35594.54
0;2;237;35957.78
0;2;239;36513.51
0;2;245;3391.46
0;2;248;8588.47
0;2;259;35137.32
0;2;260;34629.95
0;2;263;4351.65
0;2;264;35846.48
0;2;268;28011.13
0;2;269;47695.2
0;2;270;31874.42
0;2;273;3074.37
0;2;274;19643.34
0;2;281;47059.98
0;2;285;38743.03
0;2;286;35594.54
0;2;287;25050.13
0;2;288;34957.91
0;2;293;4769.1
0;2;294;980.36
0;2;295;1499.17
0;2;297;35594.54
0;2;298;41476.4
0;2;300;23460.72
0;2;303;11947.69
0;2;304;11931.2
0;2;309;3894.83
0;2;310;10474.97
0;2;312;30847.71
0;2;313;34390.8
0;2;316;14880.8
0;2;321;49525.74
0;2;322;22832.07
0;2;333;32002.18
0;2;335;10130.62
0;2;336;37668.13
0;2;337;15828.16
0;2;338;25995
0;2;339;37674.82
0;2;341;3811.08
0;2;342;22393.17
0;2;344;36567.56
0;2;347;46711.39
0;2;348;8108.18
0;2;349;48579.99
0;2;351;0
0;2;352;2246.52
0;2;355;26044.89
0;2;357;29727.11
0;2;358;26306.11
0;2;359;17535.35
0;2;360;9796.69
0;2;363;10130.62
0;2;364;48004.14
0;2;365;27150.92
0;2;369;39885.29
0;2;372;9074.41
0;2;373;3074.37
0;2;375;22033.37
0;2;399;9062.17
0;2;400;2474.15
0;2;402;35458.14
0;2;411;7493.14
0;2;417;24317.4
0;2;419;8757.51
0;2;421;43889.41
0;2;425;9500.32
0;2;426;47213.04
0;2;433;35594.54
0;2;436;25941.5
0;2;437;8871.04
0;2;439;30115.68
0;2;446;8334.49
0;2;450;29116.59
0;2;455;19862.93
0;2;460;11729.57
0;2;463;10130.62
0;2;482;32162.76
0;2;483;3054.54
0;2;484;30590.13
0;2;485;22718.24
0;2;486;23377.27
0;2;487;23564.41
0;2;490;36159.46
0;2;491;0
0;2;492;44032.7
0;2;493;30590.13
0;2;495;12346.33
0;2;496;11339.28
0;2;497;42660.3
0;2;498;17847.23
0;5;3;1931.48
0;5;4;42911.69
0;5;5;16862.12
0;5;7;45877.23
0;5;8;8674.83
0;5;9;43605.55
0;5;11;12531.42
0;5;16;23429.63
0;5;17;26872.13
0;5;18;38110.24
0;5;19;14154.28
0;5;21;16341.65
0;5;22;43622.47
0;5;27;35923.95
0;5;28;50000
0;5;29;2772.38
0;5;30;35341.57
0;5;31;31200
0;5;32;33805.15
0;5;34;38872.75
0;5;35;27761.05
0;5;40;33519.62
0;5;41;17328.79
0;5;48;919.5
0;5;50;37804.14
0;5;55;39750.49
0;5;59;18458.36
0;5;61;16629.08
0;5;62;5080.74
0;5;63;10769.88
0;5;66;16112.89
0;5;68;7230.62
0;5;73;26576.73
0;5;74;28202.74
0;5;75;23009.92
0;5;76;45804.97
0;5;78;33253.9
0;5;79;15026.75
0;5;81;43479.18
0;5;90;11091.97
0;5;95;24845.18
0;5;96;19125.2
0;5;97;20489.39
0;5;99;10485.9
0;5;103;49410.97
0;5;104;9167.13
0;5;108;6308.25
0;5;109;14341.21
0;5;110;9181.03
0;5;111;38872.75
0;5;112;31506.38
0;5;114;45877.23
0;5;115;27761.05
0;5;117;41479.08
0;5;118;9167.13
0;5;122;7230.62
0;5;124;46068.43
0;5;133;30969.02
0;5;134;45145.56
0;5;140;0
0;5;144;5058.86
0;5;145;41668.85
0;5;147;3493.97
0;5;149;30469.54
0;5;152;35006.65
0;5;155;14653.52
0;5;157;36906.85
0;5;159;43486.52
0;5;162;49410.97
0;5;164;5742.44
0;5;167;47486.35
0;5;168;10934.89
0;5;171;13101.33
0;5;174;36803.46
0;5;175;34491.92
0;5;180;4717.05
0;5;182;0
0;5;189;47828.42
0;5;190;0
0;5;191;4539.2
0;5;192;45877.23
0;5;195;27830.17
0;5;202;15897.1
0;5;205;6264.3
0;5;208;19846.3
0;5;209;28697.2
0;5;210;10740.38
0;5;216;17002.69
0;5;217;49380.83
0;5;221;35714.45
0;5;222;10740.38
0;5;223;23419.55
0;5;224;5786.52
0;5;226;5739.53
0;5;227;39583.19
0;5;230;45490.32
0;5;231;4993.71
0;5;235;44657.23
0;5;236;11281.44
0;5;237;48430.76
0;5;239;10740.38
0;5;245;33304.15
0;5;248;40523.51
0;5;259;31709.5
0;5;260;33905.26
0;5;263;44056.41
0;5;264;40421.81
0;5;268;2175.61
0;5;269;38784.69
0;5;270;0
0;5;273;5573.12
0;5;274;19643.34
0;5;281;7117.38
0;5;285;23079.68
0;5;286;16154.9
0;5;287;28083.29
0;5;288;43571.38
0;5;293;50000
0;5;294;44644.84
0;5;295;30925.38
0;5;297;0
0;5;298;22001.02
0;5;300;49410.97
0;5;303;37895.12
0;5;304;38872.75
0;5;309;17178.61
0;5;310;201.68
0;5;312;23509.42
0;5;313;33970.61
0;5;316;48954.83
0;5;321;25881.07
0;5;322;38872.75
0;5;333;21670.94
0;5;335;37339.4
0;5;336;1175.56
0;5;337;20857.64
0;5;338;7230.62
0;5;339;46416.63
0;5;341;18974.8
0;5;342;22393.17
0;5;344;27761.05
0;5;347;38872.75
0;5;348;8699.65
0;5;349;38243.62
0;5;351;10740.38
0;5;352;46488.95
0;5;355;25585.85
0;5;357;29727.11
0;5;358;940.89
0;5;359;12347.41
0;5;360;0
0;5;363;42377.33
0;5;364;18370.69
0;5;365;14225.98
0;5;369;14498.6
0;5;372;50000
0;5;373;30536.32
0;5;375;10575.39
0;5;399;49410.97
0;5;400;25228.78
0;5;402;36744.48
0;5;411;12031.82
0;5;417;17289.36
0;5;419;5136.38
0;5;421;32038.65
0;5;425;12596.47
0;5;426;36294.07
0;5;433;34048.37
0;5;436;31686.13
0;5;437;38872.75
0;5;439;43540.42
0;5;446;38872.75
0;5;450;27761.05
0;5;455;8509.05
0;5;460;890.15
0;5;463;15700.84
0;5;482;7230.62
0;5;483;46784.23
0;5;484;9167.13
0;5;485;19822.84
0;5;486;28569.83
0;5;487;17810.21
0;5;490;46295.5
0;5;491;46229.54
0;5;492;7230.62
0;5;493;9167.13
0;5;495;9987.48
0;5;496;45354.51
0;5;497;49410.97
0;5;498;16076.5
0;7;3;9475.77
0;7;4;39894.59
0;7;5;40899.52
0;7;7;8548.28
0;7;8;20758.26
0;7;9;8711.36
0;7;11;10456.25
0;7;16;20525.19
0;7;17;23015.31
0;7;18;38102.05
0;7;19;3371.85
0;7;21;23308.33
0;7;22;6321.34
0;7;27;23250.11
0;7;28;48660.89
0;7;29;48660.89
0;7;30;13121.47
0;7;31;1085.96
0;7;32;34320.1
0;7;34;35779.95
0;7;35;27761.05
0;7;40;36575.25
0;7;41;183
0;7;48;24726.78
0;7;50;12248.75
0;7;55;3273.42
0;7;59;43299.58
0;7;61;20207.75
0;7;62;33046.12
0;7;63;13369.76
0;7;66;3673.72
0;7;68;25183.18
0;7;73;40050.87
0;7;74;44665.02
0;7;75;10510.51
0;7;76;32960.66
0;7;78;5405.48
0;7;79;26551.3
0;7;81;9721.12
0;7;90;19905.59
0;7;95;29464.08
0;7;96;10648.3
0;7;97;39504.11
0;7;99;35774.2
0;7;103;4788.31
0;7;104;19254.43
0;7;108;48335.87
0;7;109;909.59
0;7;110;3040.5
0;7;111;35779.95
0;7;112;24068.94
0;7;114;36595.89
0;7;115;27761.05
0;7;117;7013.77
0;7;118;15498.24
0;7;122;6560.32
0;7;124;48537.4
0;7;133;378.43
0;7;134;9112.5
0;7;140;37305.93
0;7;144;30941.45
0;7;145;35392.73
0;7;147;18218.25
0;7;149;0.79
0;7;152;25694.82
0;7;155;8087.65
0;7;157;15521.52
0;7;159;43409.26
0;7;162;24574.82
0;7;164;28951.39
0;7;167;43229.71
0;7;168;38190.1
0;7;171;7724.22
0;7;174;30374.32
0;7;175;44401.49
0;7;180;33283.74
0;7;182;24068.94
0;7;189;12854.24
0;7;190;8238.43
0;7;191;44157.88
0;7;192;35260.13
0;7;195;24068.94
0;7;202;14244.38
0;7;205;25887
0;7;208;4246.85
0;7;209;20247.7
0;7;210;29002.05
0;7;216;1535.47
0;7;217;19142.73
0;7;221;34051.88
0;7;222;11377.83
0;7;223;39014.87
0;7;224;19326.25
0;7;226;32373.65
0;7;227;11221.28
0;7;230;10402.42
0;7;231;1078.17
0;7;235;28462.37
0;7;236;17510.49
0;7;237;7859.12
0;7;239;39137.5
0;7;245;50000
0;7;248;11221.28
0;7;259;24068.94
0;7;260;34629.95
0;7;263;25058.61
0;7;264;9140.7
0;7;268;18583.49
0;7;269;28591.67
0;7;270;3619.77
0;7;273;43022.4
0;7;274;16428.16
0;7;281;47059.98
0;7;285;24735.94
0;7;286;36055.23
0;7;287;10040.94
0;7;288;31713.58
0;7;293;11750.14
0;7;294;30938.24
0;7;295;1499.17
0;7;297;44879.98
0;7;298;38005.13
0;7;300;42062.78
0;7;303;30520.01
0;7;304;35779.95
0;7;309;8696.37
0;7;310;30048.31
0;7;312;21097.27
0;7;313;18697.51
0;7;316;26326.15
0;7;321;38519.48
0;7;322;35779.95
0;7;333;16181.72
0;7;335;17892.2
0;7;336;37668.13
0;7;337;8458.07
0;7;338;33700.25
0;7;339;48660.89
0;7;341;21029.54
0;7;342;15449.79
0;7;344;27761.05
0;7;347;35779.95
0;7;348;19608.28
0;7;349;35630.85
0;7;351;1366.64
0;7;352;43128.92
0;7;355;4012.48
0;7;357;43840.63
0;7;358;14358.15
0;7;359;27377.23
0;7;360;38757.43
0;7;363;39303.05
0;7;364;33046.12
0;7;365;43788.39
0;7;369;40357.2
0;7;372;14004.95
0;7;373;465.16
0;7;375;27408.49
0;7;399;48544.89
0;7;400;7069.93
0;7;402;26051.19
0;7;411;44147.83
0;7;417;44160.65
0;7;419;8757.51
0;7;421;22155.83
0;7;425;34354.64
0;7;426;35846.65
0;7;433;5575.73
0;7;436;25941.5
0;7;437;35779.95
0;7;439;10648.49
0;7;446;35779.95
0;7;450;27761.05
0;7;455;21641.23
0;7;460;17963.99
0;7;463;44329.65
0;7;482;10074.28
0;7;483;9452.63
0;7;484;21190.05
0;7;485;20299.47
0;7;486;19608.28
0;7;487;23564.41
0;7;490;12947.62
0;7;491;30178.72
0;7;492;43562
0;7;493;32145.08
0;7;495;0
0;7;496;11339.28
0;7;497;19417.01
0;7;498;629.02
0;9;3;18440.71
0;9;4;37028.94
0;9;5;35849.76
0;9;7;17031.07
0;9;8;13241.1
0;9;9;8711.36
0;9;11;3515.61
0;9;16;24570.28
0;9;17;39864.76
0;9;18;20009.46
0;9;19;48204.68
0;9;21;29958.55
0;9;22;1299.28
0;9;27;38988.15
0;9;28;42661.29
0;9;29;42661.29
0;9;30;31990.99
0;9;31;30646.64
0;9;32;20946.94
0;9;34;9188.04
0;9;35;14349.72
0;9;40;11732.59
0;9;41;36733.22
0;9;48;39755.71
0;9;50;35835.66
0;9;55;40166.78
0;9;59;6505.05
0;9;61;18751.24
0;9;62;8478.65
0;9;63;37136.14
0;9;66;733.16
0;9;68;35201.37
0;9;73;50000
0;9;74;1335.05
0;9;75;24645.72
0;9;76;27689.85
0;9;78;43159.43
0;9;79;7788.41
0;9;81;28536.6
0;9;90;19225.95
0;9;95;7149.38
0;9;96;20809.07
0;9;97;30134.74
0;9;99;35774.2
0;9;103;16638.37
0;9;104;19281.67
0;9;108;0
0;9;109;42661.29
0;9;110;5430.98
0;9;111;20805.07
0;9;112;39755.71
0;9;114;17782.49
0;9;115;33007.56
0;9;117;37551.13
0;9;118;19281.67
0;9;122;35543.23
0;9;124;33671.11
0;9;133;37458.78
0;9;134;23692.81
0;9;140;13316.27
0;9;144;277.85
0;9;145;0
0;9;147;25172.1
0;9;149;10759.99
0;9;152;21807.75
0;9;155;34716.47
0;9;157;35520.05
0;9;159;20334.21
0;9;162;16638.37
0;9;164;49939.17
0;9;167;43229.71
0;9;168;13252.09
0;9;171;34176.87
0;9;174;15622.49
0;9;175;43345.5
0;9;180;3433.58
0;9;182;39755.71
0;9;189;12397.87
0;9;190;41897.38
0;9;191;7201.8
0;9;192;6072.19
0;9;195;39755.71
0;9;202;35128.4
0;9;205;11516.4
0;9;208;43436.52
0;9;209;49960.58
0;9;210;18953.33
0;9;216;9580.26
0;9;217;44072.15
0;9;221;13446.22
0;9;222;35100.78
0;9;223;6606.8
0;9;224;37696.36
0;9;226;36647.36
0;9;227;18485.18
0;9;230;29301.94
0;9;231;11817.97
0;9;235;21800.62
0;9;236;37463.98
0;9;237;12620.38
0;9;239;17140.58
0;9;245;2225.1
0;9;248;18485.18
0;9;259;39755.71
0;9;260;33834.75
0;9;263;34905.26
0;9;264;19560.86
0;9;268;22902.83
0;9;269;38732.1
0;9;270;1578.55
0;9;273;35626.93
0;9;274;23094.69
0;9;281;35953.84
0;9;285;173.6
0;9;286;35594.54
0;9;287;1938.23
0;9;288;0
0;9;293;6679.2
0;9;294;20703.87
0;9;295;34423.13
0;9;297;35594.54
0;9;298;15842.63
0;9;300;16638.37
0;9;303;12235.51
0;9;304;30716.89
0;9;309;12105.85
0;9;310;0
0;9;312;39839.37
0;9;313;47570.41
0;9;316;28784.29
0;9;321;46395.72
0;9;322;8459.71
0;9;333;49694.65
0;9;335;7469.32
0;9;336;46674.86
0;9;337;19261.48
0;9;338;44121.55
0;9;339;42661.29
0;9;341;20668.18
0;9;342;36746.14
0;9;344;33223.65
0;9;347;15958.24
0;9;348;36007
0;9;349;45576.18
0;9;351;48646.7
0;9;352;27937.18
0;9;355;45100.13
0;9;357;44997.51
0;9;358;40904.52
0;9;359;43969.08
0;9;360;9510.41
0;9;363;3384.25
0;9;364;4661.52
0;9;365;24964.84
0;9;369;21551.9
0;9;372;40238.26
0;9;373;20172.56
0;9;375;18329.17
0;9;399;16638.37
0;9;400;454.77
0;9;402;18230.09
0;9;411;36805.79
0;9;417;9224.78
0;9;419;10552.66
0;9;421;50000
0;9;425;41108.14
0;9;426;32469.7
0;9;433;35594.54
0;9;436;38936.4
0;9;437;49981.5
0;9;439;30018.69
0;9;446;46724.81
0;9;450;10347.78
0;9;455;25501.64
0;9;460;1106.42
0;9;463;29473.28
0;9;482;43304.37
0;9;483;22761.32
0;9;484;19281.67
0;9;485;8552.06
0;9;486;34484.27
0;9;487;38356.16
0;9;490;25172.1
0;9;491;17183.62
0;9;492;21753.25
0;9;493;19281.67
0;9;495;45589.2
0;9;496;37961.28
0;9;497;16638.37
0;9;498;35023.91
1;0;3;49773.96
1;0;4;35249
1;0;5;28394.7
1;0;7;35136.61
1;0;8;3667.84
1;0;9;36902.85
1;0;11;27153.55
1;0;16;49077.05
1;0;17;36623.4
1;0;18;46492.34
1;0;19;47156.75
1;0;21;28732.54
1;0;22;41107.06
1;0;27;16086.02
1;0;28;37482.03
1;0;29;49250.82
1;0;30;38883.58
1;0;31;23208.53
1;0;32;20965.26
1;0;34;12205.86
1;0;35;0
1;0;40;43389.05
1;0;41;8808.25
1;0;48;37526.37
1;0;50;22724.11
1;0;55;25682
1;0;59;41965.04
1;0;61;27084.82
1;0;62;1634.62
1;0;63;14151.38
1;0;66;38450.17
1;0;68;21725.84
1;0;73;34449.28
1;0;74;8197.64
1;0;75;404.99
1;0;76;27689.85
1;0;78;7425.36
1;0;79;29553.29
1;0;81;3130.65
1;0;90;23638.83
1;0;95;46043.98
1;0;96;5601.9
1;0;97;33773.84
1;0;99;4062.76
1;0;103;44585.27
1;0;104;36946.3
1;0;108;25682
1;0;109;46034
1;0;110;13924.54
1;0;111;12205.86
1;0;112;3217.71
1;0;114;35136.61
1;0;115;27167.07
1;0;117;39716.75
1;0;118;49869.95
1;0;122;9989
1;0;124;13160.21
1;0;133;41107.06
1;0;134;35136.61
1;0;140;40740.84
1;0;144;34069.39
1;0;145;16540.88
1;0;147;44002.03
1;0;149;9424
1;0;152;25405.57
1;0;155;36016.12
1;0;157;42137.43
1;0;159;4967.01
1;0;162;19170.29
1;0;164;9066.12
1;0;167;0
1;0;168;17892.68
1;0;171;7934.35
1;0;174;46327.02
1;0;175;44550.91
1;0;180;16128.78
1;0;182;1330.39
1;0;189;13556.26
1;0;190;41107.06
1;0;191;48374.43
1;0;192;35136.61
1;0;195;36033.23
1;0;202;39429.04
1;0;205;16976.43
1;0;208;43282.03
1;0;209;49251.52
1;0;210;49533.78
1;0;216;1277.62
1;0;217;13317.83
1;0;221;50000
1;0;222;49653.72
1;0;223;37141.14
1;0;224;47730.5
1;0;226;35547.25
1;0;227;28667.16
1;0;230;46928.8
1;0;231;25682
1;0;235;28076.11
1;0;236;14503.54
1;0;237;24280.25
1;0;239;44375
1;0;245;1191.66
1;0;248;36315.69
1;0;259;20060.56
1;0;260;50000
1;0;263;28179.51
1;0;264;41326.54
1;0;268;26178.35
1;0;269;36623.4
1;0;270;15089.92
1;0;273;29740.06
1;0;274;43783.93
1;0;281;2700.17
1;0;285;26590.97
1;0;286;27518.58
1;0;287;20107.48
1;0;288;34969.82
1;0;293;48219.33
1;0;294;35758.26
1;0;295;43987.13
1;0;297;20846.3
1;0;298;30847.44
1;0;300;11584.23
1;0;303;34867.8
1;0;304;31763.31
1;0;309;41780.42
1;0;310;30832.84
1;0;312;30979.7
1;0;313;39054.8
1;0;316;4993.63
1;0;321;12205.86
1;0;322;41107.06
1;0;333;15205.89
1;0;335;47562.69
1;0;336;17234.94
1;0;337;7509.37
1;0;338;21826.35
1;0;339;29288.8
1;0;341;12556.82
1;0;342;19373.13
1;0;344;20572.66
1;0;347;9800.46
1;0;348;13875.12
1;0;349;12205.86
1;0;351;27748.43
1;0;352;36623.4
1;0;355;43823.93
1;0;357;15946.18
1;0;358;50000
1;0;359;38650.67
1;0;360;14394.75
1;0;363;13473.84
1;0;364;1634.62
1;0;365;48441.36
1;0;369;37407.97
1;0;372;42395.42
1;0;373;33017.46
1;0;375;47555.45
1;0;399;16637.76
1;0;400;36933.98
1;0;402;5159.54
1;0;411;15739.14
1;0;417;36756.14
1;0;419;40123.7
1;0;421;41107.06
1;0;425;23926.56
1;0;426;8006.95
1;0;433;45514.06
1;0;436;16634.85
1;0;437;49228.32
1;0;439;47638.92
1;0;446;35818.61
1;0;450;9481.02
1;0;455;36623.4
1;0;460;45006.43
1;0;463;42963.88
1;0;482;7272.82
1;0;483;37097.48
1;0;484;45388.68
1;0;485;3170.45
1;0;486;9329.69
1;0;487;231.98
1;0;490;43026.17
1;0;491;3844.86
1;0;492;0
1;0;493;13260.75
1;0;495;25682
1;0;496;7097.23
1;0;497;12205.86
1;0;498;30161.1
1;1;3;25375.43
1;1;4;6463.66
1;1;5;14384.86
1;1;7;298
1;1;8;12270.09
1;1;9;10304.23
1;1;11;48525.42
1;1;16;27743.19
1;1;17;13352.78
1;1;18;30524.68
1;1;19;49008.73
1;1;21;40964.67
1;1;22;41107.06
1;1;27;43168.95
1;1;28;5985.87
1;1;29;5985.87
1;1;30;18352.09
1;1;31;13460.69
1;1;32;29186.48
1;1;34;1695.85
1;1;35;35506.26
1;1;40;27022.2
1;1;41;19190.2
1;1;48;26800.87
1;1;50;50000
1;1;55;25682
1;1;59;39969.22
1;1;61;29150.84
1;1;62;44373.2
1;1;63;29093.25
1;1;66;31519.51
1;1;68;22291.26
1;1;73;18889.14
1;1;74;9295.5
1;1;75;41166.98
1;1;76;41942.61
1;1;78;43832.08
1;1;79;35782.98
1;1;81;49115.18
1;1;90;35574.52
1;1;95;47837.01
1;1;96;48223.07
1;1;97;16732.54
1;1;99;44780.13
1;1;103;24130.07
1;1;104;46965.95
1;1;108;25686.31
1;1;109;5985.87
1;1;110;18463.51
1;1;111;7494.14
1;1;112;24680.76
1;1;114;17237.26
1;1;115;18827.71
1;1;117;529.92
1;1;118;49706.66
1;1;122;10669.61
1;1;124;31394.2
1;1;133;41107.06
1;1;134;34639.27
1;1;140;33666.49
1;1;144;10990.27
1;1;145;37231.19
1;1;147;24545.49
1;1;149;9424
1;1;152;27743.19
1;1;155;12921.02
1;1;157;27956.86
1;1;159;4967.01
1;1;162;46384.86
1;1;164;1214.5
1;1;167;17589.67
1;1;168;46420.54
1;1;171;27743.19
1;1;174;39566.15
1;1;175;5552.39
1;1;180;19828.91
1;1;182;30938.14
1;1;189;31394.2
1;1;190;41107.06
1;1;191;24627.66
1;1;192;37907.93
1;1;195;25680.04
1;1;202;16513.95
1;1;205;16040.8
1;1;208;24425.06
1;1;209;39964
1;1;210;41945.38
1;1;216;5160.44
1;1;217;22081.67
1;1;221;11843.77
1;1;222;39147.86
1;1;223;25375.43
1;1;224;35982.09
1;1;226;0
1;1;227;14082.3
1;1;230;27743.19
1;1;231;25682
1;1;235;48913.3
1;1;236;31394.2
1;1;237;16680.66
1;1;239;15858.19
1;1;245;39969.22
1;1;248;14082.3
1;1;259;4518.29
1;1;260;16064.86
1;1;263;26852.8
1;1;264;14844.81
1;1;268;48147.05
1;1;269;317.99
1;1;270;16599.34
1;1;273;22081.67
1;1;274;27449
1;1;281;40852.61
1;1;285;28714.8
1;1;286;31394.2
1;1;287;29302.37
1;1;288;23265.82
1;1;293;30500.24
1;1;294;14255.99
1;1;295;41556.85
1;1;297;39969.22
1;1;298;31394.2
1;1;300;42306.9
1;1;303;38967.23
1;1;304;32515.91
1;1;309;29141.96
1;1;310;21592.41
1;1;312;26109.1
1;1;313;18994.43
1;1;316;37410.09
1;1;321;34566.6
1;1;322;41107.06
1;1;333;6711
1;1;335;8966.42
1;1;336;47444.89
1;1;337;39068.15
1;1;338;40248.7
1;1;339;5985.87
1;1;341;27219.36
1;1;342;18605.16
1;1;344;26217.56
1;1;347;40447.21
1;1;348;33666.49
1;1;349;20473.09
1;1;351;5411.73
1;1;352;46502.84
1;1;355;43823.93
1;1;357;30855.62
1;1;358;40036.7
1;1;359;40528.61
1;1;360;30863.76
1;1;363;39006.85
1;1;364;44373.2
1;1;365;19389.07
1;1;369;3170.42
1;1;372;5973.38
1;1;373;22081.67
1;1;375;47555.45
1;1;399;40217.52
1;1;400;24508.23
1;1;402;34228.08
1;1;411;4728.17
1;1;417;33666.49
1;1;419;23748.66
1;1;421;41107.06
1;1;425;9405.37
1;1;426;33669.1
1;1;433;41403.92
1;1;436;4784.52
1;1;437;18217.65
1;1;439;3124.85
1;1;446;27726.68
1;1;450;4481.16
1;1;455;45721.47
1;1;460;50000
1;1;463;41202.49
1;1;482;45289.97
1;1;483;40422.75
1;1;484;21831.34
1;1;485;39969.22
1;1;486;12206.17
1;1;487;35631.34
1;1;490;15240.31
1;1;491;6350.44
1;1;492;49087.83
1;1;493;8960.63
1;1;495;25682
1;1;496;26895.89
1;1;497;41995.22
1;1;498;20459.34
1;2;3;47279.66
1;2;4;10928.74
1;2;5;21939.43
1;2;7;298
1;2;8;31805.22
1;2;9;34743.07
1;2;11;31805.22
1;2;16;27743.19
1;2;17;36623.4
1;2;18;47836.42
1;2;19;32853.46
1;2;21;27632.66
1;2;22;41107.06
1;2;27;15697.23
1;2;28;3765.99
1;2;29;3765.99
1;2;30;24151.27
1;2;31;21939.43
1;2;32;27853.57
1;2;34;40057.38
1;2;35;17595.6
1;2;40;25140.22
1;2;41;4345
1;2;48;10287.13
1;2;50;11969.7
1;2;55;15473.42
1;2;59;30975.62
1;2;61;34479.07
1;2;62;41366.74
1;2;63;50000
1;2;66;17168.66
1;2;68;41349.37
1;2;73;29111.29
1;2;74;31584.37
1;2;75;38332.71
1;2;76;17854.92
1;2;78;43832.08
1;2;79;34606.64
1;2;81;49028.44
1;2;90;17818.9
1;2;95;17017.49
1;2;96;44653.69
1;2;97;23528.28
1;2;99;15875.94
1;2;103;24272.42
1;2;104;12847.45
1;2;108;42316.55
1;2;109;3765.99
1;2;110;17519.23
1;2;111;43779.06
1;2;112;31602.91
1;2;114;14542.46
1;2;115;16625.36
1;2;117;13007.95
1;2;118;12847.45
1;2;122;0
1;2;124;2100.06
1;2;133;41107.06
1;2;134;34639.27
1;2;140;8340.67
1;2;144;7327.15
1;2;145;21432.85
1;2;147;0
1;2;149;19639.73
1;2;152;27743.19
1;2;155;7803.38
1;2;157;2842.92
1;2;159;42047.73
1;2;162;21268.82
1;2;164;31805.22
1;2;167;36906.37
1;2;168;43770.89
1;2;171;27743.19
1;2;174;9471.26
1;2;175;5552.39
1;2;180;19828.91
1;2;182;26500.92
1;2;189;30011.42
1;2;190;41107.06
1;2;191;26980.03
1;2;192;23844.41
1;2;195;29387.31
1;2;202;10421.92
1;2;205;16040.8
1;2;208;16463.5
1;2;209;263.55
1;2;210;20108.21
1;2;216;31805.22
1;2;217;4069.73
1;2;221;17017.49
1;2;222;39147.86
1;2;223;25375.43
1;2;224;37146.53
1;2;226;21050.84
1;2;227;22010.78
1;2;230;27743.19
1;2;231;46765.81
1;2;235;1256.8
1;2;236;15491.84
1;2;237;31805.22
1;2;239;9252.44
1;2;245;11094.66
1;2;248;22010.78
1;2;259;0
1;2;260;35769.89
1;2;263;16237.61
1;2;264;45147.91
1;2;268;32240.86
1;2;269;36623.4
1;2;270;12950.13
1;2;273;3074.37
1;2;274;27086.62
1;2;281;38172.46
1;2;285;5097.85
1;2;286;26364.75
1;2;287;46665.84
1;2;288;36116.16
1;2;293;11377.86
1;2;294;29984.38
1;2;295;33075.8
1;2;297;19061.74
1;2;298;8875.31
1;2;300;2260.81
1;2;303;32982.04
1;2;304;4615.84
1;2;309;24990.29
1;2;310;9270.04
1;2;312;47687.09
1;2;313;39003.29
1;2;316;17017.49
1;2;321;17017.49
1;2;322;41107.06
1;2;333;31805.22
1;2;335;41352.03
1;2;336;18042.93
1;2;337;29175.3
1;2;338;40248.7
1;2;339;3765.99
1;2;341;11931.44
1;2;342;35318.78
1;2;344;30326.33
1;2;347;4834.06
1;2;348;23771.23
1;2;349;4812.17
1;2;351;6227.04
1;2;352;36623.4
1;2;355;44682.79
1;2;357;10978.25
1;2;358;19456.21
1;2;359;50000
1;2;360;21939.43
1;2;363;39006.85
1;2;364;41366.74
1;2;365;36823.04
1;2;369;39898.78
1;2;372;5973.38
1;2;373;3174.09
1;2;375;19074.75
1;2;399;7339.54
1;2;400;34823.45
1;2;402;25507.39
1;2;411;19749.41
1;2;417;10037.9
1;2;419;22484.27
1;2;421;41107.06
1;2;425;50000
1;2;426;49184.84
1;2;433;30625.38
1;2;436;39677.4
1;2;437;14326.27
1;2;439;26045.73
1;2;446;12328.64
1;2;450;8175.51
1;2;455;36623.4
1;2;460;21939.43
1;2;463;0
1;2;482;4502.03
1;2;483;17118.12
1;2;484;12847.45
1;2;485;30222.53
1;2;486;1172.45
1;2;487;18902.92
1;2;490;2783.94
1;2;491;4159.81
1;2;492;49087.83
1;2;493;12847.45
1;2;495;13195.95
1;2;496;45348.2
1;2;497;50000
1;2;498;31805.22
1;5;3;25375.43
1;5;4;16134
1;5;5;50000
1;5;7;41132.83
1;5;8;31805.22
1;5;9;36452.45
1;5;11;31805.22
1;5;16;43062.93
1;5;17;28786.8
1;5;18;18720.35
1;5;19;28935.72
1;5;21;41593.58
1;5;22;41107.06
1;5;27;42566.02
1;5;28;11610.36
1;5;29;16172.68
1;5;30;18668.84
1;5;31;8846
1;5;32;32668.59
1;5;34;45075.3
1;5;35;36207.56
1;5;40;36328.38
1;5;41;33892.46
1;5;48;0
1;5;50;37804.14
1;5;55;14072.46
1;5;59;39969.22
1;5;61;29341.75
1;5;62;16794.74
1;5;63;43580.91
1;5;66;32657.86
1;5;68;44760.28
1;5;73;40227.49
1;5;74;45324.13
1;5;75;50000
1;5;76;14218.95
1;5;78;27824.13
1;5;79;50000
1;5;81;25366.81
1;5;90;47476.45
1;5;95;17017.49
1;5;96;47247.55
1;5;97;30446.53
1;5;99;16566.64
1;5;103;5740.97
1;5;104;21490.01
1;5;108;20665.62
1;5;109;23768.9
1;5;110;34091.45
1;5;111;0
1;5;112;14020.11
1;5;114;41132.83
1;5;115;36207.56
1;5;117;37486.49
1;5;118;21490.01
1;5;122;29447.37
1;5;124;11523.13
1;5;133;41107.06
1;5;134;41132.83
1;5;140;6710.8
1;5;144;7717.76
1;5;145;41367.57
1;5;147;21443.93
1;5;149;24602.04
1;5;152;22188.21
1;5;155;26582.16
1;5;157;8601.39
1;5;159;38518.19
1;5;162;43882.8
1;5;164;31805.22
1;5;167;25697.52
1;5;168;10934.89
1;5;171;23846.7
1;5;174;0
1;5;175;7078.49
1;5;180;45855.6
1;5;182;1083.77
1;5;189;11523.13
1;5;190;43389.37
1;5;191;25581.34
1;5;192;41132.83
1;5;195;9735.06
1;5;202;10993.14
1;5;205;16040.8
1;5;208;9684.78
1;5;209;28697.2
1;5;210;7262.47
1;5;216;31805.22
1;5;217;21669.29
1;5;221;17017.49
1;5;222;42402.4
1;5;223;25375.43
1;5;224;37162.25
1;5;226;22263.96
1;5;227;25570.19
1;5;230;15645.48
1;5;231;8784.4
1;5;235;32148.46
1;5;236;11523.13
1;5;237;31805.22
1;5;239;38434.56
1;5;245;40588.45
1;5;248;42351.46
1;5;259;32978.88
1;5;260;11942.75
1;5;263;35345.98
1;5;264;26693.18
1;5;268;50000
1;5;269;38260.5
1;5;270;43646.02
1;5;273;44627.44
1;5;274;13536.38
1;5;281;32968.4
1;5;285;11973.17
1;5;286;11523.13
1;5;287;33218.95
1;5;288;20853.34
1;5;293;43705.66
1;5;294;25287.72
1;5;295;34725.82
1;5;297;39969.22
1;5;298;11523.13
1;5;300;22905.85
1;5;303;47642.93
1;5;304;30347.42
1;5;309;11564.54
1;5;310;28786.8
1;5;312;48844.08
1;5;313;49491.4
1;5;316;17017.49
1;5;321;17017.49
1;5;322;41107.06
1;5;333;31805.22
1;5;335;33857.71
1;5;336;16550.97
1;5;337;24043.62
1;5;338;15004.57
1;5;339;37931.59
1;5;341;6485.2
1;5;342;27219.94
1;5;344;36207.56
1;5;347;2265.37
1;5;348;7836.46
1;5;349;17328.6
1;5;351;28786.8
1;5;352;43938.68
1;5;355;16029.21
1;5;357;22768.65
1;5;358;34711.85
1;5;359;38650.67
1;5;360;39161.37
1;5;363;48785.3
1;5;364;28956.6
1;5;365;48441.36
1;5;369;25550.41
1;5;372;22211.2
1;5;373;30794.89
1;5;375;6970.19
1;5;399;26864.6
1;5;400;44362.6
1;5;402;22409.96
1;5;411;44405.78
1;5;417;1042.71
1;5;419;26051.68
1;5;421;38961.56
1;5;425;4683.9
1;5;426;13229.48
1;5;433;39969.22
1;5;436;21620.95
1;5;437;10620.61
1;5;439;50000
1;5;446;42371.83
1;5;450;36207.56
1;5;455;32397.03
1;5;460;49996.58
1;5;463;163.13
1;5;482;16122.95
1;5;483;37097.48
1;5;484;21490.01
1;5;485;39969.22
1;5;486;18682.2
1;5;487;19318.42
1;5;490;12135.98
1;5;491;15960.36
1;5;492;42590.88
1;5;493;21490.01
1;5;495;3443.84
1;5;496;10678.08
1;5;497;47397.28
1;5;498;31805.22
1;7;3;25521.33
1;7;4;39894.59
1;7;5;10153.34
1;7;7;298
1;7;8;20612.79
1;7;9;45969.18
1;7;11;11938.02
1;7;16;27407.75
1;7;17;9452.61
1;7;18;26244.67
1;7;19;15678.32
1;7;21;49342.87
1;7;22;17000.87
1;7;27;17169.03
1;7;28;10889.48
1;7;29;10889.48
1;7;30;50000
1;7;31;20912.14
1;7;32;41368.37
1;7;34;12205.86
1;7;35;36207.56
1;7;40;30245.67
1;7;41;4345
1;7;48;0
1;7;50;38711.4
1;7;55;33170.24
1;7;59;39969.22
1;7;61;50000
1;7;62;10472.97
1;7;63;10225.45
1;7;66;44486.35
1;7;68;10114.42
1;7;73;43234.05
1;7;74;27459.42
1;7;75;22070.85
1;7;76;24438.9
1;7;78;43832.08
1;7;79;43328.49
1;7;81;19673.29
1;7;90;47476.45
1;7;95;29585.36
1;7;96;598.08
1;7;97;4316.26
1;7;99;16566.64
1;7;103;48321.01
1;7;104;8949.01
1;7;108;48587.5
1;7;109;10889.48
1;7;110;28466.19
1;7;111;12205.86
1;7;112;30275.14
1;7;114;45911.08
1;7;115;36207.56
1;7;117;42626.13
1;7;118;44686.64
1;7;122;19703.88
1;7;124;38634.41
1;7;133;50000
1;7;134;34639.27
1;7;140;24163.89
1;7;144;12190.88
1;7;145;21432.85
1;7;147;7743.13
1;7;149;20879.67
1;7;152;43412.44
1;7;155;38427.76
1;7;157;19990
1;7;159;37672.93
1;7;162;17109.87
1;7;164;9876.4
1;7;167;11096.18
1;7;168;10693.53
1;7;171;0
1;7;174;29900.67
1;7;175;5552.39
1;7;180;19828.91
1;7;182;22657.34
1;7;189;38556.9
1;7;190;46320.17
1;7;191;44157.88
1;7;192;43476.67
1;7;195;19431.26
1;7;202;13681.02
1;7;205;16040.8
1;7;208;47782.43
1;7;209;10618.29
1;7;210;11937.35
1;7;216;28853.04
1;7;217;16103.28
1;7;221;24893.53
1;7;222;39147.86
1;7;223;16946.99
1;7;224;37146.53
1;7;226;67.57
1;7;227;44080.89
1;7;230;23889.15
1;7;231;26978.09
1;7;235;33714.21
1;7;236;27250.82
1;7;237;34917.93
1;7;239;49231.8
1;7;245;39969.22
1;7;248;44080.89
1;7;259;18970.63
1;7;260;36794.69
1;7;263;17796.61
1;7;264;40916.17
1;7;268;42301.14
1;7;269;33831.6
1;7;270;3619.77
1;7;273;28926.76
1;7;274;5664.27
1;7;281;41765.45
1;7;285;9343.74
1;7;286;37362.01
1;7;287;44949.68
1;7;288;29221.43
1;7;293;13843.13
1;7;294;30938.24
1;7;295;20820.53
1;7;297;39969.22
1;7;298;21329.93
1;7;300;36468.27
1;7;303;26179.57
1;7;304;8823.55
1;7;309;21846.8
1;7;310;16971.64
1;7;312;48844.08
1;7;313;6548.84
1;7;316;26326.15
1;7;321;12205.86
1;7;322;36244.52
1;7;333;49760.47
1;7;335;29068.43
1;7;336;40746.62
1;7;337;26494.05
1;7;338;40248.7
1;7;339;10889.48
1;7;341;23345.09
1;7;342;15283.65
1;7;344;36207.56
1;7;347;14756.66
1;7;348;13809.66
1;7;349;12205.86
1;7;351;19134.72
1;7;352;49282
1;7;355;32763.75
1;7;357;5838.75
1;7;358;37916.27
1;7;359;18544.11
1;7;360;13337.24
1;7;363;39006.85
1;7;364;10472.97
1;7;365;41598.46
1;7;369;2433.9
1;7;372;5973.38
1;7;373;29600.7
1;7;375;7213.12
1;7;399;37045.32
1;7;400;34513.11
1;7;402;15411.91
1;7;411;22601.8
1;7;417;20035.64
1;7;419;21102.98
1;7;421;25287.33
1;7;425;39622.58
1;7;426;26494.05
1;7;433;39969.22
1;7;436;0
1;7;437;19649.12
1;7;439;7168.1
1;7;446;33909.23
1;7;450;36207.56
1;7;455;2414.8
1;7;460;43611.73
1;7;463;29298.91
1;7;482;45761.52
1;7;483;42160.02
1;7;484;47617.51
1;7;485;39969.22
1;7;486;45288.61
1;7;487;38801.93
1;7;490;26904.45
1;7;491;38303.89
1;7;492;49087.83
1;7;493;15612.12
1;7;495;22878.96
1;7;496;32621.91
1;7;497;12205.86
1;7;498;30529.13
1;9;3;13921
1;9;4;26029.83
1;9;5;48546.74
1;9;7;298
1;9;8;31805.22
1;9;9;35331.75
1;9;11;44297.42
1;9;16;49099.32
1;9;17;41018.73
1;9;18;44019.71
1;9;19;47156.75
1;9;21;40964.67
1;9;22;2416.28
1;9;27;36703.04
1;9;28;33226.41
1;9;29;33226.41
1;9;30;38451.19
1;9;31;48546.74
1;9;32;20965.26
1;9;34;12205.86
1;9;35;0
1;9;40;2349.91
1;9;41;18599.04
1;9;48;44482
1;9;50;35835.66
1;9;55;25682
1;9;59;5530.63
1;9;61;18353.24
1;9;62;989.45
1;9;63;38930.66
1;9;66;38935.51
1;9;68;31744.17
1;9;73;43174.2
1;9;74;7078.88
1;9;75;35478.02
1;9;76;27689.85
1;9;78;38087.32
1;9;79;36681.61
1;9;81;41915.54
1;9;90;47476.45
1;9;95;50000
1;9;96;9529.46
1;9;97;4316.26
1;9;99;16566.64
1;9;103;50000
1;9;104;25348.26
1;9;108;25682
1;9;109;33226.41
1;9;110;48898.12
1;9;111;12205.86
1;9;112;21407.79
1;9;114;40892.79
1;9;115;22818.06
1;9;117;39716.75
1;9;118;25348.26
1;9;122;48965.53
1;9;124;4472.54
1;9;133;40001.49
1;9;134;34639.27
1;9;140;25288.64
1;9;144;2751.99
1;9;145;19628.38
1;9;147;21467.62
1;9;149;9424
1;9;152;48927.72
1;9;155;48725.39
1;9;157;29873.14
1;9;159;4967.01
1;9;162;35624.7
1;9;164;31805.22
1;9;167;0
1;9;168;11847.02
1;9;171;5596.7
1;9;174;4537.4
1;9;175;5822.94
1;9;180;31627.91
1;9;182;40745.82
1;9;189;22774.03
1;9;190;23732.88
1;9;191;11228.83
1;9;192;602
1;9;195;34120.15
1;9;202;27798.4
1;9;205;11499.03
1;9;208;9657.55
1;9;209;47604.31
1;9;210;39129.84
1;9;216;33916.1
1;9;217;4189.71
1;9;221;49019.78
1;9;222;39147.86
1;9;223;34965.73
1;9;224;7854.48
1;9;226;67.57
1;9;227;32454.96
1;9;230;23616.86
1;9;231;24838.21
1;9;235;13540.83
1;9;236;47645.24
1;9;237;31805.22
1;9;239;0
1;9;245;2479.53
1;9;248;32454.96
1;9;259;32112.79
1;9;260;14259.1
1;9;263;15641.72
1;9;264;43139.42
1;9;268;21606.11
1;9;269;27716.58
1;9;270;7354.15
1;9;273;29159.1
1;9;274;10694.08
1;9;281;41765.45
1;9;285;9343.74
1;9;286;17486.36
1;9;287;6120.27
1;9;288;50000
1;9;293;32218.73
1;9;294;40118.52
1;9;295;49358.9
1;9;297;12975.69
1;9;298;38260.92
1;9;300;37597.4
1;9;303;11627.89
1;9;304;18991.7
1;9;309;17078.88
1;9;310;41018.73
1;9;312;48844.08
1;9;313;47580.04
1;9;316;0
1;9;321;12205.86
1;9;322;35148
1;9;333;31805.22
1;9;335;37180.41
1;9;336;11301.04
1;9;337;4211.3
1;9;338;40248.7
1;9;339;33226.41
1;9;341;27219.36
1;9;342;46986.23
1;9;344;35763.53
1;9;347;44684.73
1;9;348;23657.9
1;9;349;12205.86
1;9;351;41018.73
1;9;352;29834.42
1;9;355;43823.93
1;9;357;20905.29
1;9;358;40036.7
1;9;359;38650.67
1;9;360;48546.74
1;9;363;39006.85
1;9;364;40009.39
1;9;365;48441.36
1;9;369;37407.97
1;9;372;7856.26
1;9;373;21435.27
1;9;375;47555.45
1;9;399;18467.73
1;9;400;1398.31
1;9;402;46317.54
1;9;411;46233.37
1;9;417;13579.89
1;9;419;26141.46
1;9;421;50000
1;9;425;45575.97
1;9;426;38414.84
1;9;433;21874.67
1;9;436;10422.21
1;9;437;19649.12
1;9;439;47638.92
1;9;446;17510.22
1;9;450;24494.57
1;9;455;18448.25
1;9;460;48546.74
1;9;463;2886.46
1;9;482;50000
1;9;483;37097.48
1;9;484;25348.26
1;9;485;8.19
1;9;486;38258.09
1;9;487;47035.86
1;9;490;27834.97
1;9;491;3408.51
1;9;492;49087.83
1;9;493;25348.26
1;9;495;25682
1;9;496;26895.89
1;9;497;12205.86
1;9;498;31805.22
2;0;3;45449.97
2;0;4;35249
2;0;5;26964.09
2;0;7;6917.43
2;0;8;26141.25
2;0;9;30464.89
2;0;11;31771.65
2;0;16;2992.07
2;0;17;8182.86
2;0;18;1693.67
2;0;19;41020.01
2;0;21;21576.77
2;0;22;294.46
2;0;27;46886.86
2;0;28;46235.53
2;0;29;38294.39
2;0;30;30145.9
2;0;31;50000
2;0;32;20965.26
2;0;34;18000.55
2;0;35;47164.78
2;0;40;20837.23
2;0;41;40173.42
2;0;48;430.86
2;0;50;1941
2;0;55;46322.05
2;0;59;19380.26
2;0;61;13334.03
2;0;62;37656.06
2;0;63;25267.18
2;0;66;21999.34
2;0;68;35470.63
2;0;73;27642.08
2;0;74;21653.88
2;0;75;37752.73
2;0;76;29213.87
2;0;78;31822.33
2;0;79;5340.49
2;0;81;26482.41
2;0;90;9365.12
2;0;95;26084.8
2;0;96;48395.98
2;0;97;38003.77
2;0;99;40075.47
2;0;103;48283.88
2;0;104;12716.97
2;0;108;33542.95
2;0;109;12948.98
2;0;110;30975.9
2;0;111;360.12
2;0;112;5672.74
2;0;114;29896.08
2;0;115;35130.35
2;0;117;11520.29
2;0;118;47245.29
2;0;122;6628.57
2;0;124;1169.07
2;0;133;294.46
2;0;134;25152.06
2;0;140;42860.79
2;0;144;46938.01
2;0;145;634.62
2;0;147;22768.82
2;0;149;19713.18
2;0;152;19423.07
2;0;155;0
2;0;157;24238.73
2;0;159;13717.04
2;0;162;48283.88
2;0;164;10455.82
2;0;167;34938.9
2;0;168;16225.7
2;0;171;17981.96
2;0;174;6018.38
2;0;175;46726.46
2;0;180;37894.83
2;0;182;15444.92
2;0;189;35020.73
2;0;190;1748.83
2;0;191;48374.43
2;0;192;8314.46
2;0;195;45828.95
2;0;202;13017.48
2;0;205;4575.43
2;0;208;4099.6
2;0;209;6263.37
2;0;210;34165.64
2;0;216;34448.37
2;0;217;47433.05
2;0;221;47340.84
2;0;222;26767.79
2;0;223;34398.04
2;0;224;25675.17
2;0;226;22707.16
2;0;227;47894.62
2;0;230;7811.67
2;0;231;38253.56
2;0;235;14102.66
2;0;236;11911.44
2;0;237;39132.04
2;0;239;33446.56
2;0;245;19156.53
2;0;248;50000
2;0;259;18438.32
2;0;260;49978.3
2;0;263;21707.78
2;0;264;42647.16
2;0;268;11295.79
2;0;269;7999.32
2;0;270;15089.92
2;0;273;31266.2
2;0;274;40707.1
2;0;281;30002.15
2;0;285;21551.27
2;0;286;37055.29
2;0;287;44160.84
2;0;288;5193.76
2;0;293;13534.98
2;0;294;35758.26
2;0;295;11826.15
2;0;297;3375.97
2;0;298;40765.06
2;0;300;48283.88
2;0;303;35827.69
2;0;304;0
2;0;309;41195.86
2;0;310;408.94
2;0;312;13740.81
2;0;313;8182.86
2;0;316;4993.63
2;0;321;28747.55
2;0;322;294.46
2;0;333;0
2;0;335;0
2;0;336;6707.93
2;0;337;16861.26
2;0;338;32622.43
2;0;339;32452.37
2;0;341;35080.17
2;0;342;18126.15
2;0;344;7707.02
2;0;347;9488.2
2;0;348;13623.21
2;0;349;15616.53
2;0;351;48758.12
2;0;352;8182.86
2;0;355;26193.85
2;0;357;920.05
2;0;358;32252.56
2;0;359;38650.67
2;0;360;50000
2;0;363;26497.19
2;0;364;5170.37
2;0;365;48441.36
2;0;369;11126.05
2;0;372;0
2;0;373;41676.38
2;0;375;3293.22
2;0;399;48283.88
2;0;400;8831.28
2;0;402;0
2;0;411;22506.58
2;0;417;36038.99
2;0;419;26919.65
2;0;421;294.46
2;0;425;29711.23
2;0;426;694.98
2;0;433;12424.65
2;0;436;37564.54
2;0;437;21701.83
2;0;439;40864.11
2;0;446;35972.25
2;0;450;243.69
2;0;455;8182.86
2;0;460;36983.65
2;0;463;41156.89
2;0;482;32680.24
2;0;483;37097.48
2;0;484;50000
2;0;485;31607.64
2;0;486;13623.21
2;0;487;45306.49
2;0;490;22768.82
2;0;491;14102.66
2;0;492;19403.31
2;0;493;6291.24
2;0;495;47631.92
2;0;496;6177.45
2;0;497;48283.88
2;0;498;28715.53
2;1;3;18127.15
2;1;4;6463.66
2;1;5;27328.1
2;1;7;298
2;1;8;568.03
2;1;9;32776.13
2;1;11;4065.28
2;1;16;50000
2;1;17;40514.37
2;1;18;24005.16
2;1;19;22831.3
2;1;21;40964.67
2;1;22;294.46
2;1;27;10571.81
2;1;28;22506.8
2;1;29;22506.8
2;1;30;32564.64
2;1;31;2250.99
2;1;32;50000
2;1;34;35258.78
2;1;35;152.85
2;1;40;5516.18
2;1;41;8494.77
2;1;48;17797.52
2;1;50;47443.49
2;1;55;38589.02
2;1;59;28052.99
2;1;61;44540.98
2;1;62;13857.45
2;1;63;42042.49
2;1;66;31324.85
2;1;68;31128.44
2;1;73;50000
2;1;74;10257.61
2;1;75;38867.08
2;1;76;10716.41
2;1;78;1924.62
2;1;79;40801.68
2;1;81;24709.37
2;1;90;5831.33
2;1;95;46804.94
2;1;96;15618.64
2;1;97;22235.39
2;1;99;34460.85
2;1;103;50000
2;1;104;8727.56
2;1;108;37420.22
2;1;109;22506.8
2;1;110;26168.74
2;1;111;3918.43
2;1;112;47068.76
2;1;114;14944.53
2;1;115;39315.38
2;1;117;36295.9
2;1;118;16273.04
2;1;122;2563.35
2;1;124;31394.2
2;1;133;294.46
2;1;134;34639.27
2;1;140;16466.35
2;1;144;40748.23
2;1;145;47332.16
2;1;147;37153.47
2;1;149;40801.68
2;1;152;18988.74
2;1;155;10649.27
2;1;157;37003.28
2;1;159;30390.96
2;1;162;17881.44
2;1;164;19874
2;1;167;39402.12
2;1;168;15877.84
2;1;171;39672.34
2;1;174;38645.6
2;1;175;39592
2;1;180;4104.29
2;1;182;7771.07
2;1;189;31394.2
2;1;190;294.46
2;1;191;24627.66
2;1;192;46352.77
2;1;195;26691.93
2;1;202;23141.8
2;1;205;16040.8
2;1;208;32346.3
2;1;209;33808.83
2;1;210;29341.53
2;1;216;23111.95
2;1;217;22081.67
2;1;221;7708.14
2;1;222;39147.86
2;1;223;22839.43
2;1;224;37839.69
2;1;226;39389.73
2;1;227;25959.72
2;1;230;42238.01
2;1;231;27089.28
2;1;235;42067.11
2;1;236;31394.2
2;1;237;0
2;1;239;8932.64
2;1;245;48395.01
2;1;248;31498.15
2;1;259;36060.71
2;1;260;32295.58
2;1;263;40801.68
2;1;264;6234.17
2;1;268;10681.04
2;1;269;355.33
2;1;270;16599.34
2;1;273;22081.67
2;1;274;32160.26
2;1;281;44168.29
2;1;285;19005.86
2;1;286;24824.76
2;1;287;47595.03
2;1;288;26168.74
2;1;293;38394.54
2;1;294;14255.99
2;1;295;18783.48
2;1;297;28052.99
2;1;298;31394.2
2;1;300;11311
2;1;303;15692.18
2;1;304;162.77
2;1;309;36389.63
2;1;310;37626.65
2;1;312;3983.01
2;1;313;26899.53
2;1;316;37410.09
2;1;321;22345.16
2;1;322;294.46
2;1;333;12322.37
2;1;335;27508.66
2;1;336;29265.34
2;1;337;22113.51
2;1;338;40248.7
2;1;339;22506.8
2;1;341;25929.18
2;1;342;12571.67
2;1;344;44762.18
2;1;347;7530.59
2;1;348;26234.45
2;1;349;33154.43
2;1;351;0
2;1;352;2283.05
2;1;355;34341.13
2;1;357;47172.13
2;1;358;40036.7
2;1;359;17036.97
2;1;360;47959.73
2;1;363;36605.98
2;1;364;13857.45
2;1;365;49758.59
2;1;369;21595.49
2;1;372;49181.7
2;1;373;22081.67
2;1;375;3646.72
2;1;399;21311.55
2;1;400;26168.74
2;1;402;20825.88
2;1;411;18373.51
2;1;417;47100.57
2;1;419;26168.74
2;1;421;294.46
2;1;425;38372.22
2;1;426;39887.63
2;1;433;28052.99
2;1;436;40801.68
2;1;437;6622.16
2;1;439;27580.37
2;1;446;43759.92
2;1;450;11597.4
2;1;455;47433.03
2;1;460;44261.23
2;1;463;14676.64
2;1;482;29019.49
2;1;483;49977.83
2;1;484;26168.74
2;1;485;28052.99
2;1;486;15012.24
2;1;487;13337.15
2;1;490;37224.7
2;1;491;42067.11
2;1;492;49087.83
2;1;493;4393.31
2;1;495;0
2;1;496;26895.89
2;1;497;8362.76
2;1;498;34595.5
2;2;3;38317.85
2;2;4;35076.87
2;2;5;40899.52
2;2;7;46437.22
2;2;8;31805.22
2;2;9;30464.89
2;2;11;31805.22
2;2;16;17397.11
2;2;17;8182.86
2;2;18;20693.13
2;2;19;48725.82
2;2;21;48144.67
2;2;22;294.46
2;2;27;10571.81
2;2;28;24115.71
2;2;29;24115.71
2;2;30;25781.83
2;2;31;22968.3
2;2;32;23685.11
2;2;34;0
2;2;35;29950.45
2;2;40;5516.18
2;2;41;19482.92
2;2;48;14809.62
2;2;50;1516.23
2;2;55;15437.14
2;2;59;23968.91
2;2;61;38282.16
2;2;62;44323.56
2;2;63;28461.62
2;2;66;38282.16
2;2;68;6747.93
2;2;73;21003.66
2;2;74;13096.41
2;2;75;44841.93
2;2;76;427.09
2;2;78;48294.71
2;2;79;26259.83
2;2;81;38282.16
2;2;90;10251.26
2;2;95;17017.49
2;2;96;44653.69
2;2;97;6360.7
2;2;99;40075.47
2;2;103;7587.35
2;2;104;15437.14
2;2;108;27121.1
2;2;109;24115.71
2;2;110;26168.74
2;2;111;23370.34
2;2;112;7273.53
2;2;114;14944.53
2;2;115;37022.78
2;2;117;1687.9
2;2;118;40988.12
2;2;122;31444.26
2;2;124;14329.64
2;2;133;294.46
2;2;134;34639.27
2;2;140;45229.28
2;2;144;7327.15
2;2;145;23544.1
2;2;147;7596.68
2;2;149;34186.96
2;2;152;16116.6
2;2;155;13002.51
2;2;157;1091.4
2;2;159;18562.53
2;2;162;0
2;2;164;31805.22
2;2;167;34938.9
2;2;168;5075.04
2;2;171;24338.68
2;2;174;12747.39
2;2;175;46726.46
2;2;180;36168.05
2;2;182;40515.71
2;2;189;48993.91
2;2;190;294.46
2;2;191;15437.14
2;2;192;16835.36
2;2;195;46302.29
2;2;202;26658.53
2;2;205;16040.8
2;2;208;20246.58
2;2;209;0
2;2;210;32875.56
2;2;216;31805.22
2;2;217;3074.37
2;2;221;17017.49
2;2;222;39147.86
2;2;223;14938.28
2;2;224;7757.94
2;2;226;16537.13
2;2;227;2141.3
2;2;230;1265.21
2;2;231;37412.86
2;2;235;38793.89
2;2;236;33132.77
2;2;237;31805.22
2;2;239;29728.74
2;2;245;35485.01
2;2;248;15861.57
2;2;259;48291.39
2;2;260;15437.14
2;2;263;34230.21
2;2;264;9670.31
2;2;268;48816.21
2;2;269;8182.86
2;2;270;33493.75
2;2;273;3074.37
2;2;274;4578.31
2;2;281;17828.41
2;2;285;25996.87
2;2;286;25702.39
2;2;287;7971.22
2;2;288;26168.74
2;2;293;2030.45
2;2;294;45969.39
2;2;295;12773.99
2;2;297;14882.59
2;2;298;23711.36
2;2;300;27578.27
2;2;303;16126.78
2;2;304;39898.38
2;2;309;16224.52
2;2;310;15437.14
2;2;312;49003.92
2;2;313;8182.86
2;2;316;17017.49
2;2;321;17017.49
2;2;322;294.46
2;2;333;31805.22
2;2;335;13233.98
2;2;336;3332.96
2;2;337;15828.16
2;2;338;40248.7
2;2;339;9810.15
2;2;341;42395.58
2;2;342;40804.24
2;2;344;40641.66
2;2;347;4834.06
2;2;348;0
2;2;349;33154.43
2;2;351;7326.16
2;2;352;8182.86
2;2;355;30459.17
2;2;357;35145.84
2;2;358;18013.83
2;2;359;0
2;2;360;45764.7
2;2;363;40745.76
2;2;364;77.25
2;2;365;49452.45
2;2;369;49129.5
2;2;372;2581.6
2;2;373;3074.37
2;2;375;31019.73
2;2;399;43399.28
2;2;400;26168.74
2;2;402;39994.35
2;2;411;19749.41
2;2;417;9107.68
2;2;419;26168.74
2;2;421;294.46
2;2;425;38282.16
2;2;426;7959.75
2;2;433;48350.32
2;2;436;28010.77
2;2;437;3950.03
2;2;439;35991.13
2;2;446;21494.57
2;2;450;34931.02
2;2;455;8182.86
2;2;460;50000
2;2;463;34497.13
2;2;482;43422.72
2;2;483;29603.17
2;2;484;26168.74
2;2;485;0
2;2;486;36170.39
2;2;487;23564.41
2;2;490;21912.69
2;2;491;47875.93
2;2;492;49087.83
2;2;493;4514.13
2;2;495;2572.2
2;2;496;11339.28
2;2;497;24506.84
2;2;498;31805.22
2;5;3;48019.22
2;5;4;39999.63
2;5;5;0
2;5;7;6960.59
2;5;8;31805.22
2;5;9;2589.7
2;5;11;31805.22
2;5;16;36854.51
2;5;17;31100.85
2;5;18;44402.8
2;5;19;37826.74
2;5;21;47357.9
2;5;22;294.46
2;5;27;10571.81
2;5;28;41464.18
2;5;29;41102.63
2;5;30;43836.27
2;5;31;15195.4
2;5;32;20965.26
2;5;34;12224.12
2;5;35;2382.21
2;5;40;5516.18
2;5;41;4978.75
2;5;48;50000
2;5;50;6187.26
2;5;55;15437.14
2;5;59;28052.99
2;5;61;27299.63
2;5;62;10864.7
2;5;63;28534.38
2;5;66;27299.63
2;5;68;23150.07
2;5;73;48086.34
2;5;74;25049.89
2;5;75;23009.92
2;5;76;427.09
2;5;78;41961.27
2;5;79;36538.81
2;5;81;27299.63
2;5;90;10859.91
2;5;95;17017.49
2;5;96;36914.84
2;5;97;38296.11
2;5;99;18076.83
2;5;103;49410.97
2;5;104;15437.14
2;5;108;38670.46
2;5;109;27734.2
2;5;110;26974.26
2;5;111;24521.72
2;5;112;10420.19
2;5;114;14944.53
2;5;115;2382.21
2;5;117;36470
2;5;118;43923.9
2;5;122;10219.95
2;5;124;11523.13
2;5;133;294.46
2;5;134;17014.17
2;5;140;7234.85
2;5;144;7717.76
2;5;145;5943.83
2;5;147;11545.52
2;5;149;28033.94
2;5;152;36178.81
2;5;155;10649.27
2;5;157;1091.4
2;5;159;28189.96
2;5;162;49410.97
2;5;164;31805.22
2;5;167;49934.9
2;5;168;26110.28
2;5;171;47078.84
2;5;174;12747.39
2;5;175;23344.85
2;5;180;4717.05
2;5;182;26119.3
2;5;189;11523.13
2;5;190;294.46
2;5;191;15437.14
2;5;192;4479.52
2;5;195;34022.55
2;5;202;20369.03
2;5;205;16040.8
2;5;208;20246.58
2;5;209;8359.42
2;5;210;26126.37
2;5;216;31805.22
2;5;217;3447.6
2;5;221;17017.49
2;5;222;42729.77
2;5;223;27440.19
2;5;224;26478.56
2;5;226;32651.08
2;5;227;49879.94
2;5;230;45490.32
2;5;231;2484.11
2;5;235;35998.67
2;5;236;11523.13
2;5;237;31805.22
2;5;239;49053.05
2;5;245;28052.99
2;5;248;13268.59
2;5;259;7177.06
2;5;260;15437.14
2;5;263;0
2;5;264;29828.76
2;5;268;48816.21
2;5;269;32371.28
2;5;270;32526.27
2;5;273;42820.54
2;5;274;36496.15
2;5;281;50000
2;5;285;9958.42
2;5;286;11523.13
2;5;287;21553.06
2;5;288;24435.67
2;5;293;32199.87
2;5;294;3277.24
2;5;295;6092.84
2;5;297;28052.99
2;5;298;11110.58
2;5;300;49410.97
2;5;303;16126.78
2;5;304;27139.36
2;5;309;49435.78
2;5;310;15437.14
2;5;312;16869.22
2;5;313;25958.15
2;5;316;17017.49
2;5;321;17017.49
2;5;322;294.46
2;5;333;31805.22
2;5;335;25420.14
2;5;336;5416.64
2;5;337;2656.12
2;5;338;50000
2;5;339;13162.78
2;5;341;3160.76
2;5;342;989.18
2;5;344;2382.21
2;5;347;2265.37
2;5;348;25277.89
2;5;349;33154.43
2;5;351;713.46
2;5;352;26478.9
2;5;355;17892.49
2;5;357;6791.16
2;5;358;35329.28
2;5;359;38650.67
2;5;360;32997.17
2;5;363;28032.27
2;5;364;2829.17
2;5;365;48441.36
2;5;369;21711.23
2;5;372;22895.73
2;5;373;0
2;5;375;31019.73
2;5;399;49410.97
2;5;400;0
2;5;402;14598.54
2;5;411;44405.78
2;5;417;9107.68
2;5;419;4848.12
2;5;421;294.46
2;5;425;27299.63
2;5;426;44968.74
2;5;433;28052.99
2;5;436;39548.18
2;5;437;38895.38
2;5;439;3220.92
2;5;446;43803.01
2;5;450;2382.21
2;5;455;18477.65
2;5;460;11727.5
2;5;463;20465.12
2;5;482;7465.64
2;5;483;37097.48
2;5;484;36368.81
2;5;485;28052.99
2;5;486;19619.81
2;5;487;41667.05
2;5;490;41201.14
2;5;491;44458.82
2;5;492;6370.15
2;5;493;40956.56
2;5;495;43584.65
2;5;496;45223.3
2;5;497;49410.97
2;5;498;31805.22
2;7;3;15029.33
2;7;4;39894.59
2;7;5;40899.52
2;7;7;298
2;7;8;15189.34
2;7;9;46968.89
2;7;11;41862.14
2;7;16;44503.34
2;7;17;47627.78
2;7;18;40761.92
2;7;19;48014.14
2;7;21;45016.23
2;7;22;3079.52
2;7;27;10571.81
2;7;28;40279.72
2;7;29;40279.72
2;7;30;43836.27
2;7;31;28112.24
2;7;32;17696.32
2;7;34;32185.64
2;7;35;2382.21
2;7;40;367.08
2;7;41;31303.17
2;7;48;49604.1
2;7;50;25227.68
2;7;55;43099.91
2;7;59;28052.99
2;7;61;3997
2;7;62;41963.45
2;7;63;30467.36
2;7;66;6630.55
2;7;68;21014.96
2;7;73;48086.34
2;7;74;42192.22
2;7;75;36802.95
2;7;76;427.09
2;7;78;33302.65
2;7;79;13407.94
2;7;81;35041.04
2;7;90;8241.68
2;7;95;5154.78
2;7;96;598.08
2;7;97;43733.58
2;7;99;40075.47
2;7;103;39052.08
2;7;104;0
2;7;108;14206.59
2;7;109;40279.72
2;7;110;32145.25
2;7;111;5524.02
2;7;112;17895.34
2;7;114;26038.57
2;7;115;2382.21
2;7;117;19562.19
2;7;118;8093.1
2;7;122;19245.18
2;7;124;36334.3
2;7;133;18436.85
2;7;134;34639.27
2;7;140;13147.07
2;7;144;12190.88
2;7;145;38328.65
2;7;147;35606.47
2;7;149;36537.24
2;7;152;37058.36
2;7;155;10649.27
2;7;157;1091.4
2;7;159;34337.75
2;7;162;12535.77
2;7;164;33649.34
2;7;167;34938.9
2;7;168;15695.78
2;7;171;17521.79
2;7;174;31290.94
2;7;175;46726.46
2;7;180;21772.27
2;7;182;11944.34
2;7;189;20338.87
2;7;190;44785.49
2;7;191;44157.88
2;7;192;316.34
2;7;195;48159.57
2;7;202;20369.03
2;7;205;16040.8
2;7;208;20246.58
2;7;209;15060.1
2;7;210;33716.07
2;7;216;7177.89
2;7;217;31891.01
2;7;221;48458.92
2;7;222;39147.86
2;7;223;37663.72
2;7;224;15136.18
2;7;226;10686.07
2;7;227;40506.79
2;7;230;10402.42
2;7;231;0
2;7;235;21095.53
2;7;236;40898.4
2;7;237;14026.88
2;7;239;30454.2
2;7;245;28052.99
2;7;248;14165.86
2;7;259;12238.92
2;7;260;46676.46
2;7;263;27418.39
2;7;264;7490.67
2;7;268;48816.21
2;7;269;8975.35
2;7;270;3619.77
2;7;273;23755.21
2;7;274;13776.03
2;7;281;39458.79
2;7;285;40083.19
2;7;286;45513.06
2;7;287;38830.89
2;7;288;28592.39
2;7;293;40545.51
2;7;294;30938.24
2;7;295;1499.17
2;7;297;28052.99
2;7;298;1468.56
2;7;300;45886.06
2;7;303;16126.78
2;7;304;27035.55
2;7;309;16224.52
2;7;310;46653.55
2;7;312;0
2;7;313;46525.92
2;7;316;26326.15
2;7;321;19664.52
2;7;322;18253.49
2;7;333;45893.25
2;7;335;32.7
2;7;336;16187.93
2;7;337;29768.33
2;7;338;40248.7
2;7;339;40279.72
2;7;341;8381.19
2;7;342;41432.94
2;7;344;2382.21
2;7;347;6400.1
2;7;348;6288.99
2;7;349;25376.88
2;7;351;4301.35
2;7;352;18035.66
2;7;355;35220.56
2;7;357;50000
2;7;358;47739.17
2;7;359;46238.18
2;7;360;26128.94
2;7;363;39006.85
2;7;364;17473.06
2;7;365;44512.93
2;7;369;43550.14
2;7;372;43510.2
2;7;373;25444.48
2;7;375;31019.73
2;7;399;50000
2;7;400;49390.6
2;7;402;14598.54
2;7;411;22601.8
2;7;417;6829.14
2;7;419;33877.29
2;7;421;47024.09
2;7;425;4054.23
2;7;426;27852.72
2;7;433;29004.1
2;7;436;3154.38
2;7;437;303.3
2;7;439;26459.75
2;7;446;14361.27
2;7;450;2382.21
2;7;455;1207.11
2;7;460;27502.2
2;7;463;50000
2;7;482;15639.92
2;7;483;6625.61
2;7;484;34528.26
2;7;485;28052.99
2;7;486;6288.99
2;7;487;23564.41
2;7;490;30494.76
2;7;491;22300.53
2;7;492;49087.83
2;7;493;627.58
2;7;495;18425.98
2;7;496;11339.28
2;7;497;18904.65
2;7;498;17830.27
2;9;3;43858.28
2;9;4;558.32
2;9;5;43801.25
2;9;7;298
2;9;8;31805.22
2;9;9;30464.89
2;9;11;31805.22
2;9;16;27863.54
2;9;17;47132.11
2;9;18;0
2;9;19;41020.01
2;9;21;40964.67
2;9;22;22600.84
2;9;27;17187.61
2;9;28;38697.15
2;9;29;38697.15
2;9;30;43836.27
2;9;31;47912.61
2;9;32;20965.26
2;9;34;48072.41
2;9;35;11888.43
2;9;40;12257.77
2;9;41;10795.14
2;9;48;30724.27
2;9;50;18395.2
2;9;55;15437.14
2;9;59;34659.98
2;9;61;36175.86
2;9;62;40593.24
2;9;63;27329.65
2;9;66;41973.81
2;9;68;37807.91
2;9;73;48086.34
2;9;74;48949.39
2;9;75;221.57
2;9;76;6506.85
2;9;78;36851.08
2;9;79;40801.68
2;9;81;31673.39
2;9;90;29741.68
2;9;95;37460.83
2;9;96;35252.05
2;9;97;43733.58
2;9;99;40075.47
2;9;103;16638.37
2;9;104;15437.14
2;9;108;20370.95
2;9;109;38697.15
2;9;110;39546.02
2;9;111;0
2;9;112;11725.98
2;9;114;31327.48
2;9;115;28414.67
2;9;117;11520.29
2;9;118;30955.18
2;9;122;31383.06
2;9;124;21796.8
2;9;133;41317
2;9;134;34639.27
2;9;140;12861.68
2;9;144;43080
2;9;145;5119.24
2;9;147;25172.1
2;9;149;40801.68
2;9;152;716.57
2;9;155;44759.04
2;9;157;4113.92
2;9;159;42147.38
2;9;162;16638.37
2;9;164;31805.22
2;9;167;33142.04
2;9;168;20834.25
2;9;171;49979.03
2;9;174;0
2;9;175;46726.46
2;9;180;41182.19
2;9;182;31470.78
2;9;189;29838.68
2;9;190;25543.32
2;9;191;15437.14
2;9;192;11032.59
2;9;195;4361.46
2;9;202;20369.03
2;9;205;24193.35
2;9;208;5065.03
2;9;209;12143.73
2;9;210;46476.92
2;9;216;30815.78
2;9;217;14847.18
2;9;221;0
2;9;222;39147.86
2;9;223;48419.79
2;9;224;23288.45
2;9;226;10686.07
2;9;227;6252.84
2;9;230;13610.28
2;9;231;38139.03
2;9;235;48038.2
2;9;236;33828.85
2;9;237;31805.22
2;9;239;0
2;9;245;19156.53
2;9;248;10458.24
2;9;259;36658.98
2;9;260;15437.14
2;9;263;40801.68
2;9;264;4502.01
2;9;268;39147.79
2;9;269;8349.63
2;9;270;45364.6
2;9;273;47004.94
2;9;274;43344.63
2;9;281;23375.01
2;9;285;40083.19
2;9;286;2067.64
2;9;287;9795.09
2;9;288;50000
2;9;293;27613.17
2;9;294;43654.29
2;9;295;43487.16
2;9;297;4719.27
2;9;298;10470.03
2;9;300;16638.37
2;9;303;31732.01
2;9;304;10766.35
2;9;309;2372.32
2;9;310;15437.14
2;9;312;32215.64
2;9;313;6530.28
2;9;316;25260.55
2;9;321;47706.35
2;9;322;22470.58
2;9;333;31805.22
2;9;335;0
2;9;336;4671.63
2;9;337;17955.29
2;9;338;40248.7
2;9;339;38697.15
2;9;341;27219.36
2;9;342;11858.4
2;9;344;46348.06
2;9;347;9425.6
2;9;348;43318.5
2;9;349;29351.06
2;9;351;10621.7
2;9;352;43046.8
2;9;355;10958.19
2;9;357;30529.58
2;9;358;40036.7
2;9;359;38650.67
2;9;360;19610.22
2;9;363;39006.85
2;9;364;40593.24
2;9;365;48441.36
2;9;369;11126.05
2;9;372;49556.8
2;9;373;41609.47
2;9;375;35922.1
2;9;399;16638.37
2;9;400;50000
2;9;402;14598.54
2;9;411;14444.12
2;9;417;7106.46
2;9;419;33051.63
2;9;421;13681.81
2;9;425;43960.94
2;9;426;10300.48
2;9;433;4522.46
2;9;436;40801.68
2;9;437;303.3
2;9;439;40864.11
2;9;446;0
2;9;450;50000
2;9;455;21324.32
2;9;460;41230.32
2;9;463;31489.41
2;9;482;45274.84
2;9;483;37097.48
2;9;484;30489.91
2;9;485;12195
2;9;486;17813.55
2;9;487;36570.23
2;9;490;25172.1
2;9;491;5384.08
2;9;492;49087.83
2;9;493;13643.54
2;9;495;3962.52
2;9;496;26895.89
2;9;497;16638.37
2;9;498;31805.22
3;0;3;19076.89
3;0;4;2674.31
3;0;5;32828.62
3;0;7;16166.74
3;0;8;4408.39
3;0;9;12508.89
3;0;11;38266.65
3;0;16;0
3;0;17;15268.16
3;0;18;18058.72
3;0;19;8965.49
3;0;21;40482.99
3;0;22;6192.53
3;0;27;11499.12
3;0;28;4127.74
3;0;29;32745.18
3;0;30;273.35
3;0;31;1852.39
3;0;32;20965.26
3;0;34;17722.79
3;0;35;26713.39
3;0;40;19287.38
3;0;41;17830.39
3;0;48;41213.83
3;0;50;39253.1
3;0;55;25682
3;0;59;19327.48
3;0;61;4638.99
3;0;62;0
3;0;63;28424.86
3;0;66;12032.01
3;0;68;7230.62
3;0;73;24142.26
3;0;74;3603.28
3;0;75;19017.25
3;0;76;8918.67
3;0;78;15482.7
3;0;79;41879.69
3;0;81;31607.88
3;0;90;22208.89
3;0;95;16147.67
3;0;96;33105.02
3;0;97;30453.2
3;0;99;44639.48
3;0;103;31673.76
3;0;104;8373.66
3;0;108;25682
3;0;109;5630.08
3;0;110;9159.25
3;0;111;17722.79
3;0;112;41213.83
3;0;114;16166.74
3;0;115;40942.95
3;0;117;8965.49
3;0;118;9037.92
3;0;122;7230.62
3;0;124;35594.54
3;0;133;50000
3;0;134;16166.74
3;0;140;31294.41
3;0;144;40354.51
3;0;145;41077.32
3;0;147;9021.37
3;0;149;30964.73
3;0;152;46181.25
3;0;155;33510.69
3;0;157;26300.54
3;0;159;12966.76
3;0;162;23382.72
3;0;164;46843.93
3;0;167;8965.49
3;0;168;48273.17
3;0;171;35252.04
3;0;174;31404.02
3;0;175;11966.4
3;0;180;22382.22
3;0;182;41213.83
3;0;189;50000
3;0;190;22565.61
3;0;191;25835.56
3;0;192;16166.74
3;0;195;41213.83
3;0;202;30852.88
3;0;205;27244.52
3;0;208;22375.32
3;0;209;2429.65
3;0;210;4152.65
3;0;216;45773.81
3;0;217;38818.3
3;0;221;0
3;0;222;18110.25
3;0;223;40183.92
3;0;224;14245.51
3;0;226;27209.03
3;0;227;14961.8
3;0;230;43819.78
3;0;231;25682
3;0;235;38921.05
3;0;236;35594.54
3;0;237;738.91
3;0;239;0
3;0;245;23743.31
3;0;248;42140.24
3;0;259;41213.83
3;0;260;34629.95
3;0;263;24638.93
3;0;264;9047.19
3;0;268;49673.74
3;0;269;50000
3;0;270;3832.72
3;0;273;8965.49
3;0;274;1569.51
3;0;281;36681.65
3;0;285;36919.85
3;0;286;35594.54
3;0;287;19725.71
3;0;288;3523.8
3;0;293;6804.99
3;0;294;49061.78
3;0;295;10949.79
3;0;297;35594.54
3;0;298;17647.91
3;0;300;821.79
3;0;303;35259.51
3;0;304;4882.93
3;0;309;20759.93
3;0;310;0
3;0;312;42270.19
3;0;313;45078.68
3;0;316;50000
3;0;321;17722.79
3;0;322;44676.58
3;0;333;33541.05
3;0;335;14855.4
3;0;336;12760.98
3;0;337;37085.55
3;0;338;9548.09
3;0;339;9921.72
3;0;341;46823.77
3;0;342;16729.7
3;0;344;23780.21
3;0;347;16428.5
3;0;348;19195.09
3;0;349;17722.79
3;0;351;18349.94
3;0;352;42846.86
3;0;355;27490.22
3;0;357;27431.9
3;0;358;46639.66
3;0;359;38650.67
3;0;360;5169.03
3;0;363;34935.24
3;0;364;26535.55
3;0;365;48441.36
3;0;369;8965.49
3;0;372;50000
3;0;373;11289.06
3;0;375;33681.91
3;0;399;28430.61
3;0;400;28189.28
3;0;402;40304
3;0;411;30850
3;0;417;48415.58
3;0;419;8757.51
3;0;421;31848.29
3;0;425;44834.11
3;0;426;13754.65
3;0;433;35594.54
3;0;436;25941.5
3;0;437;33958.28
3;0;439;8965.49
3;0;446;28053.53
3;0;450;4664.46
3;0;455;21641.23
3;0;460;20333.24
3;0;463;36771.15
3;0;482;7230.62
3;0;483;37097.48
3;0;484;38505.67
3;0;485;32622.19
3;0;486;9583.27
3;0;487;19241.38
3;0;490;2183.5
3;0;491;25256.96
3;0;492;7230.62
3;0;493;8965.49
3;0;495;25682
3;0;496;14249.79
3;0;497;17722.79
3;0;498;46735.58
3;1;3;48700.44
3;1;4;34698.58
3;1;5;6380.78
3;1;7;298
3;1;8;38979.6
3;1;9;32290.76
3;1;11;20643.74
3;1;16;27743.19
3;1;17;28982.51
3;1;18;36738.94
3;1;19;49751.39
3;1;21;30497.41
3;1;22;39535.86
3;1;27;34407.3
3;1;28;39409.67
3;1;29;26487.79
3;1;30;32103.49
3;1;31;22151.62
3;1;32;38656.01
3;1;34;21758.7
3;1;35;28548.94
3;1;40;13983.8
3;1;41;50000
3;1;48;22176.35
3;1;50;47443.49
3;1;55;25682
3;1;59;27390.97
3;1;61;12247.75
3;1;62;18173.73
3;1;63;7946.4
3;1;66;8190.73
3;1;68;44698.92
3;1;73;1774.38
3;1;74;35711.73
3;1;75;20885.1
3;1;76;15866.29
3;1;78;5694.83
3;1;79;33666.49
3;1;81;26360.85
3;1;90;32520.67
3;1;95;10213.63
3;1;96;7348.13
3;1;97;7704.07
3;1;99;41106.52
3;1;103;18933.09
3;1;104;32980.31
3;1;108;25682
3;1;109;9016.5
3;1;110;41808.26
3;1;111;21077.84
3;1;112;10823.73
3;1;114;14295.35
3;1;115;42569.66
3;1;117;40539.45
3;1;118;18118.75
3;1;122;29042.6
3;1;124;30134.69
3;1;133;33182.33
3;1;134;34639.27
3;1;140;33666.49
3;1;144;20404.6
3;1;145;25539
3;1;147;34663.03
3;1;149;30964.73
3;1;152;27743.19
3;1;155;30788.89
3;1;157;46961.95
3;1;159;12966.76
3;1;162;14549.89
3;1;164;45113.94
3;1;167;22501.16
3;1;168;34164.34
3;1;171;27743.19
3;1;174;10777.26
3;1;175;14344.88
3;1;180;30338.7
3;1;182;46272.25
3;1;189;50000
3;1;190;20360.3
3;1;191;30200.18
3;1;192;22603.91
3;1;195;15132.69
3;1;202;15599.2
3;1;205;16040.8
3;1;208;26597.8
3;1;209;17406.69
3;1;210;8198.07
3;1;216;21149.99
3;1;217;25223.05
3;1;221;13089.53
3;1;222;13370.19
3;1;223;48700.44
3;1;224;4579.34
3;1;226;41839.74
3;1;227;4283.13
3;1;230;27743.19
3;1;231;25682
3;1;235;12285.56
3;1;236;45084.22
3;1;237;30851.4
3;1;239;176.7
3;1;245;32710.08
3;1;248;8616.04
3;1;259;16794.86
3;1;260;46660.52
3;1;263;45550.64
3;1;264;5531.88
3;1;268;12144.89
3;1;269;1591.21
3;1;270;4510.18
3;1;273;48070.33
3;1;274;19643.34
3;1;281;17756.78
3;1;285;40492.89
3;1;286;47762.63
3;1;287;21671.38
3;1;288;18338.22
3;1;293;0
3;1;294;20991.41
3;1;295;13424.3
3;1;297;48207.4
3;1;298;50000
3;1;300;4103.1
3;1;303;31229.62
3;1;304;32399.31
3;1;309;46185.56
3;1;310;34863.77
3;1;312;12746.15
3;1;313;6141.87
3;1;316;31869.8
3;1;321;30133.54
3;1;322;27895.92
3;1;333;5018.61
3;1;335;28323.71
3;1;336;40686.84
3;1;337;47396.28
3;1;338;40248.7
3;1;339;38817.7
3;1;341;24175.02
3;1;342;22393.17
3;1;344;21064.48
3;1;347;4886.05
3;1;348;33666.49
3;1;349;46924.57
3;1;351;45813.52
3;1;352;48094.82
3;1;355;27490.22
3;1;357;29727.11
3;1;358;6450.92
3;1;359;45227.38
3;1;360;19287.43
3;1;363;39006.85
3;1;364;47246.84
3;1;365;43093.48
3;1;369;38011.6
3;1;372;1305.51
3;1;373;20910.72
3;1;375;33681.91
3;1;399;44870.56
3;1;400;24323.41
3;1;402;17214.24
3;1;411;44395.63
3;1;417;33666.49
3;1;419;44346.72
3;1;421;46836.97
3;1;425;11216.97
3;1;426;24881.19
3;1;433;31686.64
3;1;436;31805.22
3;1;437;15665.32
3;1;439;8320.89
3;1;446;44097.52
3;1;450;28693.01
3;1;455;27427.59
3;1;460;43360.6
3;1;463;3490.68
3;1;482;32720.71
3;1;483;1145.7
3;1;484;32682.7
3;1;485;12624.92
3;1;486;10421.38
3;1;487;42081.87
3;1;490;23643.54
3;1;491;18950.12
3;1;492;49087.83
3;1;493;0
3;1;495;25682
3;1;496;40966.01
3;1;497;14672.75
3;1;498;21379.56
3;2;3;48700.44
3;2;4;8215.29
3;2;5;47109.6
3;2;7;298
3;2;8;49173.03
3;2;9;22957.08
3;2;11;8153.42
3;2;16;27743.19
3;2;17;14296.57
3;2;18;22083.4
3;2;19;13043.6
3;2;21;38255.23
3;2;22;6321.34
3;2;27;34407.3
3;2;28;12649.85
3;2;29;25279.82
3;2;30;31738.24
3;2;31;47109.6
3;2;32;35331.28
3;2;34;16739.05
3;2;35;18405.04
3;2;40;18842.64
3;2;41;4345
3;2;48;35137.32
3;2;50;0
3;2;55;6879.41
3;2;59;36677.93
3;2;61;46616.26
3;2;62;3661.02
3;2;63;41773.74
3;2;66;46616.26
3;2;68;33636.76
3;2;73;28203.19
3;2;74;1083.89
3;2;75;44841.93
3;2;76;22237.26
3;2;78;0
3;2;79;8454.68
3;2;81;46616.26
3;2;90;40216.59
3;2;95;7101.01
3;2;96;44653.69
3;2;97;0
3;2;99;14050.43
3;2;103;24345.95
3;2;104;41924.46
3;2;108;7442.93
3;2;109;29961.01
3;2;110;11958.02
3;2;111;34412.92
3;2;112;35137.32
3;2;114;5041.14
3;2;115;50000
3;2;117;13043.6
3;2;118;34473.41
3;2;122;17982.25
3;2;124;35594.54
3;2;133;1923.12
3;2;134;34639.27
3;2;140;36850.34
3;2;144;7327.15
3;2;145;21432.85
3;2;147;19020.14
3;2;149;21661.63
3;2;152;27743.19
3;2;155;30788.89
3;2;157;27782.18
3;2;159;46712.29
3;2;162;25621.03
3;2;164;15558.62
3;2;167;13043.6
3;2;168;22140.73
3;2;171;29293.31
3;2;174;46932.3
3;2;175;12602.86
3;2;180;36168.05
3;2;182;35137.32
3;2;189;17475.94
3;2;190;44665.22
3;2;191;21217.76
3;2;192;43719.17
3;2;195;35137.32
3;2;202;32267.74
3;2;205;16040.8
3;2;208;10031.25
3;2;209;1354.57
3;2;210;19523.53
3;2;216;18034.82
3;2;217;3841.52
3;2;221;10308.08
3;2;222;39147.86
3;2;223;48700.44
3;2;224;37146.53
3;2;226;8144.14
3;2;227;17407.38
3;2;230;27743.19
3;2;231;37656.21
3;2;235;0
3;2;236;30791.5
3;2;237;23514.01
3;2;239;40562.9
3;2;245;39316.4
3;2;248;27049.32
3;2;259;35137.32
3;2;260;34629.95
3;2;263;24960.02
3;2;264;9084.77
3;2;268;48996.3
3;2;269;32930.97
3;2;270;42486.02
3;2;273;13043.6
3;2;274;19643.34
3;2;281;1553.79
3;2;285;37666.95
3;2;286;35594.54
3;2;287;20428.95
3;2;288;44348.63
3;2;293;37037.45
3;2;294;46367.99
3;2;295;3980.08
3;2;297;35594.54
3;2;298;36515.1
3;2;300;2966.68
3;2;303;42632.71
3;2;304;24774.7
3;2;309;47810.43
3;2;310;35509.05
3;2;312;41538.42
3;2;313;36196.89
3;2;316;46785.02
3;2;321;39844.39
3;2;322;15545.18
3;2;333;33766.8
3;2;335;10116.02
3;2;336;6383.42
3;2;337;15828.16
3;2;338;40248.7
3;2;339;24965.04
3;2;341;22108.04
3;2;342;22393.17
3;2;344;2711.43
3;2;347;4834.06
3;2;348;34908.23
3;2;349;6325.63
3;2;351;47845.37
3;2;352;3069.37
3;2;355;28067.4
3;2;357;29727.11
3;2;358;16597.18
3;2;359;48253.29
3;2;360;47109.6
3;2;363;39006.85
3;2;364;26717.19
3;2;365;33304.96
3;2;369;13043.6
3;2;372;20048.59
3;2;373;12468.84
3;2;375;36878.41
3;2;399;23009.51
3;2;400;14020.2
3;2;402;38143.53
3;2;411;19749.41
3;2;417;30398.71
3;2;419;8757.51
3;2;421;0
3;2;425;46616.26
3;2;426;31288.09
3;2;433;35594.54
3;2;436;25941.5
3;2;437;48504.01
3;2;439;13043.6
3;2;446;29091.47
3;2;450;5394.79
3;2;455;21641.23
3;2;460;47109.6
3;2;463;19245.77
3;2;482;1613.75
3;2;483;35895.83
3;2;484;49007.17
3;2;485;34397.26
3;2;486;46942.16
3;2;487;43216.65
3;2;490;48673.45
3;2;491;21531.28
3;2;492;49087.83
3;2;493;13043.6
3;2;495;36719.35
3;2;496;50000
3;2;497;32298.52
3;2;498;5814.31
3;5;3;48700.44
3;5;4;31869.43
3;5;5;25248.66
3;5;7;23151.23
3;5;8;24474.03
3;5;9;14768.24
3;5;11;10423.85
3;5;16;28150.16
3;5;17;28786.8
3;5;18;8264.46
3;5;19;25521.92
3;5;21;7811.86
3;5;22;16131.99
3;5;27;34407.3
3;5;28;21468.53
3;5;29;38307.51
3;5;30;43836.27
3;5;31;45040.07
3;5;32;20965.26
3;5;34;1627.43
3;5;35;16721.46
3;5;40;26731.74
3;5;41;32776.63
3;5;48;20217.53
3;5;50;27166.1
3;5;55;32017.02
3;5;59;12602.33
3;5;61;37451.77
3;5;62;39450.75
3;5;63;2423.89
3;5;66;37451.77
3;5;68;7230.62
3;5;73;48951.35
3;5;74;44051.86
3;5;75;23009.92
3;5;76;22237.26
3;5;78;3516.75
3;5;79;21246.47
3;5;81;37451.77
3;5;90;27582.98
3;5;95;37575.73
3;5;96;36914.84
3;5;97;43939.78
3;5;99;42709.23
3;5;103;23575.19
3;5;104;22162.95
3;5;108;35346.38
3;5;109;11224.27
3;5;110;17039.04
3;5;111;0
3;5;112;2545.93
3;5;114;23151.23
3;5;115;10329.56
3;5;117;7154.13
3;5;118;35994.06
3;5;122;7230.62
3;5;124;48567.4
3;5;133;14666.51
3;5;134;23151.23
3;5;140;50000
3;5;144;7717.76
3;5;145;28656.55
3;5;147;22396.03
3;5;149;23818.27
3;5;152;6304.76
3;5;155;30788.89
3;5;157;27782.18
3;5;159;37917.78
3;5;162;26797.1
3;5;164;16732.95
3;5;167;14066.87
3;5;168;29846.44
3;5;171;15649.36
3;5;174;29937.99
3;5;175;16044.95
3;5;180;4717.05
3;5;182;15475.43
3;5;189;21623.68
3;5;190;23838.26
3;5;191;4417.83
3;5;192;23151.23
3;5;195;40845.37
3;5;202;20369.03
3;5;205;16040.8
3;5;208;18637.86
3;5;209;3892.13
3;5;210;15559.67
3;5;216;4650.47
3;5;217;15912.9
3;5;221;26781.23
3;5;222;15662.2
3;5;223;48700.44
3;5;224;29525.94
3;5;226;36762.3
3;5;227;7119.63
3;5;230;36979.89
3;5;231;24948.41
3;5;235;101.18
3;5;236;11575.05
3;5;237;5563.31
3;5;239;16278.1
3;5;245;10327.64
3;5;248;40258.07
3;5;259;29936.21
3;5;260;23520.07
3;5;263;6415.26
3;5;264;3524.02
3;5;268;48996.3
3;5;269;39226.99
3;5;270;17990.18
3;5;273;20429.68
3;5;274;19643.34
3;5;281;7648.58
3;5;285;7775.35
3;5;286;17295.18
3;5;287;43008.45
3;5;288;26219.58
3;5;293;5933.73
3;5;294;18011.94
3;5;295;21291.87
3;5;297;7230.88
3;5;298;47560.79
3;5;300;24998.33
3;5;303;42632.71
3;5;304;4834.24
3;5;309;47810.43
3;5;310;28786.8
3;5;312;33699.54
3;5;313;32302.38
3;5;316;40790.34
3;5;321;35419.03
3;5;322;11461.11
3;5;333;12631.06
3;5;335;17314.2
3;5;336;9480.78
3;5;337;20857.64
3;5;338;7230.62
3;5;339;24063.44
3;5;341;40242.82
3;5;342;22393.17
3;5;344;30720.28
3;5;347;2265.37
3;5;348;0
3;5;349;30498.45
3;5;351;28786.8
3;5;352;38569.24
3;5;355;21168.84
3;5;357;29727.11
3;5;358;3280.15
3;5;359;38650.67
3;5;360;8285.06
3;5;363;17656.05
3;5;364;29159.04
3;5;365;48441.36
3;5;369;18116.64
3;5;372;21454.09
3;5;373;48398.88
3;5;375;36878.41
3;5;399;13982.09
3;5;400;12533.59
3;5;402;14598.54
3;5;411;44405.78
3;5;417;30398.71
3;5;419;50000
3;5;421;15984.54
3;5;425;37451.77
3;5;426;10296.81
3;5;433;7548.39
3;5;436;22472.19
3;5;437;32746.16
3;5;439;23687.64
3;5;446;50000
3;5;450;19640.24
3;5;455;16735.31
3;5;460;14889.05
3;5;463;47876.69
3;5;482;7230.62
3;5;483;37097.48
3;5;484;423.93
3;5;485;1448.35
3;5;486;26395.46
3;5;487;36025.94
3;5;490;46658.29
3;5;491;21755.24
3;5;492;7230.62
3;5;493;8052.98
3;5;495;20682.92
3;5;496;8071.16
3;5;497;21185.04
3;5;498;14110.16
3;7;3;38656.72
3;7;4;0
3;7;5;22609.4
3;7;7;298
3;7;8;19588.01
3;7;9;14212.79
3;7;11;46134.64
3;7;16;1130.05
3;7;17;18296.01
3;7;18;18539.3
3;7;19;5242.9
3;7;21;18567.33
3;7;22;6321.34
3;7;27;34407.3
3;7;28;33957.79
3;7;29;38334.44
3;7;30;43836.27
3;7;31;39402.84
3;7;32;20883.79
3;7;34;17722.79
3;7;35;8518.86
3;7;40;40127.58
3;7;41;4345
3;7;48;24068.94
3;7;50;28063.2
3;7;55;48487.64
3;7;59;44407.21
3;7;61;50000
3;7;62;36376.35
3;7;63;43149.51
3;7;66;29612.75
3;7;68;32289.26
3;7;73;48086.34
3;7;74;16736.72
3;7;75;20884.81
3;7;76;22237.26
3;7;78;46716.39
3;7;79;1824.95
3;7;81;48403.32
3;7;90;50000
3;7;95;27734.01
3;7;96;598.08
3;7;97;3839.1
3;7;99;21841.95
3;7;103;10337.02
3;7;104;22503.73
3;7;108;9344.62
3;7;109;21838.11
3;7;110;4381.5
3;7;111;17722.79
3;7;112;24068.94
3;7;114;45867.64
3;7;115;10806.26
3;7;117;5242.9
3;7;118;28445.47
3;7;122;35880.53
3;7;124;9960.13
3;7;133;27668.23
3;7;134;34639.27
3;7;140;372.77
3;7;144;12190.88
3;7;145;21432.85
3;7;147;40958.9
3;7;149;43749.41
3;7;152;34931.09
3;7;155;30788.89
3;7;157;27782.18
3;7;159;35997.44
3;7;162;42732.94
3;7;164;9677.92
3;7;167;5242.9
3;7;168;42619.68
3;7;171;30123.74
3;7;174;5667.31
3;7;175;48727.89
3;7;180;14248.96
3;7;182;24068.94
3;7;189;15484.95
3;7;190;43674.82
3;7;191;15975.86
3;7;192;9172.53
3;7;195;24068.94
3;7;202;20369.03
3;7;205;16040.8
3;7;208;10031.25
3;7;209;807.7
3;7;210;28562.18
3;7;216;42971.47
3;7;217;34333.6
3;7;221;14784.27
3;7;222;39147.86
3;7;223;10460.09
3;7;224;37146.53
3;7;226;38017.31
3;7;227;3496.98
3;7;230;9790.28
3;7;231;38918.26
3;7;235;36243.4
3;7;236;40996.1
3;7;237;15344.38
3;7;239;12212.41
3;7;245;37922.56
3;7;248;15135.7
3;7;259;24068.94
3;7;260;34629.95
3;7;263;14001.18
3;7;264;41781.18
3;7;268;48996.3
3;7;269;30218.73
3;7;270;11479.82
3;7;273;5242.9
3;7;274;4549.05
3;7;281;16419.75
3;7;285;20453.04
3;7;286;16093.33
3;7;287;12005.39
3;7;288;5963.72
3;7;293;21580.68
3;7;294;3677.3
3;7;295;46867.88
3;7;297;47858.18
3;7;298;34466.44
3;7;300;32875.68
3;7;303;42984.37
3;7;304;31183.01
3;7;309;47810.43
3;7;310;33356.36
3;7;312;17901.65
3;7;313;4289.57
3;7;316;48187.14
3;7;321;17722.79
3;7;322;36466.48
3;7;333;5071.78
3;7;335;30558.51
3;7;336;20576.23
3;7;337;19151.14
3;7;338;40248.7
3;7;339;13614.62
3;7;341;0
3;7;342;2129.88
3;7;344;28203.12
3;7;347;14756.66
3;7;348;33269.41
3;7;349;17722.79
3;7;351;47158.35
3;7;352;9628.11
3;7;355;13699.73
3;7;357;6551.89
3;7;358;48709.16
3;7;359;34153.89
3;7;360;27857.05
3;7;363;39006.85
3;7;364;0
3;7;365;12146.56
3;7;369;5242.9
3;7;372;888.97
3;7;373;40829.93
3;7;375;36878.41
3;7;399;28386.95
3;7;400;16373.11
3;7;402;14598.54
3;7;411;22601.8
3;7;417;30398.71
3;7;419;8757.51
3;7;421;2925.49
3;7;425;0
3;7;426;33732.76
3;7;433;1036.54
3;7;436;25941.5
3;7;437;49308.64
3;7;439;5242.9
3;7;446;27524.05
3;7;450;39161.69
3;7;455;21641.23
3;7;460;20834.85
3;7;463;41050.25
3;7;482;10157.45
3;7;483;23081.85
3;7;484;7896.19
3;7;485;32765.23
3;7;486;45471.31
3;7;487;41148.39
3;7;490;32294.25
3;7;491;14381.22
3;7;492;49087.83
3;7;493;5242.9
3;7;495;47874.8
3;7;496;30568.53
3;7;497;17722.79
3;7;498;39306.79
3;9;3;7925.91
3;9;4;9137.92
3;9;5;27247.53
3;9;7;298
3;9;8;5176.73
3;9;9;40042.27
3;9;11;45598.29
3;9;16;29490.13
3;9;17;41018.73
3;9;18;9170.66
3;9;19;5102.98
3;9;21;29765.05
3;9;22;20800.04
3;9;27;5283.84
3;9;28;33002.89
3;9;29;33119.33
3;9;30;43836.27
3;9;31;27247.53
3;9;32;20965.26
3;9;34;17722.79
3;9;35;1077.08
3;9;40;10030.96
3;9;41;24882.79
3;9;48;39755.71
3;9;50;18395.2
3;9;55;25682
3;9;59;23422.08
3;9;61;12757.87
3;9;62;12340.31
3;9;63;19723.06
3;9;66;49253.83
3;9;68;13949.69
3;9;73;48086.34
3;9;74;14280.95
3;9;75;17152.17
3;9;76;30289.94
3;9;78;25752.21
3;9;79;42262.58
3;9;81;33631.88
3;9;90;7863.25
3;9;95;32196.21
3;9;96;47569.63
3;9;97;3839.1
3;9;99;6304.47
3;9;103;30805.14
3;9;104;49582.66
3;9;108;25682
3;9;109;17553.14
3;9;110;17376.89
3;9;111;17722.79
3;9;112;39755.71
3;9;114;0
3;9;115;14024.94
3;9;117;5102.98
3;9;118;17212.44
3;9;122;721.31
3;9;124;35594.54
3;9;133;50000
3;9;134;34639.27
3;9;140;404.52
3;9;144;47586.89
3;9;145;32016.1
3;9;147;7951.92
3;9;149;30964.73
3;9;152;13009.32
3;9;155;49604.19
3;9;157;47264.93
3;9;159;12966.76
3;9;162;44639.34
3;9;164;17433.44
3;9;167;5102.98
3;9;168;15817.2
3;9;171;9102.51
3;9;174;10612.53
3;9;175;40152.5
3;9;180;8088.92
3;9;182;39755.71
3;9;189;1272.56
3;9;190;9697.28
3;9;191;24238.33
3;9;192;19081.18
3;9;195;39755.71
3;9;202;20369.03
3;9;205;3681.66
3;9;208;35519.69
3;9;209;27454.09
3;9;210;12733.86
3;9;216;18043.8
3;9;217;45773.8
3;9;221;25226.44
3;9;222;39147.86
3;9;223;7993.68
3;9;224;16757.16
3;9;226;38017.31
3;9;227;20389.23
3;9;230;15740.74
3;9;231;25682
3;9;235;49374.72
3;9;236;35594.54
3;9;237;33625.68
3;9;239;20622.66
3;9;245;28930.89
3;9;248;9005.43
3;9;259;39755.71
3;9;260;13871.01
3;9;263;16762.04
3;9;264;28531.84
3;9;268;24035.62
3;9;269;17653.1
3;9;270;46612.17
3;9;273;5102.98
3;9;274;37867.38
3;9;281;16419.75
3;9;285;20453.04
3;9;286;35594.54
3;9;287;42342.62
3;9;288;45652.78
3;9;293;34357.18
3;9;294;42344.83
3;9;295;0
3;9;297;35594.54
3;9;298;16488.51
3;9;300;32534.75
3;9;303;0
3;9;304;18814.88
3;9;309;47152.13
3;9;310;41018.73
3;9;312;29948.57
3;9;313;36561.39
3;9;316;50000
3;9;321;17722.79
3;9;322;7233.63
3;9;333;14888.65
3;9;335;40514.37
3;9;336;13893.6
3;9;337;15163.86
3;9;338;40248.7
3;9;339;49083.92
3;9;341;36816.52
3;9;342;31284.86
3;9;344;47698.87
3;9;347;15490.76
3;9;348;48642.83
3;9;349;17722.79
3;9;351;41018.73
3;9;352;3997.34
3;9;355;27490.22
3;9;357;49222.62
3;9;358;19446.7
3;9;359;38650.67
3;9;360;27247.53
3;9;363;39006.85
3;9;364;12340.31
3;9;365;48441.36
3;9;369;5102.98
3;9;372;17086.46
3;9;373;14265.68
3;9;375;33681.91
3;9;399;15832.8
3;9;400;2766.83
3;9;402;14598.54
3;9;411;16708.43
3;9;417;5452.03
3;9;419;8455.22
3;9;421;450.39
3;9;425;5771.07
3;9;426;24366.35
3;9;433;35594.54
3;9;436;21062.88
3;9;437;49308.64
3;9;439;5102.98
3;9;446;43758.16
3;9;450;21738.4
3;9;455;42353.89
3;9;460;27247.53
3;9;463;24572.98
3;9;482;3298.26
3;9;483;37097.48
3;9;484;22956.36
3;9;485;42335.63
3;9;486;42828.82
3;9;487;229.17
3;9;490;47394.72
3;9;491;2865.79
3;9;492;49087.83
3;9;493;5102.98
3;9;495;25682
3;9;496;0
3;9;497;17722.79
3;9;498;17374.78
