;t2;t2;t2;t2;;t7;t7;t7;t7;;t8;t8;t8;t8;;t10;t10;t10;t10;;t11;t11;t11;t11;;t12;t12;t12;t12;;t13;t13;t13;t13;;
;c0;c1;c2;c3;;c0;c1;c2;c3;;c0;c1;c2;c3;;c0;c1;c2;c3;;c0;c1;c2;c3;;c0;c1;c2;c3;;c0;c1;c2;c3;;
g29;-0.5;-0.3;-0.23;0;g29;0.13;-0.2;-0.1;-0.17;g29;-0.08;0.62;-0.1;-0.06;g29;-0.15;0.36;-0.04;-0.13;g29;0.14;-0.41;-0.01;0.19;g29;-0.1;0.39;0.14;-0.15;g29;0.1;-0.08;0;0.42
g57;-0.9;0.74;0.71;0;g57;0.23;0.15;0.22;0.12;g57;0.1;-0.53;-0.19;-0.08;g57;-0.34;0.12;-0.34;0.16;g57;0.24;-0.25;-0.28;-0.48;g57;-0.07;-0.27;-0.43;-0.41;g57;0.06;-0.67;0;-0.01
g65;0.28;-0.12;-0.15;-0.15;g65;0.04;0.18;0;0.09;g65;0.04;0.13;0.28;0.17;g65;-0.29;-0.04;0;0.19;g65;-0.11;-0.04;-0.74;-0.08;g65;0.05;0.06;0.85;-0.18;g65;0;-0.12;-0.15;0.36
g67;0.17;1.09;-0.25;0.03;g67;0.39;-1.1;-0.19;-0.05;g67;0.33;-0.1;-0.51;0.14;g67;-0.54;0.04;-1.02;0.12;g67;-0.2;0;-0.83;-0.09;g67;-0.04;0.99;0.08;-0.29;g67;-0.54;-0.48;-1.66;-0.39
g70;0;0.19;0;0;g70;0;-0.2;0;0;g70;0;0;0;0;g70;0;-0.13;0;0;g70;0;0;0;0;g70;0;0.05;0;0;g70;0;0.14;0;0
g82;-0.04;0;0.04;-0.05;g82;0.31;-0.51;-0.01;-0.08;g82;-0.15;0.42;-0.25;-0.41;g82;-0.39;0.36;-0.04;0.04;g82;-0.04;-0.46;-0.16;-0.31;g82;0.04;0.1;0.01;-0.2;g82;-0.15;-0.01;0;0.06
g348;-0.41;-0.39;0.56;-0.69;g348;0;-0.21;-0.07;0.61;g348;-0.05;0.44;-0.54;0.37;g348;-0.1;0.02;-2.73;-0.02;g348;0.04;-0.03;0.17;0.11;g348;-0.04;0.03;-0.39;0.07;g348;0.18;-0.15;0.5;-0.02
g379;0.78;-0.87;-0.05;0.06;g379;-0.41;-0.22;-0.34;-0.04;g379;-0.23;-0.2;-0.14;0.31;g379;-0.11;-0.16;0.6;-0.43;g379;0;0.17;0.41;0.56;g379;-0.17;0.33;0.23;0.78;g379;-0.2;0.24;0.26;0.48
g400;0.37;-0.4;0.06;0.44;g400;0.16;-0.94;-0.4;-0.36;g400;-0.17;-0.47;-0.49;0.07;g400;-0.18;-0.61;-0.28;-0.87;g400;0.02;-0.37;-0.25;0.15;g400;-0.14;-0.63;-0.14;-0.25;g400;-0.06;-0.58;0.17;0.05
g445;0.81;0;-0.91;0.17;g445;-0.24;-0.13;-0.27;-0.24;g445;-0.51;0;0.12;0.07;g445;-0.22;0;0.34;-0.46;g445;-0.01;0;0.2;0.64;g445;-0.17;0;0.23;0.42;g445;-0.57;0;-0.27;0.2
g489;-0.09;0.18;-0.33;0.16;g489;0.06;-0.23;0.1;0.08;g489;0.25;-0.34;0.1;-0.12;g489;-0.1;0.06;-0.05;0.1;g489;0.14;-0.34;0.21;-0.28;g489;0.09;0.15;0.08;0.07;g489;-0.04;-0.41;-0.29;0
g515;0.22;-0.06;-0.49;0;g515;0.06;-0.53;0.27;0.22;g515;0.17;0.09;0.06;-0.15;g515;0.31;0.21;-0.31;-0.07;g515;-0.07;-0.34;-0.34;0.13;g515;0;0.2;-0.42;0.15;g515;-0.19;-0.41;-0.81;0.22
g523;0.13;0;0.56;-0.11;g523;0.27;0;0.02;-0.39;g523;-0.07;0;-0.31;-0.22;g523;-0.26;0.66;-0.24;0.05;g523;-0.25;0;-0.28;-0.41;g523;-0.08;0;-0.36;-0.35;g523;-0.21;-0.12;-0.18;-0.07
g543;0.13;0;0.41;0.13;g543;0.17;0;0.26;0.15;g543;0.26;0;0.09;-0.11;g543;0.24;0;0;0.08;g543;0.17;0;0.17;-0.26;g543;-0.01;0;0.28;-0.06;g543;-0.07;0;-0.11;-0.03
g594;-0.32;0.37;-0.95;-0.41;g594;0.31;0.81;0.64;0.26;g594;0.29;-0.32;0.46;0.38;g594;-0.2;-0.83;-0.6;0.6;g594;0;-0.55;-0.33;0.26;g594;0.14;-0.49;0.26;0.24;g594;-0.03;0.02;0.13;-0.08
g607;0.04;-0.14;-0.07;0.34;g607;0.22;-0.27;0.34;0;g607;0;0.12;0.2;0;g607;-0.06;-0.14;-0.34;0.06;g607;0.14;-0.38;-0.41;-0.3;g607;-0.09;-0.11;-0.01;-0.06;g607;-0.14;-0.11;0;0.08
g644;-0.02;0.43;-0.24;-0.13;g644;0.04;-0.1;0.22;0.13;g644;-0.16;-0.23;0.05;-0.13;g644;-0.18;0.05;0.1;-0.41;g644;-0.09;0.13;0.29;0.07;g644;0.06;0.02;0.19;-0.08;g644;-0.15;0.1;-0.1;0.08
g654;-0.49;0.41;-0.36;0;g654;0.29;0.05;0.2;-0.34;g654;0.04;-0.24;0.19;-0.17;g654;-0.22;-0.48;-0.26;-0.02;g654;-0.14;0.03;0.11;-0.34;g654;0.17;-0.39;0.18;-0.36;g654;-0.03;0.03;0.03;-0.19
g663;0.13;-0.73;-0.58;0.16;g663;-0.37;0.08;-0.19;0.15;g663;-0.08;-0.22;0.3;-0.08;g663;0.47;0.38;0.48;0.24;g663;-0.07;0.47;-0.07;0.08;g663;0.11;0.49;0.65;0.04;g663;-0.28;-0.09;0.51;0.5
g677;-0.36;-0.04;0.62;0.56;g677;0.18;-0.65;0.3;-0.45;g677;0.16;0.4;-0.05;-0.08;g677;0.3;-0.29;-0.23;-0.04;g677;0.07;0.04;-0.51;-0.28;g677;0;0.14;0.37;-0.37;g677;0.01;0.02;0.02;-0.13
g685;-0.14;-0.23;-0.31;0.03;g685;0.31;-0.74;0.54;-0.08;g685;0.21;-0.18;0.46;-0.16;g685;-0.07;0.14;-0.42;0.3;g685;0.18;-0.54;0.04;-0.29;g685;0;0.18;0.31;-0.29;g685;-0.21;0.09;-0.1;0.03
g702;-0.65;0.01;-0.01;-0.12;g702;0.4;-0.06;0.31;0.35;g702;0.03;-0.14;-0.19;-0.01;g702;-0.23;-0.02;-0.27;0;g702;0.02;-0.05;-0.23;-0.08;g702;-0.16;-0.19;0.15;-0.28;g702;0.18;0.36;0;-0.09
g709;0.24;-0.52;-1.48;-0.1;g709;0.15;-0.29;0.42;0.04;g709;-0.02;0.43;0.79;0.05;g709;0.4;-0.14;0.25;-0.23;g709;0.05;-0.17;-0.07;0.34;g709;0.08;0.23;0.1;0.66;g709;-0.31;-0.25;0;0.37
g782;0.19;-0.21;0.13;0.05;g782;0;-0.36;-0.06;-0.08;g782;-0.42;0.17;-0.02;-0.21;g782;-0.2;-0.32;-0.06;-0.23;g782;-0.11;0.56;-0.16;0.2;g782;-0.6;0.31;0.24;-0.53;g782;-0.41;-0.19;-0.38;-0.25
g923;0.62;-0.48;-0.06;0.56;g923;0;0.39;-0.42;0.08;g923;-0.07;0;-0.15;0.09;g923;-0.19;-0.49;0.01;-0.66;g923;-0.17;0.37;0.02;-0.1;g923;-0.23;-0.33;-0.01;-0.24;g923;-0.23;0.52;0;-0.35
g926;-0.12;0.12;0.01;-0.2;g926;0.76;0.09;0.21;-0.05;g926;0.02;-0.41;0.2;-0.38;g926;-0.4;-0.33;-0.25;0.24;g926;-0.15;0.45;-0.74;-0.4;g926;-0.15;-0.28;-0.23;-0.17;g926;-0.06;0.2;0.15;-0.33
g947;0.25;-0.43;-0.75;0.22;g947;0.08;0;-0.16;0.63;g947;0.06;0;-0.2;0.32;g947;0.14;0;0.01;0.39;g947;-0.37;0.56;0.15;0.31;g947;-0.26;0;0.32;-0.05;g947;-0.25;0.08;0;0.03
g983;0.4;-0.26;-0.7;-0.16;g983;-0.07;0.66;0.23;0.01;g983;-0.3;-0.32;0.1;-0.07;g983;0.19;0.73;0.03;-0.3;g983;0.05;-0.67;0.29;-0.02;g983;-0.09;0.16;0.1;-0.13;g983;-0.3;1.01;-0.27;0.17
g1034;-0.01;-0.53;0.1;-0.17;g1034;-0.02;-1.13;-0.13;0.03;g1034;0.27;-0.24;-0.36;0.18;g1034;0.14;0.11;0.11;0.07;g1034;-0.05;1.14;0;0.19;g1034;0.07;-0.05;-0.23;-0.03;g1034;0.06;0.79;0.16;-0.11
g1052;-0.59;-0.08;-0.33;-0.61;g1052;-1.17;-0.48;-0.72;-0.73;g1052;-0.72;1.08;0.01;-0.17;g1052;2.23;1.4;0.82;0.11;g1052;1.38;1.05;0.27;1.4;g1052;1.12;0.14;0.05;1.56;g1052;0.15;-1.14;0;0.98
g1132;-0.02;-0.25;-0.09;0.3;g1132;0.06;-0.05;-0.33;-0.17;g1132;0.23;0.27;-0.07;0.19;g1132;1;0.24;0.2;-0.1;g1132;-0.02;0.49;0.06;-0.13;g1132;-0.06;-0.02;-0.02;-0.32;g1132;-0.98;0.54;0;0.07
g1225;-0.23;0.17;-0.81;-0.42;g1225;-0.03;0.03;0.36;0.03;g1225;-0.13;0;0.24;-0.03;g1225;-0.13;-0.21;-0.34;-0.29;g1225;0.09;0.36;-0.07;-0.08;g1225;0.09;-0.25;0.4;-0.5;g1225;-0.17;0.11;-0.11;-0.07
g1230;-0.01;0.68;0.01;0.09;g1230;-0.3;0.08;0.38;0.22;g1230;0.24;0.55;0.46;0.07;g1230;0.1;-0.22;-0.34;-0.34;g1230;-0.02;-0.11;-0.34;-0.05;g1230;-0.05;0;-0.44;-0.33;g1230;-0.24;-0.33;0;-0.21
g1257;0.18;0;-1.73;0;g1257;-0.02;0;0.31;0.19;g1257;0.37;0;0.87;0.01;g1257;0.29;0;0.09;0.09;g1257;-0.11;0;0.09;0.21;g1257;0.02;0;0.09;0.12;g1257;-0.34;0;0.01;0.01
g1264;-0.28;0.07;-0.78;-0.19;g1264;-0.18;-0.15;0.22;-0.15;g1264;0;2.14;0.31;0.09;g1264;0.02;-0.46;0.05;0.06;g1264;-0.11;0.02;-0.06;0.26;g1264;-0.08;-0.56;0.03;0.2;g1264;-0.13;-0.08;-0.13;-0.15
g1269;-0.13;-0.74;-1.07;-0.16;g1269;0.45;0.29;-0.11;-0.12;g1269;0.58;-0.11;-0.01;-0.12;g1269;0.61;0.03;0.26;0.38;g1269;0.03;-0.25;0.25;-0.18;g1269;0.06;0.32;0.04;-0.12;g1269;-0.3;-0.04;0.57;-0.1
g1273;0.12;0.04;0.29;0.04;g1273;-0.03;0.04;0.06;-0.15;g1273;0.1;0.13;0.33;-0.22;g1273;-0.03;-0.56;-0.41;0.04;g1273;-0.15;0.3;-0.25;0.04;g1273;0.15;-0.3;0.06;-0.31;g1273;-0.17;-0.09;0.1;-0.26
g1293;0.5;0.16;-0.27;0.04;g1293;-0.04;0.03;0.01;0.1;g1293;0.15;0.6;0.49;-0.15;g1293;-0.15;-0.24;-0.2;0.06;g1293;0.02;0.06;-0.01;-0.2;g1293;-0.04;0.34;0.17;-0.51;g1293;-0.51;0.05;-0.11;-0.18
g1313;0.07;0;-0.42;0.35;g1313;-0.12;-0.2;-0.01;-0.44;g1313;0.18;0;0.18;-0.24;g1313;0.1;1.69;0.04;0.14;g1313;-0.15;0;0.16;-0.01;g1313;0.17;0;-0.15;0.04;g1313;-0.1;0.22;0.1;0.18
g1349;-0.03;0.06;-0.02;-0.16;g1349;0.05;0.33;-0.33;-0.43;g1349;-0.05;-0.3;0.14;0.3;g1349;-0.42;-0.53;-0.22;-0.31;g1349;-0.08;1.18;-0.2;0.09;g1349;0.04;-0.53;0.12;0.33;g1349;-0.1;0.15;0;-0.27
g1374;0.33;0.05;-0.21;-0.22;g1374;-0.06;0.24;0.25;0.07;g1374;0.04;-0.02;0.32;0.35;g1374;0.13;-0.25;0.03;-0.24;g1374;0;0.33;-0.08;0.44;g1374;0.24;-0.21;0.15;-0.15;g1374;-0.25;0.17;0.3;0.11
g1421;0.04;0.16;-0.91;-0.07;g1421;0.23;0.24;0.31;-0.25;g1421;0.12;-0.2;0.16;-0.09;g1421;0.05;-0.35;-0.01;-0.18;g1421;-0.03;0.01;0.16;0.31;g1421;-0.15;-0.31;-0.11;0.09;g1421;0;-0.04;0.46;0.18
g1444;0.19;0.08;0.51;0.07;g1444;0;0.11;-1.08;0.11;g1444;0.11;0.34;-0.2;0.05;g1444;-0.06;0.11;-0.34;0.36;g1444;-0.11;-0.41;0.34;-0.05;g1444;0.12;-0.02;0.04;-0.25;g1444;-0.22;-0.11;0.73;-0.25
g1446;-0.25;0.44;-0.31;-0.23;g1446;-0.01;0.06;-0.26;0.21;g1446;-0.08;-0.49;0.04;0.26;g1446;-0.25;-0.15;-0.06;0.21;g1446;0.06;0.3;0.14;0.07;g1446;0.17;-0.07;0.13;-0.14;g1446;-0.09;0.34;0;0.07
g1477;0.4;0.14;-0.06;0;g1477;0.11;0.14;-0.49;0.2;g1477;0.22;0.03;-0.27;-0.09;g1477;0;-0.42;-0.05;0.03;g1477;0.12;0.13;-0.05;0.12;g1477;-0.06;0.06;-0.18;0.06;g1477;-0.18;0.02;0.61;0.18
g1484;0;0.29;-0.22;-0.21;g1484;-0.08;0.11;-0.22;0.08;g1484;0.11;-0.85;-0.09;0.19;g1484;-0.14;-0.31;0.06;0;g1484;-0.19;-0.08;-0.01;0.25;g1484;0.14;-0.57;-0.19;0.15;g1484;-0.32;0.15;0.13;0.31
g1644;0;0.47;0.4;0;g1644;0;0.37;0.03;0;g1644;0;-1.03;-0.21;0;g1644;0;-0.03;-0.01;0;g1644;0;0.48;-0.24;0;g1644;0;-0.34;0;0;g1644;0;0.37;-0.09;0
g1655;-0.09;0.22;-0.06;0.07;g1655;0.15;-0.06;0.19;0.02;g1655;0.28;-0.69;-0.23;-0.03;g1655;0.6;-0.53;-0.2;0.12;g1655;-0.08;0.31;-0.18;-0.39;g1655;-0.02;-0.8;-0.08;-0.27;g1655;-0.06;0.16;0;-0.09
g1693;-0.35;0.42;-1.1;-0.12;g1693;0.08;0.2;0.57;0.14;g1693;0.15;-0.14;0.3;-0.06;g1693;0.1;-0.39;-0.09;-0.05;g1693;0.01;0.08;0.07;-0.35;g1693;-0.09;0.05;0.01;-0.35;g1693;0;0.21;0.25;0.06
g1855;0.42;0.11;-0.1;-0.06;g1855;0.2;0.17;0.18;0.08;g1855;0.23;-0.14;0.01;0.27;g1855;-0.06;-0.41;-0.09;-0.11;g1855;-0.21;-0.06;-0.01;0.08;g1855;-0.16;-0.35;-0.42;-0.13;g1855;-0.07;-0.26;0;0.04
g2100;-0.08;0.47;-0.04;0.01;g2100;0.26;0.2;0.39;-0.21;g2100;0.26;-0.36;0.13;-0.01;g2100;0.01;-0.36;0;0.18;g2100;-0.04;0;-0.3;-0.02;g2100;0.15;-0.3;0.14;0.15;g2100;-0.3;0.21;0;-0.36
g2121;0.13;0.72;0.17;-0.18;g2121;-0.2;0.24;-0.19;-0.12;g2121;-0.06;-0.42;0.04;0.03;g2121;0.03;-0.36;-0.23;0.01;g2121;-0.03;0.05;-0.18;-0.18;g2121;0.13;0.09;-0.41;-0.31;g2121;-0.23;-0.12;-0.47;0.01
g2129;0.33;0.39;0.49;-0.42;g2129;-0.07;0.14;-0.04;-0.05;g2129;-0.05;-0.49;-0.18;0.15;g2129;-0.13;-0.67;-0.24;0.25;g2129;-0.01;-0.08;0.07;0.21;g2129;-0.04;0.24;-0.04;0.02;g2129;-0.15;0.14;0.19;0.31
g2241;0.09;0.15;-1.02;-0.44;g2241;0.05;-0.49;0.7;0.12;g2241;-0.08;0.23;0.35;-0.06;g2241;-0.36;0.04;-0.07;0.13;g2241;0.01;0;-0.37;0.02;g2241;-0.09;0.09;0.53;-0.04;g2241;-0.09;-0.13;-0.18;0.13
g2282;-0.12;-0.29;0.01;0.06;g2282;-0.08;0.02;0.13;0.07;g2282;0.26;0.4;-0.06;-0.12;g2282;0.08;0.3;0.19;0.29;g2282;-0.04;0.15;-0.11;-0.17;g2282;0.16;0.39;-0.35;0.04;g2282;-0.22;-0.05;0;0.11
g2328;2.13;0.76;1.89;0.49;g2328;-0.77;-1.63;-1.2;0.53;g2328;-0.73;-0.34;-0.95;0.02;g2328;1.14;1.6;1.14;0.54;g2328;1.41;1.25;0.56;-0.55;g2328;0.46;0.86;-0.06;-0.77;g2328;-0.21;0.7;-0.03;0.08
g2356;0.18;-0.18;0;0.06;g2356;0.1;-0.18;-0.28;-0.1;g2356;0.04;-0.09;-0.17;-0.14;g2356;0.13;-0.48;0.04;0.05;g2356;-0.19;-0.12;0.12;0.08;g2356;-0.14;-0.1;0.04;0.28;g2356;-0.37;-0.15;0.17;0.06
g2361;0.23;-0.97;-0.18;0.08;g2361;0.19;-1.1;-0.38;-0.22;g2361;-0.08;-1.07;0.11;-0.09;g2361;-0.09;-0.84;-0.33;-0.42;g2361;-0.24;-0.81;0.04;-0.25;g2361;-0.36;-0.7;-0.13;-0.09;g2361;-0.1;-0.75;-0.05;-0.34
g2395;-0.35;-0.6;-0.04;0.04;g2395;0.47;0.66;0.11;0.13;g2395;0.54;0.81;0.17;-0.23;g2395;0.24;0;-0.11;0;g2395;-0.11;-0.48;-0.26;-0.28;g2395;0.04;-0.23;-0.14;-0.3;g2395;-0.23;-0.6;0.08;0.16
g2409;-0.34;-0.41;-0.13;-0.33;g2409;0.27;0.17;0.19;0.18;g2409;0.02;0.56;0.62;-0.06;g2409;-0.13;0.02;0.05;0.24;g2409;-0.23;-0.05;0.22;0.01;g2409;0.07;0.03;0.54;-0.14;g2409;-0.15;-0.3;-0.05;0.11
g2452;-0.29;0.15;0.01;-0.15;g2452;-0.12;-0.66;0.2;0.08;g2452;0.27;0.25;0.13;-0.21;g2452;0.57;0.14;0.1;0.01;g2452;0.19;0.88;0.03;0.09;g2452;0.1;0.46;-0.09;-0.39;g2452;-0.12;0;0;0.15
g2463;0.52;-0.57;-0.08;-0.28;g2463;-0.15;-0.2;-0.35;0.28;g2463;-0.01;-0.76;0.06;0.2;g2463;-0.18;-0.61;0.08;-0.11;g2463;-0.15;0.17;0.2;0.35;g2463;-0.03;-0.33;-0.19;0.36;g2463;-0.35;0.31;-0.33;0.08
g2545;0.35;-0.6;-0.79;0.5;g2545;-0.01;0.04;0.17;0.08;g2545;0.11;0.13;0.12;0.07;g2545;0.66;-0.05;0.52;-0.4;g2545;-0.08;0.19;0.06;-0.01;g2545;-0.23;-0.03;-0.02;0.24;g2545;-0.38;-0.1;-0.11;0.11
g2616;-0.14;-0.51;-0.28;-0.29;g2616;-0.05;0.33;-0.07;0.18;g2616;0.14;0.36;0.25;0.2;g2616;0.51;0.12;0.25;-0.01;g2616;0.17;0.27;0.15;0.38;g2616;0.05;0.21;0.11;0.32;g2616;-0.07;0.49;0;0.02
g2820;0.04;-0.02;2.94;0.42;g2820;-0.04;-0.46;-1.22;-0.12;g2820;-0.17;0.63;-1.48;-0.23;g2820;-0.37;0.39;0.11;0.41;g2820;0.14;0;0.59;-0.19;g2820;-0.02;0.65;0.01;-0.31;g2820;-0.13;-0.39;0.01;-0.15
g2931;0.53;-0.21;-0.94;0.26;g2931;-0.18;-0.66;0;0.29;g2931;-0.19;-0.86;0.02;0.54;g2931;-0.43;-0.73;0.54;-0.42;g2931;0.01;-0.24;0.27;0.23;g2931;-0.26;-0.97;0.02;0.76;g2931;-0.32;0.67;-0.04;-0.03
g2951;0.12;0.08;-0.02;-0.19;g2951;-0.11;0.29;-0.3;0.16;g2951;-0.11;-0.12;0.38;0.23;g2951;0.05;0.03;0.45;-0.25;g2951;0.31;0.01;0.43;-0.05;g2951;-0.01;-0.16;-0.36;0.06;g2951;-0.19;-0.12;-0.06;0.26
g2966;0.3;0.07;0.06;0.18;g2966;-0.07;-0.42;-0.34;0.06;g2966;-0.12;0.67;-0.21;-0.23;g2966;0.37;0.22;-0.17;-0.02;g2966;-0.07;-0.81;-0.23;-0.51;g2966;0.05;0.23;-0.13;0.05;g2966;0.08;-0.46;0.09;0.19
g3003;0.05;-0.26;-0.52;0.05;g3003;-0.04;0.09;-0.1;0.31;g3003;-0.2;-0.65;0.4;0.33;g3003;-0.12;-0.72;-0.06;0.18;g3003;0.22;0.53;0.12;0.32;g3003;-0.04;-0.25;0.43;0.22;g3003;-0.12;-0.02;0.22;0.22
g3089;0.55;0.61;1.16;-0.28;g3089;-0.7;-0.67;-0.85;0.36;g3089;-0.68;-0.59;-0.32;0.18;g3089;0.21;0.49;1.22;0.28;g3089;0.72;0.41;1.26;-0.17;g3089;0.71;0.43;0.52;-0.6;g3089;-0.09;0.81;-0.14;0.15
g3131;1.11;-0.74;0.01;0.05;g3131;0.18;-0.04;0.07;0.06;g3131;0.28;0.9;0.46;-0.41;g3131;-0.08;0.03;-1.51;-0.6;g3131;-0.14;0.39;-0.24;-0.81;g3131;-0.3;-0.19;-0.22;-0.6;g3131;-0.47;0;0.28;0.38
g3133;-0.18;0.36;-0.05;-0.16;g3133;0.03;-0.55;-0.11;0.2;g3133;0;-0.36;-0.22;0.08;g3133;-0.35;-0.21;0.2;0.13;g3133;-0.18;0.48;0.32;-0.43;g3133;0.32;0.54;0.35;-0.48;g3133;0.09;0.52;0.49;-0.08
g3194;-0.17;0.31;0.09;-0.23;g3194;0.18;0.26;0.17;-0.01;g3194;0.19;-0.19;0.16;-0.04;g3194;0.02;-0.26;0;0.17;g3194;-0.17;0.04;0.12;-0.15;g3194;0.02;-0.52;-0.13;-0.4;g3194;-0.35;0.21;0;-0.27
g3253;-0.18;-0.17;-0.38;0.53;g3253;0.13;0.06;-0.19;-0.12;g3253;-0.06;-0.11;0.23;-0.21;g3253;-0.03;0.27;0;0.1;g3253;-0.24;0.13;0.12;-0.16;g3253;0.05;0.27;0.14;-0.15;g3253;-0.16;0.14;0.04;-0.18
g3264;0.19;0.08;0.27;-0.03;g3264;0.02;0.34;-0.48;0.02;g3264;0.05;0.36;0.23;-0.1;g3264;0.07;-0.14;-0.35;0.04;g3264;-0.12;0.14;-0.05;-0.1;g3264;-0.09;-0.28;-0.07;-0.26;g3264;0;-0.14;0;0.05
g3325;-0.41;-0.56;-0.61;0.39;g3325;0.07;-0.79;-0.04;-0.32;g3325;0.01;0.6;-0.26;-0.34;g3325;-0.11;0.39;0.22;0.13;g3325;-0.11;0.46;0;-0.19;g3325;-0.08;0.42;-0.22;-0.39;g3325;-0.23;0.24;0.4;-0.1
g3327;-0.29;-0.11;-0.2;0.49;g3327;0.05;-0.16;-0.66;-0.16;g3327;0.18;0.03;0.34;-0.39;g3327;0.05;-0.21;-0.05;0.35;g3327;0.16;0.05;0.1;-0.24;g3327;-0.08;-0.11;0.32;-0.33;g3327;-0.41;0.09;0.14;0
g3355;0.21;0.02;0.79;0.04;g3355;-0.1;0.07;0.25;-0.04;g3355;0.01;-0.32;-0.3;0.52;g3355;0.04;-0.34;-0.55;-0.15;g3355;0.02;0.36;-0.61;0.62;g3355;0.14;-0.16;-0.51;0.22;g3355;-0.18;-0.05;0.03;0.11
g3381;-0.02;0.02;0.43;-0.3;g3381;0;-0.28;0.26;0;g3381;0.07;-0.09;0.24;0.11;g3381;-0.26;0.26;-0.21;-0.18;g3381;0.03;0;-0.21;0.06;g3381;0.21;0.13;0.03;0.17;g3381;-0.16;0;0.1;-0.02
g3391;-0.44;0.06;-0.22;0.03;g3391;0;0.03;0.43;-0.05;g3391;0.02;-0.12;0.23;0.16;g3391;0.37;0.09;0.24;-0.11;g3391;0;0.15;-0.16;0.18;g3391;-0.1;-0.08;-0.29;0.19;g3391;0.14;-0.03;0.01;-0.21
g3413;0.05;-0.04;-0.4;-0.17;g3413;-0.19;0.27;0.17;0.06;g3413;-0.02;0.17;0.26;0.31;g3413;0.29;-0.42;-0.02;-0.08;g3413;-0.2;-0.22;0.04;0.31;g3413;-0.29;-0.13;0.04;0.33;g3413;-0.27;-0.03;-0.01;-0.13
g3445;0.24;0.69;1;-0.29;g3445;0.19;-0.26;-0.81;0.36;g3445;-0.39;-0.06;-0.81;0.06;g3445;0.95;0.51;1.1;0.12;g3445;0.24;0.09;0.69;0.2;g3445;0.19;0.42;0.33;0.16;g3445;-0.2;0.39;0.27;-0.15
g3447;0.25;-1.24;0.2;0.7;g3447;-0.24;0.64;0.8;-0.13;g3447;-0.4;0.6;0.47;-0.84;g3447;-0.18;-0.12;0.38;-0.04;g3447;0.04;-0.01;-0.08;0.22;g3447;0.09;-0.28;0.1;0.23;g3447;-0.03;-0.01;0.38;0.36
g3455;0.03;0.46;0.01;-0.24;g3455;-0.1;0.23;0.12;0.27;g3455;0.08;-0.77;0.05;0.35;g3455;0.07;-0.91;-0.26;0.02;g3455;-0.49;0.23;-0.13;0.07;g3455;-0.25;-0.8;0.05;0.04;g3455;0.04;0.32;0.16;-0.06
g3458;-0.11;-0.19;0.14;-0.05;g3458;0.06;0.05;0.39;0.22;g3458;0.02;-0.74;-0.29;0.14;g3458;0;0.26;0.31;-0.05;g3458;0;0.12;0;-0.12;g3458;-0.05;-0.11;-0.04;-0.05;g3458;-0.17;-0.12;0.86;-0.03
g3493;0.34;-0.1;0.57;0.19;g3493;0.09;0;0.33;0.07;g3493;0.01;0;0.36;-0.3;g3493;-0.12;0;-1.85;0.01;g3493;0.15;0;0.03;-0.09;g3493;-0.07;0;0.28;-0.15;g3493;-0.43;-0.01;0.28;-0.04
g3506;0.33;0.84;0.36;-0.12;g3506;0.07;-0.07;0.15;-0.18;g3506;-0.16;0.28;0.48;0.09;g3506;-0.35;-0.02;-0.38;0.08;g3506;0.03;0;0.11;0.08;g3506;-0.11;0.02;0.29;-0.44;g3506;-0.39;-0.92;-0.74;0.01
g3557;0.2;-1.39;-0.01;0.35;g3557;0.05;0.28;0.05;-0.36;g3557;-0.01;0.25;-0.47;-0.48;g3557;-0.01;-0.07;0.28;-0.52;g3557;-0.42;0.31;0;0.09;g3557;-0.11;-0.05;-0.51;-0.03;g3557;-0.3;0.21;0.49;0.3
g3565;0.45;0;-1.08;-0.22;g3565;0.1;0;-0.17;-0.06;g3565;-0.08;0;0.07;-0.02;g3565;0.05;0;1.36;0.26;g3565;-0.1;0;1.04;0.27;g3565;0.08;0;0.89;-0.1;g3565;-0.33;0;0.21;0.06
g3577;-0.11;-0.17;-0.62;0.08;g3577;0.15;0.3;0.26;0.03;g3577;0.08;-0.32;0.3;-0.04;g3577;0.34;0.06;0.04;-0.3;g3577;-0.27;0.09;-0.2;-0.04;g3577;-0.19;-0.88;0.3;0.13;g3577;-0.21;0.11;0.03;0.13
g3628;0.25;0.19;0.15;-0.16;g3628;-0.29;-0.3;-0.51;0.15;g3628;-0.02;-0.14;-0.19;0.17;g3628;-0.08;0.01;0.33;0.07;g3628;-0.08;-0.07;-0.21;0.1;g3628;0.32;0.03;-0.16;0.09;g3628;-0.31;0.29;0.02;-0.11
g3805;-0.68;0.37;0.29;0.31;g3805;0.25;0.32;0.17;-0.01;g3805;0.49;-0.18;-0.16;-0.16;g3805;0;-0.42;-0.43;0.14;g3805;-0.36;-0.27;-0.45;-0.35;g3805;0.04;-0.13;-0.21;-0.62;g3805;-0.01;-0.22;0;-0.57
g3821;0.11;0.09;-0.36;-0.21;g3821;-0.09;0.22;-0.08;0.14;g3821;-0.11;-0.03;-0.1;0.22;g3821;-0.08;-0.24;0.32;-0.01;g3821;-0.02;0.08;0.12;0.14;g3821;0.08;-0.11;0.19;0.13;g3821;-0.17;-0.04;0.09;-0.11
g3824;-0.22;0.25;0.2;0.13;g3824;0.11;0.17;-0.28;-0.11;g3824;0.15;-0.4;-0.02;-0.15;g3824;0.11;-0.34;-0.24;0.2;g3824;0.1;0.12;-0.11;-0.39;g3824;0;-0.26;-0.3;-0.49;g3824;-0.33;0.03;-0.16;-0.22
g3843;-0.09;-0.74;-0.5;-0.14;g3843;0.52;0.09;0.1;-0.22;g3843;-0.09;0.96;0.57;-0.26;g3843;-0.32;0.53;0.04;0.04;g3843;-0.18;0.18;0.4;-0.16;g3843;0.31;0.24;0.55;0.4;g3843;-0.25;-0.47;-0.3;0.24
g3866;0.21;-0.3;-0.24;-0.12;g3866;0.1;-0.05;0.41;0.03;g3866;0.07;0.28;0.02;-0.08;g3866;-0.31;-0.12;-0.07;0.23;g3866;-0.27;0.13;-0.15;-0.16;g3866;0.05;-0.88;-0.13;-0.19;g3866;-0.4;-0.15;0.1;-0.14
g3877;-0.24;0.18;0.04;0.28;g3877;-0.09;0.36;-0.06;0.32;g3877;0.32;0.11;-0.44;0.14;g3877;0.23;-0.12;0.08;-0.33;g3877;-0.22;0.34;0;-0.01;g3877;0.16;-0.26;-0.33;-0.33;g3877;-0.15;0.23;0.13;-0.36
g3898;-0.19;0.05;-0.19;0.05;g3898;0.01;0.13;-0.21;0.02;g3898;0.29;0.08;0.03;0.13;g3898;0.25;-0.16;0.21;0.02;g3898;0.19;-0.13;-0.06;0.12;g3898;-0.13;-0.27;0.02;0.2;g3898;-0.38;-0.04;0;0.09
g3921;0.23;0.53;-0.16;0.13;g3921;0.14;0;-0.26;-0.01;g3921;-0.18;0.93;-0.04;-0.43;g3921;-0.13;0.81;0.36;0.18;g3921;-0.13;0;-0.1;-0.67;g3921;-0.1;0.7;-0.13;-0.32;g3921;-0.36;0;0;-0.11
g3930;0.35;-0.16;-0.04;-0.11;g3930;0.06;0.33;-0.28;0.08;g3930;0.01;-0.02;0.35;0.25;g3930;-0.2;-0.23;-0.47;0.16;g3930;-0.07;-0.44;0.17;0.19;g3930;0.03;-0.4;0.3;-0.21;g3930;0.17;-0.25;-0.62;0.22
g4009;0.3;0.18;-0.01;-0.31;g4009;0.03;0.26;-0.07;0.07;g4009;-0.03;-0.25;-0.02;0.16;g4009;-0.15;-0.23;0.42;-0.06;g4009;0.1;0.06;0.05;0.52;g4009;0.06;-0.14;0.24;0.47;g4009;-0.19;0.11;-0.63;0.17
g4087;0.13;0.31;-0.1;-0.11;g4087;-0.48;-0.01;0.2;0.04;g4087;0.04;-0.1;0.15;-0.11;g4087;0.09;-0.03;-0.22;0.35;g4087;0;0.41;-0.03;0.24;g4087;0.27;-0.8;0.09;0;g4087;-0.02;0.29;-0.11;0.32
g4141;0.39;-0.35;-1.29;-0.23;g4141;-0.17;0;-0.15;-0.17;g4141;-0.13;0.11;-0.49;0.06;g4141;-0.13;0.09;-0.1;-0.01;g4141;0.21;0.13;-0.33;0.07;g4141;-0.07;-0.08;0.33;-0.33;g4141;-0.33;0.01;0.45;0.19
g4216;-1.44;-1.05;1.04;-0.34;g4216;-0.01;-0.34;-0.8;-0.13;g4216;0.73;0.56;-0.11;-0.37;g4216;0.82;-0.07;-0.49;0.48;g4216;0.44;-0.28;-0.65;-0.22;g4216;0.75;-0.52;-0.49;-0.75;g4216;0.29;-0.41;0;-0.22
g4227;0.48;0.63;-0.85;-0.18;g4227;-0.03;0;0.28;0.09;g4227;-0.13;-0.72;0.19;0.1;g4227;-0.29;1.2;-0.44;0.21;g4227;0.3;0.04;0.23;0;g4227;0.05;-0.32;0.29;-0.28;g4227;-0.25;0.66;0.4;0.14
g4294;-0.04;-0.14;0.18;0.1;g4294;0.16;0.3;0.59;0.04;g4294;0.02;0.26;-0.05;-0.1;g4294;-0.12;-0.12;0.02;0.28;g4294;0.03;-0.12;-0.26;-0.16;g4294;0.24;-0.48;-0.31;-0.51;g4294;-0.21;-0.05;0;-0.01
g4426;0.19;-0.08;-0.02;-0.31;g4426;-0.06;-0.01;0.21;-0.09;g4426;0.09;-0.42;-0.04;0.38;g4426;0.19;-0.26;0.15;-0.48;g4426;-0.06;0.28;0.34;0.59;g4426;0.15;-0.19;0.35;0.5;g4426;-0.36;0.32;-0.04;0.17
g4452;-0.19;0.26;-0.48;-0.33;g4452;-0.08;0.1;0.07;0.28;g4452;-0.08;0.04;0.08;0.33;g4452;-0.14;-0.09;0.08;0.07;g4452;-0.15;0.35;0.34;0.16;g4452;0.04;-0.59;0.3;0.13;g4452;-0.06;0.12;0.37;0.15
g4481;0;0;0;0;g4481;0;0;0;0;g4481;0;0;0;0;g4481;0;-0.41;1.25;0;g4481;0;0;0.51;0;g4481;0;0.84;-0.07;0;g4481;0;0;0.93;0
g4511;0.1;0.12;0.09;0.11;g4511;0.07;0.04;0;-0.02;g4511;0.02;-0.14;-0.02;-0.11;g4511;-0.24;-0.42;-0.18;-0.11;g4511;-0.09;0.15;-0.07;0;g4511;0.04;-0.47;-0.11;-0.07;g4511;-0.45;-0.1;-0.19;0.23
g4543;-0.08;-0.64;-0.05;0.12;g4543;0.14;0.17;0.34;-0.01;g4543;-0.02;0.4;0.24;0;g4543;-0.32;-0.43;0.37;-0.05;g4543;-0.21;0.11;-0.06;0.1;g4543;0.07;0.35;-0.28;0.4;g4543;-0.34;0.13;0;0.19
g4544;-0.25;-0.53;-0.27;-0.4;g4544;-0.1;-0.14;-0.14;0.53;g4544;0.15;0.4;-0.03;0.2;g4544;0.01;-0.17;0.49;0.19;g4544;-0.01;0;0.22;0.05;g4544;0.1;0.54;0.25;0.18;g4544;-0.1;0.17;0;0.29
g4587;-0.01;0;-0.38;0.04;g4587;-0.05;0;0.13;-0.31;g4587;-0.05;0;0.14;0.23;g4587;-0.19;0;0.33;-0.31;g4587;-0.19;0;0.25;0.25;g4587;-0.01;0;0.03;0.33;g4587;-0.43;0;-0.12;-0.05
g4633;0.1;0;-0.08;-0.35;g4633;0.02;0;-0.19;0.71;g4633;0.05;0;0.27;0.48;g4633;0.05;0;0.37;0.03;g4633;-0.17;0;0.49;0.25;g4633;0.09;0;0.08;-0.02;g4633;-0.14;0.6;0.09;-0.19
g4642;0.5;-0.21;0.16;0.11;g4642;0.15;0.09;0.19;-0.09;g4642;-0.09;-0.04;0.33;-0.07;g4642;0.11;-0.07;-0.18;-0.04;g4642;-0.23;0.33;0.28;0.11;g4642;0.02;0;0.02;0.09;g4642;-0.42;0.42;0.08;0.01
g4665;0.22;-0.02;-0.14;-0.3;g4665;-0.12;0.01;0.29;0.13;g4665;-0.03;0.08;0.1;0.11;g4665;0.08;-0.2;-0.16;-0.02;g4665;0.04;0.69;0.2;0.25;g4665;-0.11;-0.4;-0.08;0.25;g4665;-0.24;0.27;0;0.16
g4778;0;0.66;0.25;-0.14;g4778;-0.19;-0.22;0.39;-0.26;g4778;-0.09;0.02;0.26;-0.16;g4778;-0.58;-0.02;-1.02;0.04;g4778;-0.21;-0.05;-0.79;-0.14;g4778;0.47;0.03;-0.43;-0.28;g4778;0.02;0.32;-0.39;-0.57
g4790;0.91;-0.88;0.57;-0.46;g4790;-0.14;-0.11;-0.37;-0.04;g4790;0.02;-1.55;-0.21;-0.17;g4790;-0.14;-0.22;0.4;-0.13;g4790;0;0.14;-0.04;-0.1;g4790;-0.06;-0.63;0.1;-0.28;g4790;-0.35;-0.35;0.08;0.14
g4806;0.06;0.57;-0.89;-0.13;g4806;-0.17;-0.21;-0.08;-0.23;g4806;-0.08;-0.17;-0.15;0.31;g4806;-0.41;0.38;-0.57;0.02;g4806;-0.21;-0.19;-0.23;0.26;g4806;0.09;-0.34;-0.23;-0.07;g4806;-0.05;-1.11;0.17;0.25
g4835;0.16;0;-0.21;0.1;g4835;-0.19;0;0;0.01;g4835;0.17;0;-0.03;-0.07;g4835;0.17;0;-0.01;-0.09;g4835;-0.29;0;0.19;0.34;g4835;0.05;0;-0.06;0.25;g4835;-0.29;0;0.14;-0.15
g4886;0.09;-0.58;-1.93;-0.21;g4886;-0.41;-0.26;-1.09;-0.15;g4886;-0.14;0.15;0.1;0.13;g4886;0.07;0.18;1.12;0.21;g4886;0.31;0;1;0.45;g4886;0.22;0.12;0.42;0.75;g4886;0.91;0;0.13;0.45
g4919;0.3;0.31;0.74;-0.01;g4919;-0.37;0;-0.25;0.25;g4919;-0.17;0.41;-0.36;0.01;g4919;0.01;0.02;0.19;0.16;g4919;0.11;0;0.13;-0.51;g4919;0.37;0.66;0.04;-0.14;g4919;-0.28;-0.37;-0.06;-0.06
g4930;-0.44;0.33;-0.1;-0.31;g4930;-0.29;0.28;-0.39;0.21;g4930;-0.04;-0.37;-0.2;0.11;g4930;0.15;0.42;0.3;-0.31;g4930;0.42;0.56;-0.39;0.29;g4930;0.37;0.18;0.01;0.58;g4930;0;1.05;0.41;0.11
g4938;-0.03;0.84;0.29;0.59;g4938;-0.08;-0.43;-0.43;0.17;g4938;-0.11;-0.74;-0.15;-0.04;g4938;0.05;0.03;0.44;0.38;g4938;0.73;0.08;0.76;-0.2;g4938;0.26;0.29;0.27;-0.33;g4938;-0.38;-0.07;0.43;-0.13
g5111;0.1;0.5;-0.41;-0.06;g5111;0.06;-0.11;0.43;-0.02;g5111;-0.06;-0.06;0.25;0.02;g5111;-0.46;-0.34;-0.42;0.09;g5111;-0.12;0;-0.05;-0.08;g5111;-0.3;0.09;-0.17;-0.28;g5111;-0.03;0.11;0.05;-0.15
g5140;0.98;-0.17;0.77;-0.5;g5140;-0.53;0.02;-0.19;0.2;g5140;-0.07;-0.28;0.14;0.31;g5140;0.3;0.16;0.57;-0.06;g5140;0.32;0.22;-0.05;0.28;g5140;0.02;-0.28;-0.07;0.37;g5140;-0.2;0.06;-0.26;0.3
g5155;-0.18;0.18;-0.58;0.15;g5155;0.14;0.05;-0.21;0;g5155;0;-0.26;-0.28;-0.08;g5155;0.02;-0.29;0.01;-0.05;g5155;-0.08;0.27;0.49;0;g5155;0.06;-0.15;-0.44;-0.07;g5155;-0.13;-0.33;-0.24;0.07
g5163;0.09;0.5;0.14;-0.07;g5163;-0.19;-0.18;-0.4;0.16;g5163;-0.25;-0.41;0.2;0.3;g5163;0.11;-0.16;0.66;-0.3;g5163;0.04;0.43;0.24;0.04;g5163;0.01;-0.14;0.36;0.3;g5163;-0.29;0.3;0.2;-0.11
g5194;-0.1;-0.05;0;0.21;g5194;-0.04;-0.05;-0.22;0.05;g5194;0.13;-0.1;0.33;-0.05;g5194;0;-0.27;0.18;-0.3;g5194;-0.28;0.61;0.61;0.12;g5194;0;-0.29;0.44;0.08;g5194;-0.3;0.16;0.18;-0.03
g5234;0.28;0.66;-0.84;0.3;g5234;0.25;0.69;-0.32;-0.21;g5234;-0.18;-0.66;-0.04;-0.11;g5234;-0.22;-0.5;0.03;0.05;g5234;-0.25;0.15;0.39;-0.13;g5234;-0.14;-0.63;0.28;-0.33;g5234;-0.44;0.29;0.07;0.04
g5296;-0.04;-0.35;-0.04;-0.02;g5296;-0.25;-0.17;0.01;0.14;g5296;0.16;-0.29;-0.07;0;g5296;0;0.48;0.22;0.19;g5296;-0.02;0.31;0.09;-0.12;g5296;0.19;0.35;0.05;0.04;g5296;-0.14;0.38;0;0.4
g5305;-0.32;0.07;-0.34;-0.15;g5305;-0.35;-0.4;0.05;0.38;g5305;0.12;0.39;0.02;0.26;g5305;-0.04;0.23;-0.03;-0.06;g5305;-0.17;-0.15;-0.63;0.23;g5305;0.19;0.19;0.02;0.3;g5305;0.23;0.05;0;0.06
g5385;0.12;0;-0.39;-0.14;g5385;-0.16;0.2;-0.13;0.06;g5385;-0.12;-0.53;-0.04;0.33;g5385;-0.2;-0.38;0.09;-0.02;g5385;-0.18;0.11;0.4;0.26;g5385;0.05;-0.36;-0.02;0.04;g5385;-0.24;0.32;0.13;0.3
g5393;-0.36;0.19;-0.12;-0.05;g5393;-0.14;-0.19;0.15;0.15;g5393;0.32;0.17;0.08;0.23;g5393;0.14;-0.08;-0.33;0.08;g5393;-0.01;0;0;0.25;g5393;0.2;0.1;-0.08;-0.11;g5393;0;0.93;0;0.36
g5432;0.43;-0.1;-0.63;-0.33;g5432;0.2;0.56;0.45;-0.08;g5432;-0.02;0.58;0.37;-0.06;g5432;-0.51;-0.06;-0.22;-0.06;g5432;-0.64;-0.29;0.34;-0.01;g5432;-0.33;-0.18;-0.25;0.04;g5432;-0.64;-0.6;-0.3;-0.12
g5434;-0.4;-0.11;-0.55;-0.09;g5434;0.25;0.05;-0.2;0.03;g5434;0;-0.21;0.41;-0.14;g5434;-0.21;-0.26;0.09;-0.01;g5434;0;-0.08;-0.13;-0.33;g5434;0.08;-0.55;0.33;-0.27;g5434;0.19;0.05;-0.02;-0.15
g5564;0.13;-0.7;-0.42;0.17;g5564;-0.03;0.1;0.34;-0.17;g5564;0.03;-0.07;0.43;-0.01;g5564;0.15;-0.36;0.08;-0.03;g5564;-0.11;-0.26;-0.1;-0.17;g5564;-0.01;0;0.29;-0.1;g5564;-0.15;-0.08;-0.27;-0.3
g5570;0.23;-0.15;-0.4;0.04;g5570;-0.06;0.12;0.28;0.04;g5570;-0.01;-0.08;-0.02;0.02;g5570;0.01;-0.1;0.09;-0.33;g5570;-0.28;0.86;0.29;0.06;g5570;-0.12;-0.07;-0.08;0;g5570;-0.24;-0.15;0.02;-0.2
g5579;0.49;0.28;1.37;-0.22;g5579;-0.33;0.37;-0.68;0.2;g5579;-0.41;-0.26;-0.85;0.06;g5579;-0.2;-0.15;0.35;0.09;g5579;0.07;-0.16;0.3;-0.26;g5579;0.16;-0.53;-0.06;-0.48;g5579;-0.35;0.09;-0.37;0.12
g5583;0.16;0.23;0.54;-0.05;g5583;-0.45;-0.18;-0.57;-0.12;g5583;-0.16;-0.32;-0.55;0.22;g5583;-0.14;-0.26;0.52;-0.23;g5583;0.15;-0.03;0.47;0.28;g5583;0.58;-0.26;0.04;-0.13;g5583;-0.18;-0.02;0;-0.05
g5622;-0.16;0.23;0.41;-0.74;g5622;0;0.38;-0.05;0.59;g5622;0.16;0.16;-0.41;0.42;g5622;-0.29;-0.17;0.01;-0.25;g5622;-0.16;0.29;0.19;0.39;g5622;0.47;0.06;-0.2;0;g5622;-0.19;0.18;0;0.2
g5716;0.07;0.52;-0.54;-0.36;g5716;-0.04;-0.22;0.48;-0.05;g5716;-0.22;-0.2;0.49;0.32;g5716;0.17;0.59;0.27;-0.16;g5716;-0.04;0.07;-0.12;-0.25;g5716;0.1;-0.65;0.15;0.13;g5716;-0.18;-0.32;-0.06;-0.16
g5773;0.18;0.29;-0.29;-0.07;g5773;-0.07;-0.01;0.02;0.15;g5773;0.09;-0.32;-0.01;0.2;g5773;0.42;-0.23;-0.04;-0.23;g5773;0.14;0.1;0.19;0.18;g5773;-0.1;-0.44;0.12;0.18;g5773;-0.26;0.03;0.16;0.03
g5780;-0.45;0;0.68;0.1;g5780;-0.32;0;-0.1;0.75;g5780;0.23;0.49;-0.1;0.32;g5780;0.26;0.3;-2.26;-0.41;g5780;0.11;0;0.06;0;g5780;0.11;0.35;-0.05;0.02;g5780;-0.13;0;0.49;-0.09
g5782;0.94;-0.26;-0.59;-0.57;g5782;-0.25;-0.15;-0.01;0.37;g5782;-0.07;0.49;0.44;0.17;g5782;-0.2;-0.14;0.12;-0.36;g5782;-0.46;0;-0.64;0.38;g5782;-0.35;0.46;0.79;0.39;g5782;-0.46;0.22;0.44;0.75
g5792;0.06;0.55;-0.56;-0.24;g5792;0;0.09;0.8;0.05;g5792;-0.08;-0.73;-0.56;0.52;g5792;0.03;-0.08;-0.56;-0.31;g5792;-0.05;-0.15;-1.05;0.16;g5792;0.13;-0.55;-0.05;-0.68;g5792;-0.3;0.22;-0.37;0.24
g5795;-0.34;0.59;0.1;-0.52;g5795;-0.15;0.59;0.04;0.22;g5795;0.13;-0.6;0.01;0.41;g5795;0.09;-0.64;0.04;-0.34;g5795;-0.03;0.43;-0.35;0.2;g5795;0.25;-0.64;-0.04;0.35;g5795;-0.19;0.21;0.21;0.04
g5828;-0.4;-0.09;-0.08;-0.01;g5828;0.19;-0.13;-0.15;-0.16;g5828;-0.01;-0.07;-0.03;-0.34;g5828;-0.52;0.1;-0.63;0.15;g5828;0.05;-0.13;0.21;-0.18;g5828;0.11;0.21;-0.18;-0.36;g5828;0.01;0.1;0.27;0.06
g5835;0.02;-0.18;0.09;-0.1;g5835;0.18;-0.05;0.09;0.31;g5835;-0.09;0.56;0.18;0.08;g5835;-0.09;0.16;0.14;-0.01;g5835;-0.25;-0.08;-0.44;-0.23;g5835;0.01;0.5;0.24;-0.28;g5835;-0.06;0;0;-0.19
g5849;-0.04;0.25;0.06;0.03;g5849;0.09;-0.04;-0.27;-0.23;g5849;-0.09;0;0.08;-0.13;g5849;-0.18;0;-0.02;-0.27;g5849;-0.11;0.11;-0.88;-0.23;g5849;0.04;-0.04;0.28;-0.21;g5849;-0.14;0.13;0.18;-0.29
g5914;0.27;0.29;0.22;-0.31;g5914;-0.15;-0.07;0.2;0.12;g5914;0.08;-0.08;0.37;0.2;g5914;-0.06;-0.14;0.03;0.03;g5914;-0.19;0.1;-0.95;0.17;g5914;-0.01;-0.22;0.32;0;g5914;-0.37;-0.13;-0.25;0.23
g5917;-0.12;0.58;0;-0.34;g5917;0.17;0;0.16;0.37;g5917;0.2;-0.41;-0.06;0.18;g5917;-0.09;-0.53;-0.05;0.28;g5917;-0.15;0.17;0.14;0.03;g5917;0;-0.24;0.03;-0.39;g5917;0.27;0.55;0;-0.3
g5949;-0.03;-0.06;-0.23;-0.04;g5949;0.13;0.07;0.33;-0.22;g5949;0.01;0;0.1;-0.4;g5949;-0.17;0;-0.11;0.08;g5949;0.04;0.07;-0.17;-0.2;g5949;0.19;0;-0.16;-0.06;g5949;-0.32;-0.27;0;-0.23
g5976;0.21;-0.37;-0.02;-0.42;g5976;0.03;0.11;0.2;0.07;g5976;0.15;-0.47;0.28;0.09;g5976;-0.22;-0.13;0.33;0.3;g5976;-0.14;0;-0.21;0.09;g5976;-0.32;0.02;0.07;-0.22;g5976;-0.3;-0.25;-0.14;0.07
g6000;-0.26;-0.53;0.25;0.02;g6000;-0.01;-0.02;0.42;0.27;g6000;0.06;0.68;0.2;-0.27;g6000;-0.28;0.12;-0.17;0.22;g6000;-0.01;0.59;-0.87;-0.04;g6000;-0.12;0.27;0.1;-0.28;g6000;-0.2;-0.13;-0.72;-0.1
g6022;-0.34;-0.33;-0.31;-0.04;g6022;0;-0.14;-1.24;0.19;g6022;0.16;0.22;0.58;-0.45;g6022;0.14;0.41;0.55;0.06;g6022;0;0.18;0.81;-0.08;g6022;0.19;0.19;0.34;-0.26;g6022;-0.26;1.58;0.25;0.07
g6046;-0.13;0.26;0.09;-0.13;g6046;0.13;0.29;0.02;0.24;g6046;0.13;-1.13;-0.15;-0.35;g6046;-0.21;-0.33;0.03;0.17;g6046;-0.06;0.23;-0.04;0.2;g6046;0.02;-0.48;-0.24;-0.15;g6046;-0.06;0.58;0;0.1
g6054;0.12;-0.21;-0.15;-0.14;g6054;0.12;-0.09;-0.25;0.12;g6054;-0.22;-0.04;0.14;0.02;g6054;-0.3;0.66;-0.23;0.04;g6054;-0.12;0.06;-0.62;0.04;g6054;-0.2;-0.94;-0.23;-0.12;g6054;-0.2;0.12;-0.17;-0.07
g6068;0.34;-0.25;0.3;0.3;g6068;0;-0.57;-0.06;-0.28;g6068;0.01;0.23;0.27;-0.01;g6068;-0.19;0.5;0.05;-0.3;g6068;0.35;0;-0.3;0.12;g6068;-0.1;0.31;0.13;-0.97;g6068;0;0;-0.2;-0.48




;c0;c0;c0;c0;c0;c0;c0;;c1;c1;c1;c1;c1;c1;c1;;c2;c2;c2;c2;c2;c2;c2;;c3;c3;c3;c3;c3;c3;c3;;
;t2;t7;t8;t10;t11;t12;t13;;t2;t7;t8;t10;t11;t12;t13;;t2;t7;t8;t10;t11;t12;t13;;t2;t7;t8;t10;t11;t12;t13;;
g29;-0.5;0.13;-0.08;-0.15;0.14;-0.1;0.1;g29;-0.3;-0.2;0.62;0.36;-0.41;0.39;-0.08;g29;-0.23;-0.1;-0.1;-0.04;-0.01;0.14;0;g29;0;-0.17;-0.06;-0.13;0.19;-0.15;0.42
g57;-0.9;0.23;0.1;-0.34;0.24;-0.07;0.06;g57;0.74;0.15;-0.53;0.12;-0.25;-0.27;-0.67;g57;0.71;0.22;-0.19;-0.34;-0.28;-0.43;0;g57;0;0.12;-0.08;0.16;-0.48;-0.41;-0.01
g65;0.28;0.04;0.04;-0.29;-0.11;0.05;0;g65;-0.12;0.18;0.13;-0.04;-0.04;0.06;-0.12;g65;-0.15;0;0.28;0;-0.74;0.85;-0.15;g65;-0.15;0.09;0.17;0.19;-0.08;-0.18;0.36
g67;0.17;0.39;0.33;-0.54;-0.2;-0.04;-0.54;g67;1.09;-1.1;-0.1;0.04;0;0.99;-0.48;g67;-0.25;-0.19;-0.51;-1.02;-0.83;0.08;-1.66;g67;0.03;-0.05;0.14;0.12;-0.09;-0.29;-0.39
g70;0;0;0;0;0;0;0;g70;0.19;-0.2;0;-0.13;0;0.05;0.14;g70;0;0;0;0;0;0;0;g70;0;0;0;0;0;0;0
g82;-0.04;0.31;-0.15;-0.39;-0.04;0.04;-0.15;g82;0;-0.51;0.42;0.36;-0.46;0.1;-0.01;g82;0.04;-0.01;-0.25;-0.04;-0.16;0.01;0;g82;-0.05;-0.08;-0.41;0.04;-0.31;-0.2;0.06
g348;-0.41;0;-0.05;-0.1;0.04;-0.04;0.18;g348;-0.39;-0.21;0.44;0.02;-0.03;0.03;-0.15;g348;0.56;-0.07;-0.54;-2.73;0.17;-0.39;0.5;g348;-0.69;0.61;0.37;-0.02;0.11;0.07;-0.02
g379;0.78;-0.41;-0.23;-0.11;0;-0.17;-0.2;g379;-0.87;-0.22;-0.2;-0.16;0.17;0.33;0.24;g379;-0.05;-0.34;-0.14;0.6;0.41;0.23;0.26;g379;0.06;-0.04;0.31;-0.43;0.56;0.78;0.48
g400;0.37;0.16;-0.17;-0.18;0.02;-0.14;-0.06;g400;-0.4;-0.94;-0.47;-0.61;-0.37;-0.63;-0.58;g400;0.06;-0.4;-0.49;-0.28;-0.25;-0.14;0.17;g400;0.44;-0.36;0.07;-0.87;0.15;-0.25;0.05
g445;0.81;-0.24;-0.51;-0.22;-0.01;-0.17;-0.57;g445;0;-0.13;0;0;0;0;0;g445;-0.91;-0.27;0.12;0.34;0.2;0.23;-0.27;g445;0.17;-0.24;0.07;-0.46;0.64;0.42;0.2
g489;-0.09;0.06;0.25;-0.1;0.14;0.09;-0.04;g489;0.18;-0.23;-0.34;0.06;-0.34;0.15;-0.41;g489;-0.33;0.1;0.1;-0.05;0.21;0.08;-0.29;g489;0.16;0.08;-0.12;0.1;-0.28;0.07;0
g515;0.22;0.06;0.17;0.31;-0.07;0;-0.19;g515;-0.06;-0.53;0.09;0.21;-0.34;0.2;-0.41;g515;-0.49;0.27;0.06;-0.31;-0.34;-0.42;-0.81;g515;0;0.22;-0.15;-0.07;0.13;0.15;0.22
g523;0.13;0.27;-0.07;-0.26;-0.25;-0.08;-0.21;g523;0;0;0;0.66;0;0;-0.12;g523;0.56;0.02;-0.31;-0.24;-0.28;-0.36;-0.18;g523;-0.11;-0.39;-0.22;0.05;-0.41;-0.35;-0.07
g543;0.13;0.17;0.26;0.24;0.17;-0.01;-0.07;g543;0;0;0;0;0;0;0;g543;0.41;0.26;0.09;0;0.17;0.28;-0.11;g543;0.13;0.15;-0.11;0.08;-0.26;-0.06;-0.03
g594;-0.32;0.31;0.29;-0.2;0;0.14;-0.03;g594;0.37;0.81;-0.32;-0.83;-0.55;-0.49;0.02;g594;-0.95;0.64;0.46;-0.6;-0.33;0.26;0.13;g594;-0.41;0.26;0.38;0.6;0.26;0.24;-0.08
g607;0.04;0.22;0;-0.06;0.14;-0.09;-0.14;g607;-0.14;-0.27;0.12;-0.14;-0.38;-0.11;-0.11;g607;-0.07;0.34;0.2;-0.34;-0.41;-0.01;0;g607;0.34;0;0;0.06;-0.3;-0.06;0.08
g644;-0.02;0.04;-0.16;-0.18;-0.09;0.06;-0.15;g644;0.43;-0.1;-0.23;0.05;0.13;0.02;0.1;g644;-0.24;0.22;0.05;0.1;0.29;0.19;-0.1;g644;-0.13;0.13;-0.13;-0.41;0.07;-0.08;0.08
g654;-0.49;0.29;0.04;-0.22;-0.14;0.17;-0.03;g654;0.41;0.05;-0.24;-0.48;0.03;-0.39;0.03;g654;-0.36;0.2;0.19;-0.26;0.11;0.18;0.03;g654;0;-0.34;-0.17;-0.02;-0.34;-0.36;-0.19
g663;0.13;-0.37;-0.08;0.47;-0.07;0.11;-0.28;g663;-0.73;0.08;-0.22;0.38;0.47;0.49;-0.09;g663;-0.58;-0.19;0.3;0.48;-0.07;0.65;0.51;g663;0.16;0.15;-0.08;0.24;0.08;0.04;0.5
g677;-0.36;0.18;0.16;0.3;0.07;0;0.01;g677;-0.04;-0.65;0.4;-0.29;0.04;0.14;0.02;g677;0.62;0.3;-0.05;-0.23;-0.51;0.37;0.02;g677;0.56;-0.45;-0.08;-0.04;-0.28;-0.37;-0.13
g685;-0.14;0.31;0.21;-0.07;0.18;0;-0.21;g685;-0.23;-0.74;-0.18;0.14;-0.54;0.18;0.09;g685;-0.31;0.54;0.46;-0.42;0.04;0.31;-0.1;g685;0.03;-0.08;-0.16;0.3;-0.29;-0.29;0.03
g702;-0.65;0.4;0.03;-0.23;0.02;-0.16;0.18;g702;0.01;-0.06;-0.14;-0.02;-0.05;-0.19;0.36;g702;-0.01;0.31;-0.19;-0.27;-0.23;0.15;0;g702;-0.12;0.35;-0.01;0;-0.08;-0.28;-0.09
g709;0.24;0.15;-0.02;0.4;0.05;0.08;-0.31;g709;-0.52;-0.29;0.43;-0.14;-0.17;0.23;-0.25;g709;-1.48;0.42;0.79;0.25;-0.07;0.1;0;g709;-0.1;0.04;0.05;-0.23;0.34;0.66;0.37
g782;0.19;0;-0.42;-0.2;-0.11;-0.6;-0.41;g782;-0.21;-0.36;0.17;-0.32;0.56;0.31;-0.19;g782;0.13;-0.06;-0.02;-0.06;-0.16;0.24;-0.38;g782;0.05;-0.08;-0.21;-0.23;0.2;-0.53;-0.25
g923;0.62;0;-0.07;-0.19;-0.17;-0.23;-0.23;g923;-0.48;0.39;0;-0.49;0.37;-0.33;0.52;g923;-0.06;-0.42;-0.15;0.01;0.02;-0.01;0;g923;0.56;0.08;0.09;-0.66;-0.1;-0.24;-0.35
g926;-0.12;0.76;0.02;-0.4;-0.15;-0.15;-0.06;g926;0.12;0.09;-0.41;-0.33;0.45;-0.28;0.2;g926;0.01;0.21;0.2;-0.25;-0.74;-0.23;0.15;g926;-0.2;-0.05;-0.38;0.24;-0.4;-0.17;-0.33
g947;0.25;0.08;0.06;0.14;-0.37;-0.26;-0.25;g947;-0.43;0;0;0;0.56;0;0.08;g947;-0.75;-0.16;-0.2;0.01;0.15;0.32;0;g947;0.22;0.63;0.32;0.39;0.31;-0.05;0.03
g983;0.4;-0.07;-0.3;0.19;0.05;-0.09;-0.3;g983;-0.26;0.66;-0.32;0.73;-0.67;0.16;1.01;g983;-0.7;0.23;0.1;0.03;0.29;0.1;-0.27;g983;-0.16;0.01;-0.07;-0.3;-0.02;-0.13;0.17
g1034;-0.01;-0.02;0.27;0.14;-0.05;0.07;0.06;g1034;-0.53;-1.13;-0.24;0.11;1.14;-0.05;0.79;g1034;0.1;-0.13;-0.36;0.11;0;-0.23;0.16;g1034;-0.17;0.03;0.18;0.07;0.19;-0.03;-0.11
g1052;-0.59;-1.17;-0.72;2.23;1.38;1.12;0.15;g1052;-0.08;-0.48;1.08;1.4;1.05;0.14;-1.14;g1052;-0.33;-0.72;0.01;0.82;0.27;0.05;0;g1052;-0.61;-0.73;-0.17;0.11;1.4;1.56;0.98
g1132;-0.02;0.06;0.23;1;-0.02;-0.06;-0.98;g1132;-0.25;-0.05;0.27;0.24;0.49;-0.02;0.54;g1132;-0.09;-0.33;-0.07;0.2;0.06;-0.02;0;g1132;0.3;-0.17;0.19;-0.1;-0.13;-0.32;0.07
g1225;-0.23;-0.03;-0.13;-0.13;0.09;0.09;-0.17;g1225;0.17;0.03;0;-0.21;0.36;-0.25;0.11;g1225;-0.81;0.36;0.24;-0.34;-0.07;0.4;-0.11;g1225;-0.42;0.03;-0.03;-0.29;-0.08;-0.5;-0.07
g1230;-0.01;-0.3;0.24;0.1;-0.02;-0.05;-0.24;g1230;0.68;0.08;0.55;-0.22;-0.11;0;-0.33;g1230;0.01;0.38;0.46;-0.34;-0.34;-0.44;0;g1230;0.09;0.22;0.07;-0.34;-0.05;-0.33;-0.21
g1257;0.18;-0.02;0.37;0.29;-0.11;0.02;-0.34;g1257;0;0;0;0;0;0;0;g1257;-1.73;0.31;0.87;0.09;0.09;0.09;0.01;g1257;0;0.19;0.01;0.09;0.21;0.12;0.01
g1264;-0.28;-0.18;0;0.02;-0.11;-0.08;-0.13;g1264;0.07;-0.15;2.14;-0.46;0.02;-0.56;-0.08;g1264;-0.78;0.22;0.31;0.05;-0.06;0.03;-0.13;g1264;-0.19;-0.15;0.09;0.06;0.26;0.2;-0.15
g1269;-0.13;0.45;0.58;0.61;0.03;0.06;-0.3;g1269;-0.74;0.29;-0.11;0.03;-0.25;0.32;-0.04;g1269;-1.07;-0.11;-0.01;0.26;0.25;0.04;0.57;g1269;-0.16;-0.12;-0.12;0.38;-0.18;-0.12;-0.1
g1273;0.12;-0.03;0.1;-0.03;-0.15;0.15;-0.17;g1273;0.04;0.04;0.13;-0.56;0.3;-0.3;-0.09;g1273;0.29;0.06;0.33;-0.41;-0.25;0.06;0.1;g1273;0.04;-0.15;-0.22;0.04;0.04;-0.31;-0.26
g1293;0.5;-0.04;0.15;-0.15;0.02;-0.04;-0.51;g1293;0.16;0.03;0.6;-0.24;0.06;0.34;0.05;g1293;-0.27;0.01;0.49;-0.2;-0.01;0.17;-0.11;g1293;0.04;0.1;-0.15;0.06;-0.2;-0.51;-0.18
g1313;0.07;-0.12;0.18;0.1;-0.15;0.17;-0.1;g1313;0;-0.2;0;1.69;0;0;0.22;g1313;-0.42;-0.01;0.18;0.04;0.16;-0.15;0.1;g1313;0.35;-0.44;-0.24;0.14;-0.01;0.04;0.18
g1349;-0.03;0.05;-0.05;-0.42;-0.08;0.04;-0.1;g1349;0.06;0.33;-0.3;-0.53;1.18;-0.53;0.15;g1349;-0.02;-0.33;0.14;-0.22;-0.2;0.12;0;g1349;-0.16;-0.43;0.3;-0.31;0.09;0.33;-0.27
g1374;0.33;-0.06;0.04;0.13;0;0.24;-0.25;g1374;0.05;0.24;-0.02;-0.25;0.33;-0.21;0.17;g1374;-0.21;0.25;0.32;0.03;-0.08;0.15;0.3;g1374;-0.22;0.07;0.35;-0.24;0.44;-0.15;0.11
g1421;0.04;0.23;0.12;0.05;-0.03;-0.15;0;g1421;0.16;0.24;-0.2;-0.35;0.01;-0.31;-0.04;g1421;-0.91;0.31;0.16;-0.01;0.16;-0.11;0.46;g1421;-0.07;-0.25;-0.09;-0.18;0.31;0.09;0.18
g1444;0.19;0;0.11;-0.06;-0.11;0.12;-0.22;g1444;0.08;0.11;0.34;0.11;-0.41;-0.02;-0.11;g1444;0.51;-1.08;-0.2;-0.34;0.34;0.04;0.73;g1444;0.07;0.11;0.05;0.36;-0.05;-0.25;-0.25
g1446;-0.25;-0.01;-0.08;-0.25;0.06;0.17;-0.09;g1446;0.44;0.06;-0.49;-0.15;0.3;-0.07;0.34;g1446;-0.31;-0.26;0.04;-0.06;0.14;0.13;0;g1446;-0.23;0.21;0.26;0.21;0.07;-0.14;0.07
g1477;0.4;0.11;0.22;0;0.12;-0.06;-0.18;g1477;0.14;0.14;0.03;-0.42;0.13;0.06;0.02;g1477;-0.06;-0.49;-0.27;-0.05;-0.05;-0.18;0.61;g1477;0;0.2;-0.09;0.03;0.12;0.06;0.18
g1484;0;-0.08;0.11;-0.14;-0.19;0.14;-0.32;g1484;0.29;0.11;-0.85;-0.31;-0.08;-0.57;0.15;g1484;-0.22;-0.22;-0.09;0.06;-0.01;-0.19;0.13;g1484;-0.21;0.08;0.19;0;0.25;0.15;0.31
g1644;0;0;0;0;0;0;0;g1644;0.47;0.37;-1.03;-0.03;0.48;-0.34;0.37;g1644;0.4;0.03;-0.21;-0.01;-0.24;0;-0.09;g1644;0;0;0;0;0;0;0
g1655;-0.09;0.15;0.28;0.6;-0.08;-0.02;-0.06;g1655;0.22;-0.06;-0.69;-0.53;0.31;-0.8;0.16;g1655;-0.06;0.19;-0.23;-0.2;-0.18;-0.08;0;g1655;0.07;0.02;-0.03;0.12;-0.39;-0.27;-0.09
g1693;-0.35;0.08;0.15;0.1;0.01;-0.09;0;g1693;0.42;0.2;-0.14;-0.39;0.08;0.05;0.21;g1693;-1.1;0.57;0.3;-0.09;0.07;0.01;0.25;g1693;-0.12;0.14;-0.06;-0.05;-0.35;-0.35;0.06
g1855;0.42;0.2;0.23;-0.06;-0.21;-0.16;-0.07;g1855;0.11;0.17;-0.14;-0.41;-0.06;-0.35;-0.26;g1855;-0.1;0.18;0.01;-0.09;-0.01;-0.42;0;g1855;-0.06;0.08;0.27;-0.11;0.08;-0.13;0.04
g2100;-0.08;0.26;0.26;0.01;-0.04;0.15;-0.3;g2100;0.47;0.2;-0.36;-0.36;0;-0.3;0.21;g2100;-0.04;0.39;0.13;0;-0.3;0.14;0;g2100;0.01;-0.21;-0.01;0.18;-0.02;0.15;-0.36
g2121;0.13;-0.2;-0.06;0.03;-0.03;0.13;-0.23;g2121;0.72;0.24;-0.42;-0.36;0.05;0.09;-0.12;g2121;0.17;-0.19;0.04;-0.23;-0.18;-0.41;-0.47;g2121;-0.18;-0.12;0.03;0.01;-0.18;-0.31;0.01
g2129;0.33;-0.07;-0.05;-0.13;-0.01;-0.04;-0.15;g2129;0.39;0.14;-0.49;-0.67;-0.08;0.24;0.14;g2129;0.49;-0.04;-0.18;-0.24;0.07;-0.04;0.19;g2129;-0.42;-0.05;0.15;0.25;0.21;0.02;0.31
g2241;0.09;0.05;-0.08;-0.36;0.01;-0.09;-0.09;g2241;0.15;-0.49;0.23;0.04;0;0.09;-0.13;g2241;-1.02;0.7;0.35;-0.07;-0.37;0.53;-0.18;g2241;-0.44;0.12;-0.06;0.13;0.02;-0.04;0.13
g2282;-0.12;-0.08;0.26;0.08;-0.04;0.16;-0.22;g2282;-0.29;0.02;0.4;0.3;0.15;0.39;-0.05;g2282;0.01;0.13;-0.06;0.19;-0.11;-0.35;0;g2282;0.06;0.07;-0.12;0.29;-0.17;0.04;0.11
g2328;2.13;-0.77;-0.73;1.14;1.41;0.46;-0.21;g2328;0.76;-1.63;-0.34;1.6;1.25;0.86;0.7;g2328;1.89;-1.2;-0.95;1.14;0.56;-0.06;-0.03;g2328;0.49;0.53;0.02;0.54;-0.55;-0.77;0.08
g2356;0.18;0.1;0.04;0.13;-0.19;-0.14;-0.37;g2356;-0.18;-0.18;-0.09;-0.48;-0.12;-0.1;-0.15;g2356;0;-0.28;-0.17;0.04;0.12;0.04;0.17;g2356;0.06;-0.1;-0.14;0.05;0.08;0.28;0.06
g2361;0.23;0.19;-0.08;-0.09;-0.24;-0.36;-0.1;g2361;-0.97;-1.1;-1.07;-0.84;-0.81;-0.7;-0.75;g2361;-0.18;-0.38;0.11;-0.33;0.04;-0.13;-0.05;g2361;0.08;-0.22;-0.09;-0.42;-0.25;-0.09;-0.34
g2395;-0.35;0.47;0.54;0.24;-0.11;0.04;-0.23;g2395;-0.6;0.66;0.81;0;-0.48;-0.23;-0.6;g2395;-0.04;0.11;0.17;-0.11;-0.26;-0.14;0.08;g2395;0.04;0.13;-0.23;0;-0.28;-0.3;0.16
g2409;-0.34;0.27;0.02;-0.13;-0.23;0.07;-0.15;g2409;-0.41;0.17;0.56;0.02;-0.05;0.03;-0.3;g2409;-0.13;0.19;0.62;0.05;0.22;0.54;-0.05;g2409;-0.33;0.18;-0.06;0.24;0.01;-0.14;0.11
g2452;-0.29;-0.12;0.27;0.57;0.19;0.1;-0.12;g2452;0.15;-0.66;0.25;0.14;0.88;0.46;0;g2452;0.01;0.2;0.13;0.1;0.03;-0.09;0;g2452;-0.15;0.08;-0.21;0.01;0.09;-0.39;0.15
g2463;0.52;-0.15;-0.01;-0.18;-0.15;-0.03;-0.35;g2463;-0.57;-0.2;-0.76;-0.61;0.17;-0.33;0.31;g2463;-0.08;-0.35;0.06;0.08;0.2;-0.19;-0.33;g2463;-0.28;0.28;0.2;-0.11;0.35;0.36;0.08
g2545;0.35;-0.01;0.11;0.66;-0.08;-0.23;-0.38;g2545;-0.6;0.04;0.13;-0.05;0.19;-0.03;-0.1;g2545;-0.79;0.17;0.12;0.52;0.06;-0.02;-0.11;g2545;0.5;0.08;0.07;-0.4;-0.01;0.24;0.11
g2616;-0.14;-0.05;0.14;0.51;0.17;0.05;-0.07;g2616;-0.51;0.33;0.36;0.12;0.27;0.21;0.49;g2616;-0.28;-0.07;0.25;0.25;0.15;0.11;0;g2616;-0.29;0.18;0.2;-0.01;0.38;0.32;0.02
g2820;0.04;-0.04;-0.17;-0.37;0.14;-0.02;-0.13;g2820;-0.02;-0.46;0.63;0.39;0;0.65;-0.39;g2820;2.94;-1.22;-1.48;0.11;0.59;0.01;0.01;g2820;0.42;-0.12;-0.23;0.41;-0.19;-0.31;-0.15
g2931;0.53;-0.18;-0.19;-0.43;0.01;-0.26;-0.32;g2931;-0.21;-0.66;-0.86;-0.73;-0.24;-0.97;0.67;g2931;-0.94;0;0.02;0.54;0.27;0.02;-0.04;g2931;0.26;0.29;0.54;-0.42;0.23;0.76;-0.03
g2951;0.12;-0.11;-0.11;0.05;0.31;-0.01;-0.19;g2951;0.08;0.29;-0.12;0.03;0.01;-0.16;-0.12;g2951;-0.02;-0.3;0.38;0.45;0.43;-0.36;-0.06;g2951;-0.19;0.16;0.23;-0.25;-0.05;0.06;0.26
g2966;0.3;-0.07;-0.12;0.37;-0.07;0.05;0.08;g2966;0.07;-0.42;0.67;0.22;-0.81;0.23;-0.46;g2966;0.06;-0.34;-0.21;-0.17;-0.23;-0.13;0.09;g2966;0.18;0.06;-0.23;-0.02;-0.51;0.05;0.19
g3003;0.05;-0.04;-0.2;-0.12;0.22;-0.04;-0.12;g3003;-0.26;0.09;-0.65;-0.72;0.53;-0.25;-0.02;g3003;-0.52;-0.1;0.4;-0.06;0.12;0.43;0.22;g3003;0.05;0.31;0.33;0.18;0.32;0.22;0.22
g3089;0.55;-0.7;-0.68;0.21;0.72;0.71;-0.09;g3089;0.61;-0.67;-0.59;0.49;0.41;0.43;0.81;g3089;1.16;-0.85;-0.32;1.22;1.26;0.52;-0.14;g3089;-0.28;0.36;0.18;0.28;-0.17;-0.6;0.15
g3131;1.11;0.18;0.28;-0.08;-0.14;-0.3;-0.47;g3131;-0.74;-0.04;0.9;0.03;0.39;-0.19;0;g3131;0.01;0.07;0.46;-1.51;-0.24;-0.22;0.28;g3131;0.05;0.06;-0.41;-0.6;-0.81;-0.6;0.38
g3133;-0.18;0.03;0;-0.35;-0.18;0.32;0.09;g3133;0.36;-0.55;-0.36;-0.21;0.48;0.54;0.52;g3133;-0.05;-0.11;-0.22;0.2;0.32;0.35;0.49;g3133;-0.16;0.2;0.08;0.13;-0.43;-0.48;-0.08
g3194;-0.17;0.18;0.19;0.02;-0.17;0.02;-0.35;g3194;0.31;0.26;-0.19;-0.26;0.04;-0.52;0.21;g3194;0.09;0.17;0.16;0;0.12;-0.13;0;g3194;-0.23;-0.01;-0.04;0.17;-0.15;-0.4;-0.27
g3253;-0.18;0.13;-0.06;-0.03;-0.24;0.05;-0.16;g3253;-0.17;0.06;-0.11;0.27;0.13;0.27;0.14;g3253;-0.38;-0.19;0.23;0;0.12;0.14;0.04;g3253;0.53;-0.12;-0.21;0.1;-0.16;-0.15;-0.18
g3264;0.19;0.02;0.05;0.07;-0.12;-0.09;0;g3264;0.08;0.34;0.36;-0.14;0.14;-0.28;-0.14;g3264;0.27;-0.48;0.23;-0.35;-0.05;-0.07;0;g3264;-0.03;0.02;-0.1;0.04;-0.1;-0.26;0.05
g3325;-0.41;0.07;0.01;-0.11;-0.11;-0.08;-0.23;g3325;-0.56;-0.79;0.6;0.39;0.46;0.42;0.24;g3325;-0.61;-0.04;-0.26;0.22;0;-0.22;0.4;g3325;0.39;-0.32;-0.34;0.13;-0.19;-0.39;-0.1
g3327;-0.29;0.05;0.18;0.05;0.16;-0.08;-0.41;g3327;-0.11;-0.16;0.03;-0.21;0.05;-0.11;0.09;g3327;-0.2;-0.66;0.34;-0.05;0.1;0.32;0.14;g3327;0.49;-0.16;-0.39;0.35;-0.24;-0.33;0
g3355;0.21;-0.1;0.01;0.04;0.02;0.14;-0.18;g3355;0.02;0.07;-0.32;-0.34;0.36;-0.16;-0.05;g3355;0.79;0.25;-0.3;-0.55;-0.61;-0.51;0.03;g3355;0.04;-0.04;0.52;-0.15;0.62;0.22;0.11
g3381;-0.02;0;0.07;-0.26;0.03;0.21;-0.16;g3381;0.02;-0.28;-0.09;0.26;0;0.13;0;g3381;0.43;0.26;0.24;-0.21;-0.21;0.03;0.1;g3381;-0.3;0;0.11;-0.18;0.06;0.17;-0.02
g3391;-0.44;0;0.02;0.37;0;-0.1;0.14;g3391;0.06;0.03;-0.12;0.09;0.15;-0.08;-0.03;g3391;-0.22;0.43;0.23;0.24;-0.16;-0.29;0.01;g3391;0.03;-0.05;0.16;-0.11;0.18;0.19;-0.21
g3413;0.05;-0.19;-0.02;0.29;-0.2;-0.29;-0.27;g3413;-0.04;0.27;0.17;-0.42;-0.22;-0.13;-0.03;g3413;-0.4;0.17;0.26;-0.02;0.04;0.04;-0.01;g3413;-0.17;0.06;0.31;-0.08;0.31;0.33;-0.13
g3445;0.24;0.19;-0.39;0.95;0.24;0.19;-0.2;g3445;0.69;-0.26;-0.06;0.51;0.09;0.42;0.39;g3445;1;-0.81;-0.81;1.1;0.69;0.33;0.27;g3445;-0.29;0.36;0.06;0.12;0.2;0.16;-0.15
g3447;0.25;-0.24;-0.4;-0.18;0.04;0.09;-0.03;g3447;-1.24;0.64;0.6;-0.12;-0.01;-0.28;-0.01;g3447;0.2;0.8;0.47;0.38;-0.08;0.1;0.38;g3447;0.7;-0.13;-0.84;-0.04;0.22;0.23;0.36
g3455;0.03;-0.1;0.08;0.07;-0.49;-0.25;0.04;g3455;0.46;0.23;-0.77;-0.91;0.23;-0.8;0.32;g3455;0.01;0.12;0.05;-0.26;-0.13;0.05;0.16;g3455;-0.24;0.27;0.35;0.02;0.07;0.04;-0.06
g3458;-0.11;0.06;0.02;0;0;-0.05;-0.17;g3458;-0.19;0.05;-0.74;0.26;0.12;-0.11;-0.12;g3458;0.14;0.39;-0.29;0.31;0;-0.04;0.86;g3458;-0.05;0.22;0.14;-0.05;-0.12;-0.05;-0.03
g3493;0.34;0.09;0.01;-0.12;0.15;-0.07;-0.43;g3493;-0.1;0;0;0;0;0;-0.01;g3493;0.57;0.33;0.36;-1.85;0.03;0.28;0.28;g3493;0.19;0.07;-0.3;0.01;-0.09;-0.15;-0.04
g3506;0.33;0.07;-0.16;-0.35;0.03;-0.11;-0.39;g3506;0.84;-0.07;0.28;-0.02;0;0.02;-0.92;g3506;0.36;0.15;0.48;-0.38;0.11;0.29;-0.74;g3506;-0.12;-0.18;0.09;0.08;0.08;-0.44;0.01
g3557;0.2;0.05;-0.01;-0.01;-0.42;-0.11;-0.3;g3557;-1.39;0.28;0.25;-0.07;0.31;-0.05;0.21;g3557;-0.01;0.05;-0.47;0.28;0;-0.51;0.49;g3557;0.35;-0.36;-0.48;-0.52;0.09;-0.03;0.3
g3565;0.45;0.1;-0.08;0.05;-0.1;0.08;-0.33;g3565;0;0;0;0;0;0;0;g3565;-1.08;-0.17;0.07;1.36;1.04;0.89;0.21;g3565;-0.22;-0.06;-0.02;0.26;0.27;-0.1;0.06
g3577;-0.11;0.15;0.08;0.34;-0.27;-0.19;-0.21;g3577;-0.17;0.3;-0.32;0.06;0.09;-0.88;0.11;g3577;-0.62;0.26;0.3;0.04;-0.2;0.3;0.03;g3577;0.08;0.03;-0.04;-0.3;-0.04;0.13;0.13
g3628;0.25;-0.29;-0.02;-0.08;-0.08;0.32;-0.31;g3628;0.19;-0.3;-0.14;0.01;-0.07;0.03;0.29;g3628;0.15;-0.51;-0.19;0.33;-0.21;-0.16;0.02;g3628;-0.16;0.15;0.17;0.07;0.1;0.09;-0.11
g3805;-0.68;0.25;0.49;0;-0.36;0.04;-0.01;g3805;0.37;0.32;-0.18;-0.42;-0.27;-0.13;-0.22;g3805;0.29;0.17;-0.16;-0.43;-0.45;-0.21;0;g3805;0.31;-0.01;-0.16;0.14;-0.35;-0.62;-0.57
g3821;0.11;-0.09;-0.11;-0.08;-0.02;0.08;-0.17;g3821;0.09;0.22;-0.03;-0.24;0.08;-0.11;-0.04;g3821;-0.36;-0.08;-0.1;0.32;0.12;0.19;0.09;g3821;-0.21;0.14;0.22;-0.01;0.14;0.13;-0.11
g3824;-0.22;0.11;0.15;0.11;0.1;0;-0.33;g3824;0.25;0.17;-0.4;-0.34;0.12;-0.26;0.03;g3824;0.2;-0.28;-0.02;-0.24;-0.11;-0.3;-0.16;g3824;0.13;-0.11;-0.15;0.2;-0.39;-0.49;-0.22
g3843;-0.09;0.52;-0.09;-0.32;-0.18;0.31;-0.25;g3843;-0.74;0.09;0.96;0.53;0.18;0.24;-0.47;g3843;-0.5;0.1;0.57;0.04;0.4;0.55;-0.3;g3843;-0.14;-0.22;-0.26;0.04;-0.16;0.4;0.24
g3866;0.21;0.1;0.07;-0.31;-0.27;0.05;-0.4;g3866;-0.3;-0.05;0.28;-0.12;0.13;-0.88;-0.15;g3866;-0.24;0.41;0.02;-0.07;-0.15;-0.13;0.1;g3866;-0.12;0.03;-0.08;0.23;-0.16;-0.19;-0.14
g3877;-0.24;-0.09;0.32;0.23;-0.22;0.16;-0.15;g3877;0.18;0.36;0.11;-0.12;0.34;-0.26;0.23;g3877;0.04;-0.06;-0.44;0.08;0;-0.33;0.13;g3877;0.28;0.32;0.14;-0.33;-0.01;-0.33;-0.36
g3898;-0.19;0.01;0.29;0.25;0.19;-0.13;-0.38;g3898;0.05;0.13;0.08;-0.16;-0.13;-0.27;-0.04;g3898;-0.19;-0.21;0.03;0.21;-0.06;0.02;0;g3898;0.05;0.02;0.13;0.02;0.12;0.2;0.09
g3921;0.23;0.14;-0.18;-0.13;-0.13;-0.1;-0.36;g3921;0.53;0;0.93;0.81;0;0.7;0;g3921;-0.16;-0.26;-0.04;0.36;-0.1;-0.13;0;g3921;0.13;-0.01;-0.43;0.18;-0.67;-0.32;-0.11
g3930;0.35;0.06;0.01;-0.2;-0.07;0.03;0.17;g3930;-0.16;0.33;-0.02;-0.23;-0.44;-0.4;-0.25;g3930;-0.04;-0.28;0.35;-0.47;0.17;0.3;-0.62;g3930;-0.11;0.08;0.25;0.16;0.19;-0.21;0.22
g4009;0.3;0.03;-0.03;-0.15;0.1;0.06;-0.19;g4009;0.18;0.26;-0.25;-0.23;0.06;-0.14;0.11;g4009;-0.01;-0.07;-0.02;0.42;0.05;0.24;-0.63;g4009;-0.31;0.07;0.16;-0.06;0.52;0.47;0.17
g4087;0.13;-0.48;0.04;0.09;0;0.27;-0.02;g4087;0.31;-0.01;-0.1;-0.03;0.41;-0.8;0.29;g4087;-0.1;0.2;0.15;-0.22;-0.03;0.09;-0.11;g4087;-0.11;0.04;-0.11;0.35;0.24;0;0.32
g4141;0.39;-0.17;-0.13;-0.13;0.21;-0.07;-0.33;g4141;-0.35;0;0.11;0.09;0.13;-0.08;0.01;g4141;-1.29;-0.15;-0.49;-0.1;-0.33;0.33;0.45;g4141;-0.23;-0.17;0.06;-0.01;0.07;-0.33;0.19
g4216;-1.44;-0.01;0.73;0.82;0.44;0.75;0.29;g4216;-1.05;-0.34;0.56;-0.07;-0.28;-0.52;-0.41;g4216;1.04;-0.8;-0.11;-0.49;-0.65;-0.49;0;g4216;-0.34;-0.13;-0.37;0.48;-0.22;-0.75;-0.22
g4227;0.48;-0.03;-0.13;-0.29;0.3;0.05;-0.25;g4227;0.63;0;-0.72;1.2;0.04;-0.32;0.66;g4227;-0.85;0.28;0.19;-0.44;0.23;0.29;0.4;g4227;-0.18;0.09;0.1;0.21;0;-0.28;0.14
g4294;-0.04;0.16;0.02;-0.12;0.03;0.24;-0.21;g4294;-0.14;0.3;0.26;-0.12;-0.12;-0.48;-0.05;g4294;0.18;0.59;-0.05;0.02;-0.26;-0.31;0;g4294;0.1;0.04;-0.1;0.28;-0.16;-0.51;-0.01
g4426;0.19;-0.06;0.09;0.19;-0.06;0.15;-0.36;g4426;-0.08;-0.01;-0.42;-0.26;0.28;-0.19;0.32;g4426;-0.02;0.21;-0.04;0.15;0.34;0.35;-0.04;g4426;-0.31;-0.09;0.38;-0.48;0.59;0.5;0.17
g4452;-0.19;-0.08;-0.08;-0.14;-0.15;0.04;-0.06;g4452;0.26;0.1;0.04;-0.09;0.35;-0.59;0.12;g4452;-0.48;0.07;0.08;0.08;0.34;0.3;0.37;g4452;-0.33;0.28;0.33;0.07;0.16;0.13;0.15
g4481;0;0;0;0;0;0;0;g4481;0;0;0;-0.41;0;0.84;0;g4481;0;0;0;1.25;0.51;-0.07;0.93;g4481;0;0;0;0;0;0;0
g4511;0.1;0.07;0.02;-0.24;-0.09;0.04;-0.45;g4511;0.12;0.04;-0.14;-0.42;0.15;-0.47;-0.1;g4511;0.09;0;-0.02;-0.18;-0.07;-0.11;-0.19;g4511;0.11;-0.02;-0.11;-0.11;0;-0.07;0.23
g4543;-0.08;0.14;-0.02;-0.32;-0.21;0.07;-0.34;g4543;-0.64;0.17;0.4;-0.43;0.11;0.35;0.13;g4543;-0.05;0.34;0.24;0.37;-0.06;-0.28;0;g4543;0.12;-0.01;0;-0.05;0.1;0.4;0.19
g4544;-0.25;-0.1;0.15;0.01;-0.01;0.1;-0.1;g4544;-0.53;-0.14;0.4;-0.17;0;0.54;0.17;g4544;-0.27;-0.14;-0.03;0.49;0.22;0.25;0;g4544;-0.4;0.53;0.2;0.19;0.05;0.18;0.29
g4587;-0.01;-0.05;-0.05;-0.19;-0.19;-0.01;-0.43;g4587;0;0;0;0;0;0;0;g4587;-0.38;0.13;0.14;0.33;0.25;0.03;-0.12;g4587;0.04;-0.31;0.23;-0.31;0.25;0.33;-0.05
g4633;0.1;0.02;0.05;0.05;-0.17;0.09;-0.14;g4633;0;0;0;0;0;0;0.6;g4633;-0.08;-0.19;0.27;0.37;0.49;0.08;0.09;g4633;-0.35;0.71;0.48;0.03;0.25;-0.02;-0.19
g4642;0.5;0.15;-0.09;0.11;-0.23;0.02;-0.42;g4642;-0.21;0.09;-0.04;-0.07;0.33;0;0.42;g4642;0.16;0.19;0.33;-0.18;0.28;0.02;0.08;g4642;0.11;-0.09;-0.07;-0.04;0.11;0.09;0.01
g4665;0.22;-0.12;-0.03;0.08;0.04;-0.11;-0.24;g4665;-0.02;0.01;0.08;-0.2;0.69;-0.4;0.27;g4665;-0.14;0.29;0.1;-0.16;0.2;-0.08;0;g4665;-0.3;0.13;0.11;-0.02;0.25;0.25;0.16
g4778;0;-0.19;-0.09;-0.58;-0.21;0.47;0.02;g4778;0.66;-0.22;0.02;-0.02;-0.05;0.03;0.32;g4778;0.25;0.39;0.26;-1.02;-0.79;-0.43;-0.39;g4778;-0.14;-0.26;-0.16;0.04;-0.14;-0.28;-0.57
g4790;0.91;-0.14;0.02;-0.14;0;-0.06;-0.35;g4790;-0.88;-0.11;-1.55;-0.22;0.14;-0.63;-0.35;g4790;0.57;-0.37;-0.21;0.4;-0.04;0.1;0.08;g4790;-0.46;-0.04;-0.17;-0.13;-0.1;-0.28;0.14
g4806;0.06;-0.17;-0.08;-0.41;-0.21;0.09;-0.05;g4806;0.57;-0.21;-0.17;0.38;-0.19;-0.34;-1.11;g4806;-0.89;-0.08;-0.15;-0.57;-0.23;-0.23;0.17;g4806;-0.13;-0.23;0.31;0.02;0.26;-0.07;0.25
g4835;0.16;-0.19;0.17;0.17;-0.29;0.05;-0.29;g4835;0;0;0;0;0;0;0;g4835;-0.21;0;-0.03;-0.01;0.19;-0.06;0.14;g4835;0.1;0.01;-0.07;-0.09;0.34;0.25;-0.15
g4886;0.09;-0.41;-0.14;0.07;0.31;0.22;0.91;g4886;-0.58;-0.26;0.15;0.18;0;0.12;0;g4886;-1.93;-1.09;0.1;1.12;1;0.42;0.13;g4886;-0.21;-0.15;0.13;0.21;0.45;0.75;0.45
g4919;0.3;-0.37;-0.17;0.01;0.11;0.37;-0.28;g4919;0.31;0;0.41;0.02;0;0.66;-0.37;g4919;0.74;-0.25;-0.36;0.19;0.13;0.04;-0.06;g4919;-0.01;0.25;0.01;0.16;-0.51;-0.14;-0.06
g4930;-0.44;-0.29;-0.04;0.15;0.42;0.37;0;g4930;0.33;0.28;-0.37;0.42;0.56;0.18;1.05;g4930;-0.1;-0.39;-0.2;0.3;-0.39;0.01;0.41;g4930;-0.31;0.21;0.11;-0.31;0.29;0.58;0.11
g4938;-0.03;-0.08;-0.11;0.05;0.73;0.26;-0.38;g4938;0.84;-0.43;-0.74;0.03;0.08;0.29;-0.07;g4938;0.29;-0.43;-0.15;0.44;0.76;0.27;0.43;g4938;0.59;0.17;-0.04;0.38;-0.2;-0.33;-0.13
g5111;0.1;0.06;-0.06;-0.46;-0.12;-0.3;-0.03;g5111;0.5;-0.11;-0.06;-0.34;0;0.09;0.11;g5111;-0.41;0.43;0.25;-0.42;-0.05;-0.17;0.05;g5111;-0.06;-0.02;0.02;0.09;-0.08;-0.28;-0.15
g5140;0.98;-0.53;-0.07;0.3;0.32;0.02;-0.2;g5140;-0.17;0.02;-0.28;0.16;0.22;-0.28;0.06;g5140;0.77;-0.19;0.14;0.57;-0.05;-0.07;-0.26;g5140;-0.5;0.2;0.31;-0.06;0.28;0.37;0.3
g5155;-0.18;0.14;0;0.02;-0.08;0.06;-0.13;g5155;0.18;0.05;-0.26;-0.29;0.27;-0.15;-0.33;g5155;-0.58;-0.21;-0.28;0.01;0.49;-0.44;-0.24;g5155;0.15;0;-0.08;-0.05;0;-0.07;0.07
g5163;0.09;-0.19;-0.25;0.11;0.04;0.01;-0.29;g5163;0.5;-0.18;-0.41;-0.16;0.43;-0.14;0.3;g5163;0.14;-0.4;0.2;0.66;0.24;0.36;0.2;g5163;-0.07;0.16;0.3;-0.3;0.04;0.3;-0.11
g5194;-0.1;-0.04;0.13;0;-0.28;0;-0.3;g5194;-0.05;-0.05;-0.1;-0.27;0.61;-0.29;0.16;g5194;0;-0.22;0.33;0.18;0.61;0.44;0.18;g5194;0.21;0.05;-0.05;-0.3;0.12;0.08;-0.03
g5234;0.28;0.25;-0.18;-0.22;-0.25;-0.14;-0.44;g5234;0.66;0.69;-0.66;-0.5;0.15;-0.63;0.29;g5234;-0.84;-0.32;-0.04;0.03;0.39;0.28;0.07;g5234;0.3;-0.21;-0.11;0.05;-0.13;-0.33;0.04
g5296;-0.04;-0.25;0.16;0;-0.02;0.19;-0.14;g5296;-0.35;-0.17;-0.29;0.48;0.31;0.35;0.38;g5296;-0.04;0.01;-0.07;0.22;0.09;0.05;0;g5296;-0.02;0.14;0;0.19;-0.12;0.04;0.4
g5305;-0.32;-0.35;0.12;-0.04;-0.17;0.19;0.23;g5305;0.07;-0.4;0.39;0.23;-0.15;0.19;0.05;g5305;-0.34;0.05;0.02;-0.03;-0.63;0.02;0;g5305;-0.15;0.38;0.26;-0.06;0.23;0.3;0.06
g5385;0.12;-0.16;-0.12;-0.2;-0.18;0.05;-0.24;g5385;0;0.2;-0.53;-0.38;0.11;-0.36;0.32;g5385;-0.39;-0.13;-0.04;0.09;0.4;-0.02;0.13;g5385;-0.14;0.06;0.33;-0.02;0.26;0.04;0.3
g5393;-0.36;-0.14;0.32;0.14;-0.01;0.2;0;g5393;0.19;-0.19;0.17;-0.08;0;0.1;0.93;g5393;-0.12;0.15;0.08;-0.33;0;-0.08;0;g5393;-0.05;0.15;0.23;0.08;0.25;-0.11;0.36
g5432;0.43;0.2;-0.02;-0.51;-0.64;-0.33;-0.64;g5432;-0.1;0.56;0.58;-0.06;-0.29;-0.18;-0.6;g5432;-0.63;0.45;0.37;-0.22;0.34;-0.25;-0.3;g5432;-0.33;-0.08;-0.06;-0.06;-0.01;0.04;-0.12
g5434;-0.4;0.25;0;-0.21;0;0.08;0.19;g5434;-0.11;0.05;-0.21;-0.26;-0.08;-0.55;0.05;g5434;-0.55;-0.2;0.41;0.09;-0.13;0.33;-0.02;g5434;-0.09;0.03;-0.14;-0.01;-0.33;-0.27;-0.15
g5564;0.13;-0.03;0.03;0.15;-0.11;-0.01;-0.15;g5564;-0.7;0.1;-0.07;-0.36;-0.26;0;-0.08;g5564;-0.42;0.34;0.43;0.08;-0.1;0.29;-0.27;g5564;0.17;-0.17;-0.01;-0.03;-0.17;-0.1;-0.3
g5570;0.23;-0.06;-0.01;0.01;-0.28;-0.12;-0.24;g5570;-0.15;0.12;-0.08;-0.1;0.86;-0.07;-0.15;g5570;-0.4;0.28;-0.02;0.09;0.29;-0.08;0.02;g5570;0.04;0.04;0.02;-0.33;0.06;0;-0.2
g5579;0.49;-0.33;-0.41;-0.2;0.07;0.16;-0.35;g5579;0.28;0.37;-0.26;-0.15;-0.16;-0.53;0.09;g5579;1.37;-0.68;-0.85;0.35;0.3;-0.06;-0.37;g5579;-0.22;0.2;0.06;0.09;-0.26;-0.48;0.12
g5583;0.16;-0.45;-0.16;-0.14;0.15;0.58;-0.18;g5583;0.23;-0.18;-0.32;-0.26;-0.03;-0.26;-0.02;g5583;0.54;-0.57;-0.55;0.52;0.47;0.04;0;g5583;-0.05;-0.12;0.22;-0.23;0.28;-0.13;-0.05
g5622;-0.16;0;0.16;-0.29;-0.16;0.47;-0.19;g5622;0.23;0.38;0.16;-0.17;0.29;0.06;0.18;g5622;0.41;-0.05;-0.41;0.01;0.19;-0.2;0;g5622;-0.74;0.59;0.42;-0.25;0.39;0;0.2
g5716;0.07;-0.04;-0.22;0.17;-0.04;0.1;-0.18;g5716;0.52;-0.22;-0.2;0.59;0.07;-0.65;-0.32;g5716;-0.54;0.48;0.49;0.27;-0.12;0.15;-0.06;g5716;-0.36;-0.05;0.32;-0.16;-0.25;0.13;-0.16
g5773;0.18;-0.07;0.09;0.42;0.14;-0.1;-0.26;g5773;0.29;-0.01;-0.32;-0.23;0.1;-0.44;0.03;g5773;-0.29;0.02;-0.01;-0.04;0.19;0.12;0.16;g5773;-0.07;0.15;0.2;-0.23;0.18;0.18;0.03
g5780;-0.45;-0.32;0.23;0.26;0.11;0.11;-0.13;g5780;0;0;0.49;0.3;0;0.35;0;g5780;0.68;-0.1;-0.1;-2.26;0.06;-0.05;0.49;g5780;0.1;0.75;0.32;-0.41;0;0.02;-0.09
g5782;0.94;-0.25;-0.07;-0.2;-0.46;-0.35;-0.46;g5782;-0.26;-0.15;0.49;-0.14;0;0.46;0.22;g5782;-0.59;-0.01;0.44;0.12;-0.64;0.79;0.44;g5782;-0.57;0.37;0.17;-0.36;0.38;0.39;0.75
g5792;0.06;0;-0.08;0.03;-0.05;0.13;-0.3;g5792;0.55;0.09;-0.73;-0.08;-0.15;-0.55;0.22;g5792;-0.56;0.8;-0.56;-0.56;-1.05;-0.05;-0.37;g5792;-0.24;0.05;0.52;-0.31;0.16;-0.68;0.24
g5795;-0.34;-0.15;0.13;0.09;-0.03;0.25;-0.19;g5795;0.59;0.59;-0.6;-0.64;0.43;-0.64;0.21;g5795;0.1;0.04;0.01;0.04;-0.35;-0.04;0.21;g5795;-0.52;0.22;0.41;-0.34;0.2;0.35;0.04
g5828;-0.4;0.19;-0.01;-0.52;0.05;0.11;0.01;g5828;-0.09;-0.13;-0.07;0.1;-0.13;0.21;0.1;g5828;-0.08;-0.15;-0.03;-0.63;0.21;-0.18;0.27;g5828;-0.01;-0.16;-0.34;0.15;-0.18;-0.36;0.06
g5835;0.02;0.18;-0.09;-0.09;-0.25;0.01;-0.06;g5835;-0.18;-0.05;0.56;0.16;-0.08;0.5;0;g5835;0.09;0.09;0.18;0.14;-0.44;0.24;0;g5835;-0.1;0.31;0.08;-0.01;-0.23;-0.28;-0.19
g5849;-0.04;0.09;-0.09;-0.18;-0.11;0.04;-0.14;g5849;0.25;-0.04;0;0;0.11;-0.04;0.13;g5849;0.06;-0.27;0.08;-0.02;-0.88;0.28;0.18;g5849;0.03;-0.23;-0.13;-0.27;-0.23;-0.21;-0.29
g5914;0.27;-0.15;0.08;-0.06;-0.19;-0.01;-0.37;g5914;0.29;-0.07;-0.08;-0.14;0.1;-0.22;-0.13;g5914;0.22;0.2;0.37;0.03;-0.95;0.32;-0.25;g5914;-0.31;0.12;0.2;0.03;0.17;0;0.23
g5917;-0.12;0.17;0.2;-0.09;-0.15;0;0.27;g5917;0.58;0;-0.41;-0.53;0.17;-0.24;0.55;g5917;0;0.16;-0.06;-0.05;0.14;0.03;0;g5917;-0.34;0.37;0.18;0.28;0.03;-0.39;-0.3
g5949;-0.03;0.13;0.01;-0.17;0.04;0.19;-0.32;g5949;-0.06;0.07;0;0;0.07;0;-0.27;g5949;-0.23;0.33;0.1;-0.11;-0.17;-0.16;0;g5949;-0.04;-0.22;-0.4;0.08;-0.2;-0.06;-0.23
g5976;0.21;0.03;0.15;-0.22;-0.14;-0.32;-0.3;g5976;-0.37;0.11;-0.47;-0.13;0;0.02;-0.25;g5976;-0.02;0.2;0.28;0.33;-0.21;0.07;-0.14;g5976;-0.42;0.07;0.09;0.3;0.09;-0.22;0.07
g6000;-0.26;-0.01;0.06;-0.28;-0.01;-0.12;-0.2;g6000;-0.53;-0.02;0.68;0.12;0.59;0.27;-0.13;g6000;0.25;0.42;0.2;-0.17;-0.87;0.1;-0.72;g6000;0.02;0.27;-0.27;0.22;-0.04;-0.28;-0.1
g6022;-0.34;0;0.16;0.14;0;0.19;-0.26;g6022;-0.33;-0.14;0.22;0.41;0.18;0.19;1.58;g6022;-0.31;-1.24;0.58;0.55;0.81;0.34;0.25;g6022;-0.04;0.19;-0.45;0.06;-0.08;-0.26;0.07
g6046;-0.13;0.13;0.13;-0.21;-0.06;0.02;-0.06;g6046;0.26;0.29;-1.13;-0.33;0.23;-0.48;0.58;g6046;0.09;0.02;-0.15;0.03;-0.04;-0.24;0;g6046;-0.13;0.24;-0.35;0.17;0.2;-0.15;0.1
g6054;0.12;0.12;-0.22;-0.3;-0.12;-0.2;-0.2;g6054;-0.21;-0.09;-0.04;0.66;0.06;-0.94;0.12;g6054;-0.15;-0.25;0.14;-0.23;-0.62;-0.23;-0.17;g6054;-0.14;0.12;0.02;0.04;0.04;-0.12;-0.07
g6068;0.34;0;0.01;-0.19;0.35;-0.1;0;g6068;-0.25;-0.57;0.23;0.5;0;0.31;0;g6068;0.3;-0.06;0.27;0.05;-0.3;0.13;-0.2;g6068;0.3;-0.28;-0.01;-0.3;0.12;-0.97;-0.48
